id,cidade_fb,uf_resolvida
1,Moreira Sales,PR
2,Campo Mourão,PR
3,Tuneiras do Oeste,PR
4,Campo Mourão,PR
5,Campo Mourão,PR
6,Campo Mourão,PR
7,Campo Mourão,PR
8,Campo Mourão,PR
9,Bombinhas,SC
10,Bocaiúva do Sul,PR
11,Bombinhas,SC
12,Campo Mourão,PR
13,Peabiru,PR
14,Vila Propício,GO
15,Araruna,PR
16,Brejo São Mateus,GO
17,Campo Mourão,PR
18,Brejo São Mateus,GO
19,Campo Mourão,PR
20,Engenheiro Beltrão,PR
21,Palmeira,PR
22,Peabiru,PR
23,Farol,PR
24,Cianorte,PR
25,Campo Mourão,PR
27,Campina da Lagoa,PR
28,Campo Mourão,PR
29,Vila Propício,GO
30,Santa Quitéria do Maranhão,MA
31,Boa Esperança,MG
32,Boa Esperança,MG
33,Colinas do Sul,GO
34,Vila Propício,GO
35,Colinas do Sul,GO
36,Morretes,PR
37,Correntina,BA
38,Jandaia do Sul,PR
39,Morretes,PR
40,Luiziana,PR
41,Piraquara,PR
42,Curitiba,PR
43,Pitanga,PR
44,São Pedro do Ivaí,PR
45,Campo Mourão,PR
46,Peabiru,PR
47,Guarapuava,PR
48,Campo Mourão,PR
49,Morretes,PR
50,Campo Mourão,PR
51,Lidianópolis,PR
52,Moreira Sales,PR
53,Campo Mourão,PR
54,Porto Rico,PR
55,Engenheiro Beltrão,PR
56,Campo Mourão,PR
57,Campo Mourão,PR
58,Brasília,DF
59,Pontal do Paraná,PR
60,Pontal do Paraná,PR
61,Campo Alegre,SC
62,Pitanga,PR
63,Campo Mourão,PR
64,Vera Cruz do Oeste,PR
65,Farol,PR
66,Campo Mourão,PR
67,Pontal do Paraná,PR
68,Boa Esperança,MG
69,Janiópolis,PR
70,Janiópolis,PR
71,Campo Mourão,PR
72,Ubiratã,PR
73,Campo Mourão,PR
74,Guaraqueçaba,PR
75,Corumbataí do Sul,PR
76,São Francisco de Paula,RS
77,Riozinho,RS
78,Maquiné,RS
79,Florianópolis,SC
80,Bombinhas,SC
81,Vera Cruz do Oeste,PR
82,Itanhaém,SP
83,Itaju,SP
84,Curitiba,PR
85,Campo Mourão,PR
86,Brasília,DF
87,Colinas do Sul,GO
88,Brasília,DF
89,Colinas do Sul,GO
90,Itaquiraí,MS
91,Piraquara,PR
92,Tuneiras do Oeste,PR
93,Quatro Barras,PR
94,Pitanga,PR
95,Luiziana,PR
96,Mamborê,PR
97,Corumbataí do Sul,PR
98,Corumbataí do Sul,PR
99,Flores de Goiás,GO
100,Loanda,PR
101,Goioerê,PR
102,Campo Mourão,PR
103,Céu Azul,PR
104,Engenheiro Beltrão,PR
105,Janiópolis,PR
106,Campo Mourão,PR
107,Campina Grande do Sul,PR
108,Morretes,PR
109,Campina Grande do Sul,PR
110,Moreira Sales,PR
111,Campo Mourão,PR
112,Goioerê,PR
113,Engenheiro Beltrão,PR
114,Engenheiro Beltrão,PR
115,Goioerê,PR
116,Sapucaia,PA
117,Campo Mourão,PR
118,Engenheiro Beltrão,PR
119,Campina da Lagoa,PR
120,Mamborê,PR
121,Farol,PR
122,Roncador,PR
123,Porto Iguazú,MI
124,Peabiru,PR
125,Fênix,PR
126,Araruna,PR
127,Luiziana,PR
128,Peabiru,PR
129,Engenheiro Beltrão,PR
130,Marialva,PR
131,Telêmaco Borba,PR
132,Araruna,PR
133,Coronel Martins,SC
134,Roncador,PR
135,Campo Mourão,PR
136,Ubiratã,PR
137,Campo Mourão,PR
138,Janiópolis,PR
139,Luiziana,PR
140,Jaraguá do Sul,SC
141,Santo Antônio do Sudoeste,PR
142,Ubiratã,PR
143,Moreira Sales,PR
144,Araruna,PR
145,Francisco Beltrão,PR
146,Paiçandu,PR
147,Corumbataí do Sul,PR
148,Piraquara,PR
149,Piên,PR
150,Luiziana,PR
151,Teixeira Soares,PR
152,Adrianópolis,PR
153,Foz do Iguaçu,PR
154,Campo Mourão,PR
155,Medianeira,PR
156,Jaguariaíva,PR
157,Campo Mourão,PR
158,Quinta do Sol,PR
159,Santa Isabel do Ivaí,PR
160,Parque Nacional de Ilha Grande,MS
161,Mamborê,PR
162,Pontal do Paraná,PR
163,Peabiru,PR
164,Campo Mourão,PR
165,Engenheiro Beltrão,PR
166,Foz do Iguaçu,PR
167,Ubiratã,PR
168,Campo Mourão,PR
169,Quarto Centenário,PR
170,Goioerê,PR
171,Luiziana,PR
172,Mangueirinha,PR
173,Campo Mourão,PR
175,Adrianópolis,PR
176,Araruna,PR
177,Ponta Grossa,PR
179,São José dos Pinhais,PR
180,Cavalcante,GO
181,Campo Mourão,PR
182,Moreira Sales,PR
183,Antonina,PR
184,Arinos,MG
185,Brasília,DF
186,Brasília,DF
187,Campo Mourão,PR
188,Cianorte,PR
189,Cianorte,PR
190,Cristália,MG
191,Joaquim Felício,MG
192,Atibaia,SP
193,Almas,TO
194,Campo Mourão,PR
195,Lapa,PR
196,Turvo,PR
197,Santa Luzia,BA
198,Mamborê,PR
199,Iretama,PR
200,Pitanga,PR
201,Campo Mourão,PR
202,Goioerê,PR
203,Goioerê,PR
204,Ribeirão do Pinhal,PR
205,Farol,PR
206,Barbosa Ferraz,PR
207,Dourados,MS
208,Paranaguá,PR
209,Farol,PR
210,Atibaia,SP
211,Campo Mourão,PR
212,Janiópolis,PR
213,Peabiru,PR
214,Janiópolis,PR
215,Cornélio Procópio,PR
216,Medianeira,PR
217,Engenheiro Beltrão,PR
218,Cerro Azul,PR
219,Tuneiras do Oeste,PR
220,Bombinhas,SC
221,Paranaguá,PR
222,Araruna,PR
223,Toledo,PR
224,Farol,PR
225,Mata de São João,BA
226,Campina da Lagoa,PR
227,Boa Esperança,PR
228,Mamborê,PR
229,Arapoti,PR
230,Loanda,PR
231,Cianorte,PR
232,Maringá,PR
233,Terra Roxa,PR
234,Campo Mourão,PR
235,Quinta do Sol,PR
236,Presidente Castelo Branco,PR
237,Moreira Sales,PR
238,Goioerê,PR
239,Araruna,PR
240,Campo Mourão,PR
241,Campo Mourão,PR
242,Campina Grande do Sul,PR
243,Janiópolis,PR
244,Araruna,PR
245,Almas,TO
246,Jaguariaíva,PR
247,Araruna,PR
248,Campina da Lagoa,PR
249,Pirenópolis,GO
250,Alto Palmital,PR
251,Maringá,PR
252,Cianorte,PR
253,Guaratuba,PR
254,Cavalcante,GO
255,São José dos Pinhais,PR
256,Engenheiro Beltrão,PR
257,Corumbataí do Sul,PR
258,Maringá,PR
259,Guarapuava,PR
260,Fênix,PR
261,Moreira Sales,PR
262,Campo Mourão,PR
263,Goiânia,GO
264,Peabiru,PR
265,Campo Mourão,PR
266,Mamborê,PR
267,Batayporã,MS
268,Peabiru,PR
269,Itaquiraí,MS
270,Jacarezinho,PR
271,Mirandópolis,SP
272,Bombinhas,SC
273,Cavalcante,GO
274,Teresina de Goiás,GO
275,Arroio Grande,RS
276,Colinas do Sul,GO
277,Telêmaco Borba,PR
278,Campo Mourão,PR
279,Atibaia,SP
280,Cavalcante,GO
281,Goianápolis,GO
282,Roncador,PR
284,Tijucas do Sul,PR
285,Ponta Grossa,PR
286,Sapucaia,PA
287,Corumbataí do Sul,PR
288,Bourbonia,PR
289,Bourbônia,PR
290,Luiziana,PR
291,Boa Esperança,MG
292,Nova Tebas,PR
293,Imbaú,PR
294,Corumbataí do Sul,PR
295,Corumbataí do Sul,PR
296,Quatro Barras,PR
297,Farol,PR
298,Peabiru,PR
299,Teresina de Goiás,GO
300,Niquelândia,GO
301,Teresina de Goiás,GO
302,Engenheiro Beltrão,PR
303,Campo Mourão,PR
304,Brasília,DF
305,Pico do Itacolomi,MG
306,Bocaiúva do Sul,PR
307,Uberlândia,MG
308,Cavalcante,GO
309,Cavalcante,GO
310,Jaraguá do Sul,SC
311,Jacarezinho,PR
312,Cavalcante,GO
313,Peabiru,PR
314,Campo Mourão,PR
315,Boa Esperança,PR
316,Jaraguá do Sul,SC
317,Cruzeiro do Oeste,PR
318,Goioerê,PR
319,Guaraqueçaba,PR
321,Aquidauana,MS
322,Jundiaí do Sul,PR
323,Palmeira,PR
324,Ponta Grossa,PR
325,Francisco Dumont,MG
326,Curitiba,PR
327,Piraquara,PR
328,Antonina,PR
329,Congonhas do Norte,MG
330,Balsa Nova,PR
331,Palmeira,PR
332,Candói,PR
333,Antonina,PR
334,Foz do Iguaçu,PR
335,Tibagi,PR
336,Morretes,PR
337,Balsa Nova,PR
338,Urubici,SC
339,Adrianópolis,PR
340,Pontal do Paraná,PR
341,Curitiba,PR
342,Joaquim Felício,MG
343,Bocaiúva do Sul,PR
344,Tibagi,PR
345,Conceição da Barra,ES
346,Lapa,PR
347,Guaraqueçaba,PR
348,Bocaiúva do Sul,PR
349,Porto Amazonas,PR
350,Guaratuba,PR
351,Jaguariaíva,PR
352,Garuva,PR
353,Apiaí,SP
354,Bonito,MS
355,Antonina,PR
356,Barra do Turvo,SP
357,Bocaiúva do Sul,PR
358,Laranjeiras do Sul,PR
359,Guaraqueçaba,PR
360,Aquidauana,MS
361,Mocambinho,BA
362,Curitiba,PR
363,Macaúbas,BA
364,Frutal,MG
365,Campina Grande do Sul,PR
366,São Joaquim,SC
367,Fênix,PR
368,Palotina,PR
369,Tunas do Paraná,PR
370,Campo Magro,PR
371,Quatro Barras,PR
372,Jundiaí do Sul,PR
373,Balsa Nova,PR
374,Curitiba,PR
375,Bonito,MS
376,Janaúba,MG
377,Itaperuçu,PR
378,Campo Largo,PR
379,Adrianópolis,PR
380,Campina Grande do Sul,PR
381,Tanque Novo,BA
382,Palmeira,PR
383,Urandi,BA
384,Catalão,GO
385,Macaúbas,BA
386,Palmeira,PR
387,João Pinheiro,MG
388,Laguna,SC
389,Paranaguá,PR
390,Bocaiúva do Sul,PR
391,Doutor Ulysses,PR
392,Curitiba,PR
393,Antonina,PR
394,Joaquim Felício,MG
395,Bonito,MS
396,Guaratuba,PR
397,Guaratuba,PR
398,Tijucas do Sul,PR
399,Garuva,SC
400,Garuva,SC
401,Piraquara,PR
402,Garuva,SC
403,Palmas,PR
404,Urubici,SC
405,Pericó,SC
406,Apiúna,SC
407,Garuva,SC
408,Doutor Ulysses,PR
409,Colombo,PR
410,São Mateus do Sul,PR
411,Grão Pará,SC
412,Ponta Grossa,PR
413,Aquidauana,MS
414,Pontal do Paraná,PR
415,Guaraqueçaba,PR
416,Bocaiúva do Sul,PR
417,Conde,BA
418,Niquelândia,GO
419,São José dos Pinhais,PR
420,Bocaiúva do Sul,PR
421,São Joaquim,SC
422,Laguna,SC
423,Una,BA
424,Araruna,PR
425,Campo Mourão,PR
426,Imbituba,SC
427,Guaraí,TO
428,Campo Mourão,PR
429,Inácio Martins,PR
430,Barbosa Ferraz,PR
431,Campo Mourão,PR
432,Santo Antônio do Caiuá,PR
433,Campo Mourão,PR
434,Campo Mourão,PR
435,Piraquara,PR
436,Vila Propício,GO
437,Balsa Nova,PR
438,Piraquara,PR
439,Colombo,PR
440,Brasília,DF
441,Brasília,DF
442,Cavalcante,GO
443,Cavalcante,GO
444,Curitiba,PR
445,Cocalzinho,GO
446,Antonina,PR
447,Mamborê,PR
448,Rosário do Ivaí,PR
449,Jaguariaíva,PR
450,Campo Mourão,PR
451,Ventania,PR
452,Cascavel,PR
453,Roncador,PR
454,Marília,SP
455,Campo Mourão,PR
457,Porto Amazonas,PR
458,Itajai,SC
459,Campo Alegre,SC
460,Mamborê,PR
461,Campo Mourão,PR
462,Ponta Grossa,PR
463,Boa Esperança,MG
464,Ventania,PR
465,Antônio João,MS
466,Campo Mourão,PR
467,Campo Mourão,PR
468,Colinas do Sul,GO
469,Porto Murtinho,MS
470,Quinta do Sol,PR
471,Brasília,DF
472,Ilha Carióca,PR
473,Ilha Grande,MS
474,Porto Figueira,PR
475,Sapucaia,PA
476,Peabiru,PR
477,Moreira Sales,PR
478,Palmeira,PR
479,Curitiba,PR
480,Pirenópolis,GO
481,Peabiru,PR
482,Coronel Vivida,PR
483,Prudentópolis,PR
484,Atibaia,SP
485,Araruna,PR
486,Engenheiro Beltrão,PR
487,Jaguariaíva,PR
488,Jaguariaíva,PR
489,Paranaguá,PR
490,Vila Propício,GO
491,Cianorte,PR
492,Cianorte,PR
493,Iretama,PR
494,Alto Paraíso de Goiás,GO
495,Correntina,BA
496,Luiziana,PR
497,Mandaguari,PR
498,Roncador,PR
499,Porto Barreiro,PR
500,Santa Izabel do Oeste,PR
501,Boa Esperança,PR
502,Campo Mourão,PR
503,Moreira Sales,PR
504,Flórida,PR
505,Guaraniaçú,PR
506,São Mateus do Sul,PR
507,Antonina,PR
508,Porto Murtinho,MS
509,Antonina,PR
510,São Bento do Sul,SC
511,Guaratuba,PR
512,Curitiba,PR
513,Morretes,PR
514,Curitiba,PR
515,Macaúbas,BA
516,São José dos Ausentes,RS
517,Urubici,SC
518,Mamborê,PR
519,Itapemirim,ES
520,Rio Verde,MS
521,Antônio João,MS
522,Campo Largo,PR
523,Palmeira,PR
524,Timbé do Sul,SC
526,Itaperuçu,PR
527,Bonito,MS
528,Morretes,PR
529,Alto Paraíso de Goiás,GO
530,Ponta Porã,MS
531,Laguna,SC
532,Bela Vista,MS
533,Urubici,SC
534,Bodoquena,MS
535,Morretes,PR
536,Balsa Nova,PR
537,Porto Murtinho,MS
538,Guaraqueçaba,PR
539,Teixeira Soares,PR
540,Nova Tebas,PR
541,Bonito,MS
542,Campo Mourão,PR
543,Colinas do Sul,GO
544,Mamborê,PR
545,Itajaí,SC
546,São Pedro do Ivaí,PR
547,Paranaguá,PR
548,Almas,TO
549,Campo Mourão,PR
550,Santo Inácio,SP
551,Campo Mourão,PR
552,Cianorte,PR
553,Cianorte,PR
554,Cianorte,PR
555,Colinas do Sul,GO
556,Boa Esperança,MG
557,Cavalcante,GO
558,Vila Propício,GO
559,Grão Mogol,MG
560,Araruna,PR
561,Corumbá,MS
562,Corumbá,MS
563,Corumbá,MS
564,Corumbá,MS
565,Corumbá,MS
566,Pirenópolis,GO
567,Goioerê,PR
568,Cerro Azul,PR
569,Araruna,PR
570,Quatro Barras,PR
571,Cerro Azul,PR
572,Arapoti,PR
573,Santo Antônio do Sudoeste,PR
574,Rio Branco do Sul,PR
575,Araquari,SC
576,Janiópolis,PR
577,Formoso,MG
578,Miranda,MS
579,Miranda,MS
580,Miranda,MS
581,Miranda,MS
582,Campo Mourão,PR
584,Colinas do Sul,GO
585,São José dos Pinhais,PR
586,Bela Vista,MS
587,Cavalcante,GO
588,Alto Paraíso de Goiás,GO
589,Juranda,PR
590,Engenheiro Beltrão,PR
591,Bataguaçu,MS
592,Cuiabá,MT
593,Várzea Grande,MT
594,Cuiabá,MT
595,Cuiabá,MT
596,Poconé,MT
597,Brasilândia,MS
598,Novo Eldorado,MT
599,Anaurilândia,MS
600,São Félix do Araguaia,MT
601,SESC Pantanal,MT
602,Barão de Melgaço,MT
603,Barão de Melgaço,MT
604,Barão de Melgaço,MT
605,Vila Bela da Santíssima Trindade,MT
606,Acorizal,MT
607,Poconé,MT
608,Rosário Oeste,MT
609,Rosário Oeste,MT
610,Barão de Melgaço,MT
611,Bataguaçu,MS
612,Nova Brasilândia,MT
613,Campo Verde,MT
614,Barão de Melgaço,MT
615,estrada da Cascata-Água Boa.,MT
616,Barão de Melgaço,MT
617,Chapada dos Guimarães,MT
618,Nobres,MT
619,Bataguaçu,MS
620,Apiácas,MT
621,Chapada dos Guimarães,MT
622,Campo Mourão,PR
623,Janiópolis,PR
624,Goioerê,PR
625,Lapa,PR
626,Janiópolis,PR
627,Campo Mourão,PR
628,Curitiba,PR
629,Grão Mogol,MG
630,Campo Mourão,PR
631,Porto Figueira,PR
632,Aquidauana,MS
633,Palmas,PR
634,Flores,GO
635,Flores,GO
636,Umuarama,PR
637,Campo Mourão,PR
638,Ubiratã,PR
639,Florianópolis,SC
640,Foz do Iguaçu,PR
641,Pitanga,PR
642,Pitanga,PR
643,Moreira Sales,PR
644,Mamborê,PR
645,Pitanga,PR
646,Morretes,PR
647,Ponta Grossa,PR
648,Caetité,BA
649,Capitão Leônidas Marques,PR
650,Curitiba,PR
651,Tijucas do Sul,PR
652,Camaçari,BA
653,Campo Mourão,PR
654,Campina Grande do Sul,PR
655,Morretes,PR
656,Bocaiúva do Sul,PR
657,Santa Luzia,BA
658,Pitanga,PR
659,Porto Barreiro,PR
660,Iretama,PR
661,Carmo do Rio Claro,MG
662,Carmo do Rio Claro,MG
663,Carmo do Rio Claro,MG
664,Carmo do Rio Claro,MG
665,Ponta Grossa,PR
666,Ponta Grossa,PR
667,Arapoti,PR
668,Dois Vizinhos,PR
669,Ubiratã,PR
670,Nerópolis,GO
671,Luiziana,PR
672,Medianeira,PR
673,Ubiratã,PR
674,Campo Mourão,PR
675,Campo Mourão,PR
676,Pontal do Paraná,PR
677,Flores,GO
678,Almas,TO
679,Macaúbas,BA
680,Matinhos,PR
681,Campina Grande do Sul,PR
682,Padre Bernardo,GO
683,São Desidério,BA
684,Ibipeba,BA
685,Dois Vizinhos,PR
686,Ventania,PR
687,Campo Mourão,PR
688,Niquelândia,GO
689,Niquelândia,GO
690,Arinos,MG
691,Niquelândia,GO
692,Teresina de Goiás,GO
693,Niquelândia,GO
694,Campos Belos,GO
695,Farol,PR
696,Farol,PR
697,Farol,PR
698,Campo Mourão,PR
699,Campo Mourão,PR
700,Campo Mourão,PR
701,Tunas do Paraná,PR
702,Araruna,PR
703,Arinos,MG
704,Tuneiras do Oeste,PR
705,Caracol,MS
706,Luiziana,PR
707,Campo Mourão,PR
708,Campo Mourão,PR
709,Janiópolis,PR
710,Campo Mourão,PR
711,Foz do Iguaçú,PR
712,Ubiratã,PR
713,Goioerê,PR
714,Luiziana,PR
715,Curitiba,PR
716,Garuva,SC
717,Campo Largo,PR
718,Campo Mourão,PR
719,Romaria,MG
720,Cavalcante,GO
721,Lapa,PR
722,Tanque Novo,BA
723,Alto Paraíso-Cruzeiro,GO
724,Campo Mourão,PR
725,Campo Mourão,PR
726,Guaratuba,PR
727,Bonito,MS
728,Campo Alegre,SC
729,Peabiru,PR
730,Corumbataí do Sul,PR
731,Campo Mourão,PR
732,Oliveira dos Brejinhos,PR
733,Barra do Sul,SC
734,Lapa,PR
735,Engenheiro Beltrão,PR
736,São José dos Pinhais,PR
737,Goioerê,PR
738,Telêmaco Borba,PR
739,Campo Mourão,PR
740,Cocalzinho,GO
741,Corumbataí do Sul,PR
742,Campo Mourão,PR
743,Campo Magro,PR
744,Campina Grande do Sul,PR
745,Laranjeiras do Sul,PR
746,Campo Mourão,PR
747,Campo Largo,PR
748,Campo Magro,PR
749,Campo Magro,PR
750,Campo Magro,PR
751,Campo Magro,PR
752,Campo Mourão,PR
753,Campo Mourão,PR
754,Peabiru,PR
755,Engenheiro Beltrão,PR
756,Campo Mourão,PR
757,Bombinhas,SC
758,Bombinhas,SC
759,Bombinhas,SC
760,Bombinhas,SC
761,Bombinhas,SC
762,Bombinhas,SC
763,União da Vitória,PR
764,Porto União,SC
765,Porto Vitória,PR
766,Porto União,SC
767,União da Vitória,PR
768,Londrina,PR
769,Rancharia,SP
770,Guarapari,ES
771,Londrina,PR
772,Ventania,PR
773,Londrina,PR
774,Ibiporã,PR
775,Marialva,PR
776,São Gonçalo do Rio Abaixo,MG
777,Londrina,PR
778,Ventania,PR
779,Ventania,PR
780,Londrina,PR
781,Guaraqueçaba,PR
782,Londrina,PR
783,Ventania,PR
784,Londrina,PR
785,Tibagi,PR
786,Rancho Alegre,PR
787,Ventania,PR
788,Itararé,SP
789,São Jerônimo da Serra,PR
790,Londrina,PR
791,Londrina,PR
792,Londrina,PR
793,Londrina,PR
794,Londrina,PR
795,Londrina,PR
796,Ibiporã,PR
797,Rolândia,PR
798,São Jerônimo da Serra,PR
799,Arapongas,PR
800,São Jerônimo da Serra,PR
801,Porto Rico,PR
802,Santo Antônio do Paraíso,PR
803,Leópolis,PR
804,Porto Murtinho,MS
805,Porto Murtinho,MS
806,Porto Murtinho,MS
807,Coxim,MS
808,Campo Grande,MS
809,Costa Rica,MS
810,Campo Grande,MS
811,Chapadão do Sul,MS
812,Piraputanga,MS
813,Corumbá,MS
814,Porto Murtinho,MS
815,Porto Murtinho,MS
816,Porto Murtinho,MS
817,Porto Murtinho,MS
818,Porto Murtinho,MS
819,Porto Murtinho,MS
820,Corumbá,MS
821,Maracajú,MS
822,Campo Grande,MS
823,Corumbá,MS
824,Miranda,MS
825,Sonora,MS
826,Campo Grande,MS
827,Sidrolândia,MS
828,Aquidauana,MS
829,Rio Verde,MS
830,Campo Grande,MS
831,Alcinópolis,MS
832,Piraputanga,MS
833,Piraputanga,MS
834,Jardim,MS
835,Piraputanga,MS
836,Piraputanga,MS
837,Piraputanga,MS
838,Porto Murtinho,MS
839,Porto Murtinho,MS
840,Piraputanga,MS
841,Campo Grande,MS
842,Terenos,MS
843,Piraputanga,MS
844,São José dos Pinhais,PR
845,Miranda,MS
846,Campo Grande,MS
847,Chapadão do Sul,MS
848,Rio Negro,MS
849,Chapadão do Sul,MS
850,Campo Grande,MS
851,Campo Grande,MS
852,?,MS
853,Campo Grande,MS
854,Campo Grande,MS
855,Água Clara,MS
856,Jardim,MS
857,Aquidauana,MS
858,Campo Grande,MS
859,Corumbá,MS
860,Porto Murtinho,MS
861,Campo Grande,MS
862,Aquidauana,MS
863,Bonito,MS
864,Miranda,MS
865,Porto Murtinho,MS
866,Piraputanga,MS
867,Nioaque,MS
868,?,MS
869,Nioaque,MS
870,Porto Murtinho,MS
871,Bonito,MS
872,Porto Murtinho,MS
873,Nioaque,MS
874,Corumbá,MS
875,Campo Grande,MS
876,Aquidauana,MS
877,Miranda,MS
878,Campo Grande,MS
879,Corumbá,MS
880,Aquidauana,MS
881,Campo Grande,MS
882,Campo Grande,MS
883,Campo Mourão,PR
884,Campo Mourão,PR
885,Campo Mourão,PR
886,Corumbá,MS
887,Campo Grande,MS
888,Corumbá,MS
889,Ubiratã,PR
890,Ubiratã,PR
891,Nova Aurora,PR
892,Luiziana,PR
893,Ubiratã,PR
894,Campo Mourão,PR
895,Turvo,PR
896,Turvo,PR
897,Campo Mourão,PR
898,Jandaia do Sul,PR
899,Cianorte,PR
900,Nova Tebas,PR
901,Iretama,PR
902,Recursolândia,TO
903,Ponta Grossa,PR
904,Ponta Grossa,PR
905,Ponta Grossa,PR
906,Ponta Grossa,PR
907,Ponta Grossa,PR
908,Corumbá,MS
909,Luiziana,PR
910,Assis Chateaubriand,PR
911,Ponta Grossa,PR
912,Ponta Grossa,PR
913,Ponta Grossa,PR
914,Agudos do Sul,PR
915,Campina Grande do Sul,PR
916,Canela,RS
917,Venda Nova do Imigrante,ES
918,Buenópolis,MG
919,Vargem Bonita,SC
920,Aquidauana,MS
921,Alfredo Chaves,ES
922,Adrianópolis,PR
923,São Joaquim,SC
924,Urubici,SC
925,Garuva,SC
926,Porto Murtinho,MS
927,Bocaiúva do Sul,PR
928,Jaguariaíva,PR
929,Bonito,MS
930,Porto Murtinho,MS
931,Balsa Nova,PR
932,Guaraqueçaba,PR
933,Mandirituba,PR
934,Buritizeiro,MG
935,Doutor Ulysses,PR
936,Palmeira,PR
937,Mallet,PR
938,Bonito,MS
939,Porto Murtinho,MS
940,Campina Grande do Sul,PR
941,Jaguariaíva,PR
942,Jaguariaíva,PR
943,Jaíba,MG
944,Palmeira,PR
945,Antonina,PR
946,Conceição da Barra,BA
947,Guaratuba,PR
948,Palmeira,PR
949,Macaúbas,BA
950,Quatro Barras,PR
951,Lapa,PR
952,Campina Grande do Sul,PR
953,Miranda,MS
954,Alfredo Wagner,SC
955,Boquira,BA
956,Pontal do Paraná,PR
957,Milagres,BA
958,Piên,PR
959,Laguna,SC
960,Porto Murtinho,MS
961,Joaquim Felício,MG
962,Bonito,MS
963,Joaquim Felício,MG
964,Morretes,PR
965,Lages,SC
966,Macaúbas,BA
967,Adrianópolis,PR
968,Jaguariaíva,PR
969,Porteirinha,MG
970,Antonina,PR
971,Morretes,PR
972,Paranaguá,PR
973,Piraquara,PR
974,Buritizeiro,MG
975,Tunas do Paraná,PR
976,Piraquara,PR
977,Tijucas do Sul,PR
978,Mandirituba,PR
979,Adrianópolis,PR
980,Joaquim Felício,MG
981,São Domingos,GO
982,Tijucas do Sul,PR
983,Capitão Leônidas Marques,PR
984,Diamantina,MG
985,Cristalina,GO
986,Carlos Chagas,MG
987,São Mateus do Sul,PR
988,Pontal do Paraná,PR
989,Guarapuava,PR
990,Tunas do Paraná,PR
991,Antonina,PR
992,Guaratuba,PR
993,Curitiba,PR
994,Guaraqueçaba,PR
995,Lapa,PR
996,Itaiópolis,SC
997,Lassance,MG
998,Urubici,SC
999,Patos de Minas,MG
1000,Jaguariaíva,PR
1001,Serranópolis de Minas,MG
1002,Lapa,PR
1003,Curitiba,PR
1004,Palmeira,PR
1005,Curitiba,PR
1006,Curitiba,PR
1007,Jaguariaíva,PR
1008,Ponta Grossa,PR
1009,Urubici,SC
1010,Urubici,SC
1011,Morretes,PR
1012,Morretes,PR
1013,Perdizes,MG
1014,Cerro Azul,PR
1015,Mateiros,TO
1016,Mateiros,TO
1017,Mateiros,TO
1018,Mateiros,TO
1019,Mateiros,TO
1020,Mateiros,TO
1021,Alvorada do Tocantins,TO
1022,Campo Mourão,PR
1023,Nova Esperança,PR
1024,Tuneiras do Oeste,PR
1025,Tuneiras do Oeste,PR
1026,Tuneiras do Oeste,PR
1027,Tibagi,PR
1028,Lábrea,AM
1029,Luiziana,PR
1030,Assis Chateaubriand,PR
1031,Colorado,PR
1032,Itaí,SP
1033,Itaí,SP
1034,Pinhalzinho,SC
1035,Umuarama,PR
1036,Chapada dos Guimarães,MT
1037,Campo Mourão,PR
1038,Japurá,PR
1039,América de Campos,SP
1040,Cascavel,PR
1041,Cândido de Abreu,PR
1042,Gaspar,SC
1043,Santa Helena,PR
1044,Cascavel,PR
1045,Apucarana,PR
1046,Paraguaçu Paulista,SP
1047,Campo Mourão,PR
1048,Centenário do Sul,PR
1049,Centenário do Sul,PR
1050,Centenário do Sul,PR
1051,Centenário do Sul,PR
1052,Peabiru,PR
1053,Peabiru,PR
1054,Arapongas,PR
1055,Sabáudia,PR
1056,Arapongas,PR
1057,Engenheiro Beltrão,PR
1058,Engenheiro Beltrão,PR
1059,Araruna,PR
1060,Araruna,PR
1061,Garuva,SC
1062,Barra Velha,SC
1063,Londrina,PR
1064,Sertaneja,PR
1065,Tibagi,PR
1066,Jundiaí,SP
1067,Iporanga,SP
1068,Castro,PR
1069,Reserva,PR
1070,Poconé,MT
1071,Curiúva,PR
1072,Tamarana,PR
1073,Sapopema,PR
1074,Iporanga,SP
1075,Arapongas,PR
1076,Bela Vista do Paraíso,PR
1077,Iporanga,SP
1078,Londrina,PR
1079,São Jerônimo da Serra,PR
1080,Londrina,PR
1081,Sapopema,PR
1082,Assaí,PR
1083,Guaraqueçaba,PR
1084,Sertanópolis,PR
1085,Tamarana,PR
1086,Sapopema,PR
1087,Londrina,PR
1088,Ibiporã,PR
1089,Ventania,PR
1090,Teixeira Soares,PR
1091,Londrina,PR
1092,Londrina,PR
1093,Primeiro de Maio,PR
1094,Londrina,PR
1095,São Jerônimo da Serra,PR
1096,Primeiro de Maio,PR
1097,Rolândia,PR
1098,Londrina,PR
1099,Ortigueira,PR
1100,Londrina,PR
1101,Curiúva,PR
1102,Teixeira Soares,PR
1103,Londrina,PR
1104,Londrina,PR
1105,Ibiporã,PR
1106,Londrina,PR
1107,Londrina,PR
1108,Sertanópolis,PR
1109,Arapongas,PR
1110,Cambé,PR
1111,Londrina,PR
1112,Londrina,PR
1113,Carambeí,PR
1114,Assaí,PR
1115,Ortigueira,PR
1116,Jataizinho,PR
1117,Primeiro de Maio,PR
1118,Ibiporã,PR
1119,Jataizinho,PR
1120,Tibagi,PR
1121,Ipiranga,PR
1122,Londrina,PR
1123,Ibiporã,PR
1124,Tibagi,PR
1125,Tamarana,PR
1126,Teixeira Soares,PR
1127,Jaguariaíva,PR
1128,Londrina,PR
1129,Paranaguá,PR
1130,Lupionópolis,PR
1131,Ibiporã,PR
1132,Mauá da Serra,PR
1133,Arapongas,PR
1134,Tuneiras do Oeste,PR
1135,Tuneiras do Oeste,PR
1136,Guia Lopes da Laguna,MS
1137,Jardim,MS
1138,Balsa Nova,PR
1139,Balsa Nova,PR
1140,Guaratuba,PR
1141,Tijucas do Sul,PR
1142,Tuneiras do Oeste,PR
1143,Tuneiras do Oeste,PR
1144,Cambé,PR
1145,Ortigueira,PR
1146,Tibagi,PR
1147,Sertanópolis,PR
1148,Londrina,PR
1149,Sertanópolis,PR
1150,Ibiporã,PR
1151,São Jerônimo da Serra,PR
1152,Leópolis,PR
1153,Londrina,PR
1154,Batayporã,MS
1155,Cornélio Procópio,PR
1156,Cornélio Procópio,PR
1157,Reserva,PR
1158,Formosa do Oeste,PR
1159,Nova Fátima,PR
1160,Laranjeiras do Sul,PR
1161,Jussara,PR
1162,Reserva,PR
1163,Maringá,PR
1164,Iguaraçu,PR
1165,Godoy Moreira,PR
1166,Sabaudia,PR
1167,Sabaudia,PR
1168,Sabaudia,PR
1169,Corbélia,PR
1170,Mogi das Cruzes,SP
1171,Corbélia,PR
1172,Mogi das Cruzes,SP
1173,Astorga,PR
1174,Santa Helena,PR
1175,Santa Helena,PR
1176,Nova Esperança,PR
1177,Maringá,PR
1178,Seara,SC
1179,Assis,SP
1180,Assis Chateaubriand,PR
1181,Mariluz,PR
1182,Balneário Camboriu,SC
1183,Sabaudia,PR
1184,Sabaudia,PR
1185,Sabaudia,PR
1186,Assis Chateaubriand,PR
1187,Balneário Camboriu,SC
1188,Balneário Camboriu,SC
1189,Balneário Camboriu,SC
1190,Sabaudia,PR
1191,Jardim,MS
1192,Campina Grande do Sul,PR
1193,Campina Grande do Sul,PR
1194,Campina Grande do Sul,PR
1195,Guaratuba,PR
1196,Guaratuba,PR
1197,Campina Grande do Sul,PR
1198,Renascença,PR
1199,Douradina,PR
1200,Douradina,PR
1201,Ariquemes,RO
1202,Ariquemes,RO
1203,Ilha Floresta,MS
1204,Pariquera-Açu,SP
1205,Cananéia,SP
1207,Ilha Comprida,SP
1208,Pariquera-Açu,SP
1209,Pontal do Paraná,PR
1210,Pontal do Paraná,PR
1211,Tuneiras do Oeste,PR
1212,Doutor Ulysses,PR
1213,Poconé,MT
1214,Campo Verde,MT
1215,Barra dos Bugres,MT
1216,Poconé,MT
1217,Chapada dos Guimarães,MT
1218,Sinop,MT
1219,Barão de Melgaço,MT
1220,Poconé,MT
1221,Cáceres,MT
1222,Nova Marilândia,MT
1223,Nova Marilândia,MT
1224,Porto Estrela,MT
1225,Nossa Senhora do Livramento,MT
1226,Cáceres,MT
1227,Poconé,MT
1228,Nova Marilândia,MT
1229,Poconé,MT
1230,Rosário Oeste,MT
1231,Poconé,MT
1232,Claudia,MT
1233,Cuiabá,MT
1234,Nova Marilândia,MT
1235,Poconé,MT
1236,Poconé,MT
1237,Nova Marilândia,MT
1238,Poconé,MT
1239,Claudia,MT
1240,Sinop,MT
1241,Cuiabá,MT
1242,Poconé,MT
1243,Cuiabá,MT
1244,Nova Marilândia,MT
1245,Barão de Melgaço,MT
1246,Campo Verde,MT
1247,Poconé,MT
1248,Nova Marilândia,MT
1249,Claudia,MT
1250,Cuiabá,MT
1251,Campo Verde,MT
1252,Tapurah,MT
1253,Poconé,MT
1254,Cuiabá,MT
1255,Barão de Melgaço,MT
1256,Rosário Oeste,MT
1257,Estrela do Norte,SP
1258,Ponta Grossa,PR
1259,Rio Branco do Sul,PR
1260,Itapecerica da Serra,SP
1261,Cotia,SP
1262,Mairinque,SP
1263,Ponta Grossa,PR
1264,Matinhos,PR
1265,Campo Magro,PR
1266,Rio Branco do Sul,PR
1267,Curitiba,PR
1268,Campo Magro,PR
1269,Vargem Bonita,SC
1270,Vargem Bonita,SC
1271,Bituruna,PR
1272,São Paulo,SP
1273,Guarapuava,PR
1274,Herval,RS
1276,Campina Grande do Sul,PR
1277,Xanxerê,SC
1278,Cascavel,PR
1279,Carmópolis de Minas,MG
1280,Narandiba,SP
1281,Campina Grande do Sul,PR
1282,Vargem Bonita,SC
1283,Curitiba,PR
1284,Curitiba,PR
1285,Nova Friburgo,RJ
1286,Jaguariaíva,PR
1287,Foz do Iguaçu,PR
1288,São José do Barreiro,SP
1289,Três Lagoas,MS
1290,Miranda,MS
1291,Miranda,MS
1292,Tapurah,MT
1293,Cláudia,MT
1294,Tangará da Serra,MT
1295,Chapada dos Guimarães,MT
1296,Cuiabá,MT
1297,Cuiabá,MT
1298,Cláudia,MT
1299,Chapada dos Guimarães,MT
1300,Tangará da Serra,MT
1301,Campo Verde,MT
1303,Acorizal,MT
1304,Cuiabá,MT
1305,Santo Antônio do Leverger,MT
1306,Campo Verde,MT
1307,Cláudia,MT
1308,Barão de Melgaço,MT
1309,Barão de Melgaço,MT
1310,Chapada dos Guimarães,MT
1311,Acorizal,MT
1312,Cuiabá,MT
1313,Sinop,MT
1314,Poconé,MT
1315,Barão de Melgaço,MT
1316,Chapada dos Guimarães,MT
1317,Barão de Melgaço,MT
1318,Cuiabá,MT
1319,Acorizal,MT
1320,Cotriguaçu,MT
1321,Curupira,MT
1322,Aripuanã,MT
1323,Cuiabá,MT
1324,Cuiabá,MT
1325,Cláudia,MT
1326,Guarapuava,PR
1327,Sâo Vicente,SP
1330,Terra Roxa,PR
1333,Itatiaia,RJ
1334,Limeira,SP
1335,Almirante Tamandaré,PR
1336,Curitiba,PR
1337,Gouveia,MG
1338,Carambeí,PR
1339,São José dos Pinhais,PR
1340,Pontal do Paraná,PR
1341,Campo Largo,PR
1342,Curitiba,PR
1343,Almirante Tamandaré,PR
1344,São José dos Pinhais,PR
1345,Balsa Nova,PR
1346,Belo Horizonte,MG
1347,Chapadão do Lageado,SC
1348,Paranaguá,PR
1349,Itatiaia,RJ
1350,Chapada Diamantina,BA
1351,Baião,PA
1352,Santa Tereza,RS
1353,Pontal do Paraná,PR
1354,Itapema do Norte,SC
1355,São Francisco do Sul,SC
1356,Guarapuava,PR
1357,Guarapuava,PR
1358,Prudentópolis,PR
1359,Fênix,PR
1360,Rio Verde de Mato Grosso,MS
1362,Naviraí,MS
1363,Campo Grande,MS
1364,Naviraí,MS
1365,Nioaque,MS
1366,Corumbá,MS
1367,Corumbá,MS
1368,Corumbá,MS
1369,Rio Verde de Mato Grosso,MS
1370,Rio Verde de Mato Grosso,MS
1371,Rio Verde de Mato Grosso,MS
1372,Rio Verde de Mato Grosso,MS
1373,Rio Verde de Mato Grosso,MS
1374,Corumbá,MS
1375,Corumbá,MS
1376,Campo Grande,MS
1377,Campo Grande,MS
1378,Rio Verde de Mato Grosso,MS
1379,Corumbá,MS
1380,Corumbá,MS
1381,Corumbá,MS
1382,Corumbá,MS
1383,Campo Grande,MS
1384,Corumbá,MS
1385,Terenos,MS
1386,Corumbá,MS
1387,Corumbá,MS
1388,Corumbá,MS
1389,Sooretama,ES
1390,Barão de Melgaço,MT
1391,Barão de Melgaço,MT
1392,Rosário Oeste,MT
1393,Aripuanã,MT
1394,Barão de Melgaço,MT
1395,Cuiabá,MT
1396,Livramento,MT
1397,Poconé,MT
1398,São José do Couto,MT
1400,Cáceres,MT
1401,Vila Bela da Santíssima Trindade,MT
1402,Cáceres,MT
1403,Cáceres,MT
1404,Jaciara,MT
1405,Cuiabá,MT
1406,Rondonópolis,MT
1407,Juruena,MT
1408,Cáceres,MT
1409,Poconé,MT
1410,Santo Antônio do Leverger,MT
1411,Paranatinga,MT
1412,Sinop,MT
1413,Cuiabá,MT
1414,Cuiabá,MT
1415,Cuiabá,MT
1416,Cuiabá,MT
1417,Cuiabá,MT
1419,Cuiabá,MT
1420,Poconé,MT
1421,Cuiabá,MT
1422,Vila Bela da Santíssima Trindade,MT
1423,Rosário Oeste,MT
1424,Chapada dos Guimarães,MT
1425,Rondonópolis,MT
1426,Poconé,MT
1427,Tangará da Serra,MT
1428,Cáceres,MT
1429,São Tomé,PR
1430,Campo Mourão,PR
1431,Avanhandava,SP
1432,Assis,SP
1433,Avanhandava,SP
1434,Ponta Grossa,PR
1435,São José dos Pinhais,PR
1436,Cruz Machado,PR
1437,Reserva do Iguaçu,PR
1438,Joinville,SC
1439,Telêmaco Borba,PR
1440,Bituruna,PR
1441,Piraí do Sul,PR
1442,Campo Largo,PR
1443,Guaratuba,PR
1444,Ortigueira,PR
1445,União da Vitória,PR
1446,Maracaju,MS
1447,Maracaju,MS
1448,Ventania,PR
1449,Ventania,PR
1450,Ventania,PR
1451,Sengés,PR
1452,Kaloré,PR
1453,Primeiro de Maio,PR
1454,Caarapó,MS
1455,Corumbataí do Sul,PR
1456,Jaguariaíva,PR
1457,Jaguariaíva,PR
1458,Porto Rico,PR
1459,Taquarussu,MS
1460,Porto Rico,PR
1461,Jateí,MS
1462,Jateí,MS
1463,Porto Rico,PR
1464,Batayporã,MS
1465,Taquarussu,MS
1466,Taquarussu,MS
1467,Batayporã,MS
1468,Porto Rico,PR
1469,São Pedro do Paraná,PR
1470,São Pedro do Paraná,PR
1471,Marilena,PR
1472,Marilena,PR
1473,Porto Rico,PR
1474,Taquarussu,MS
1475,Batayporã,MS
1476,Iretama,PR
1477,Piraquara,PR
1478,Telêmaco Borba,PR
1479,Ortigueira,PR
1480,Ortigueira,PR
1481,Telêmaco Borba,PR
1482,Ponta Grossa,PR
1483,Morretes,PR
1484,Ortigueira,PR
1485,Ortigueira,PR
1486,Telêmaco Borba,PR
1487,Ortigueira,PR
1488,Ortigueira,PR
1489,Guaratuba,PR
1490,Valparaiso,SP
1491,Tibagi,PR
1492,Quatro Barras,PR
1493,Telêmaco Borba,PR
1494,Telêmaco Borba,PR
1495,Telêmaco Borba,PR
1496,Guaratuba,PR
1497,Telêmaco Borba,PR
1498,Telêmaco Borba,PR
1499,Ortigueira,PR
1500,Telêmaco Borba,PR
1501,Ortigueira,PR
1502,Telêmaco Borba,PR
1503,Ortigueira,PR
1504,Curitiba,PR
1505,São José dos Pinhais,PR
1506,Boa Ventura de São Roque,PR
1507,Curitiba,PR
1508,Ipira,SC
1509,Niterói,RJ
1510,Quatro Barras,PR
1511,Ipira,SC
1512,Ipira,SC
1513,Ortigueira,PR
1514,Telêmaco Borba,PR
1515,Telêmaco Borba,PR
1516,Telêmaco Borba,PR
1517,Piraí do Sul,PR
1518,São José dos Pinhais,PR
1519,Garuva,SC
1520,Palmeira,PR
1521,Piraí do Sul,PR
1522,Tijucas do Sul,PR
1523,Balsa Nova,PR
1524,Candelária,RS
1525,Guaíra,PR
1526,Blumenau,SC
1527,Dionísio Cerqueira,SC
1528,São Borja,RS
1529,Telêmaco Borba,PR
1530,Telêmaco Borba,PR
1531,Telêmaco Borba,PR
1532,Pontal do Paraná,PR
1533,União da Vitória,PR
1534,Tijucas do Sul,PR
1535,Telêmaco Borba,PR
1536,Tijucas do Sul,PR
1537,Guarapuava,PR
1538,São José dos Pinhais,PR
1539,São José dos PInhais,PR
1540,São José dos Pinhais,PR
1541,São José dos Pinhais,PR
1542,São José dos Pinhais,PR
1543,Telêmaco Borba,PR
1544,Brasília,DF
1545,Brasília,DF
1546,Arenópolis,GO
1547,Brasília,DF
1548,Caiapônia,GO
1549,Brasília,DF
1550,Mambaí,GO
1551,Montes Claros de Goiás,GO
1552,Novo Alegre,TO
1553,Conceição do Tocantins,TO
1554,Sandolândia,TO
1555,Formoso do Araguaia,TO
1556,Itapiratins,TO
1557,Darcinópolis,TO
1558,Araguatins,TO
1559,Araguatins,TO
1560,Correntina,BA
1561,Januária,MG
1562,Brejinho de Nazaré,TO
1563,Araguacema,TO
1564,Santa Maria do Tocantins,TO
1565,Gurupi,TO
1566,Dianópolis,TO
1567,Passos,MG
1568,Passos,MG
1569,Passos,MG
1570,Passos,MG
1571,São José da Barra,MG
1572,São José da Barra,MG
1573,Delfinópolis,MG
1574,Corumbataí do Sul,PR
1575,Campo Mourão,PR
1576,Ivailândia,PR
1577,Loanda,PR
1578,Jussara,PR
1579,Ivailândia,PR
1580,Irati,PR
1581,Glória de Dourados,MS
1582,Nova Alvorada do Sul,MS
1583,Glória de Dourados,MS
1584,Nova Alvorada do Sul,MS
1585,Nova Alvorada do Sul,MS
1586,Nova Alvorada do Sul,MS
1587,Campo Grande,MS
1588,Ladário,MS
1589,Nioaque,MS
1590,Ladário,MS
1591,Corumbá,MS
1592,Guaíba,RS
1593,Corumbá,MS
1594,Corumbá,MS
1595,Ladário,MS
1596,Caarapó,MS
1597,Tacuru,MS
1598,Ladário,MS
1599,Ladário,MS
1600,Corumbá,MS
1601,Corumbá,MS
1602,Corumbá,MS
1603,Cruz das Almas,BA
1604,Miranda,MS
1605,Corguinho,MS
1606,Guaíba,RS
1607,Campo Grande,MS
1608,Corumbá,MS
1609,Campo Grande,MS
1610,Três Lagoas,MS
1611,Sidrolândia,MS
1612,Encruzilhada,BA
1613,Encruzilhada,BA
1614,Divisópolis,MG
1615,Cananéia,SP
1616,Cananéia,SP
1617,Corumbataí do Sul,PR
1618,Tibagi,PR
1619,Campos do Jordão,SP
1620,Alto Paraíso de Goiás,GO
1621,Niquelândia,GO
1622,Niquelândia,GO
1623,Cristalina,GO
1624,Formoso,MG
1625,Brasília,DF
1626,Brasília,DF
1627,Formosa do Rio Preto,BA
1628,Niquelândia,GO
1629,Corumbá de Goiás,GO
1630,Marliéria,MG
1631,Brasília,DF
1632,Brasília,DF
1633,Brasília,DF
1634,Brasília,DF
1635,Buritis,MG
1636,Corumbá de Goiás,GO
1637,Buritis,MG
1638,Nova Roma,GO
1639,Niquelândia,GO
1640,Brasília,DF
1641,Brasília,DF
1642,Cavalcante,GO
1643,Brasília,DF
1644,Brasília,DF
1645,Cocos,BA
1646,Formosa,GO
1647,Campo Largo,PR
1648,São Domingos,GO
1649,São Martinho da Serra,RS
1650,Barra do Quaraí,RS
1651,Caçapava do Sul,RS
1652,Morretes,PR
1653,Curitiba,PR
1654,Campo Largo,PR
1655,Paranaguá,PR
1656,Matinhos,PR
1657,Ponta Grossa,PR
1658,Balsa Nova,PR
1659,Itapoá,SC
1660,Guaratuba,PR
1661,Ponta Grossa,PR
1662,Campina Grande do Sul,PR
1663,Morretes,PR
1664,Piraí do Sul,PR
1665,Colombo,PR
1666,São Francisco do Sul,SC
1667,Campina Grande do Sul,PR
1668,Morretes,PR
1669,Candói,PR
1670,Antonina,PR
1671,São José dos Pinhais,PR
1672,Palmas,PR
1673,Morretes,PR
1674,Quatro Barras,PR
1675,Adrianópolis,PR
1676,Guaratuba,PR
1677,Campina Grande do Sul,PR
1678,Morretes,PR
1679,Irati,PR
1680,Matinhos,PR
1681,Curitiba,PR
1682,Curitiba,PR
1683,Foz do Areia,PR
1684,Lages,SC
1685,Campo Mourão,PR
1686,Morretes,PR
1687,Morretes,PR
1688,Paranaguá,PR
1689,Fernandes Pinheiro,PR
1690,Bocaiúva do Sul,PR
1691,Irati,PR
1692,Tunas do Paraná,PR
1693,Morretes,PR
1694,Arapoti,PR
1695,Morretes,PR
1696,Antonina,PR
1697,Paranaguá,PR
1698,Pontal do Paraná,PR
1699,Guaratuba,PR
1700,São Francisco do Sul,PR
1701,Paranaguá,PR
1702,Antonina,PR
1703,Imbituba,SC
1704,Campo Mourão,PR
1705,Mamborê,PR
1706,Imbituba,SC
1707,Mandaguaçu,PR
1708,Mandaguaçu,PR
1709,Nova Aurora,PR
1710,Mandaguaçu,PR
1711,Iguatemi,PR
1712,Campo Mourão,PR
1713,Cáceres,MT
1714,Corumbá,MS
1717,Córrego do Retiro,MT
1718,Diamantino,MT
1719,Diamantino,MT
1720,Diamantino,MT
1721,Poconé,MT
1722,Novo Santo Antônio,MT
1723,Jaciara,MT
1724,Novo Santo Antônio,MT
1725,Novo Santo Antônio,MT
1726,Novo Santo Antônio,MT
1727,Poconé,MT
1728,Cuiabá,MT
1729,Poconé,MT
1730,Cotriguaçu,MT
1731,Cuiabá,MT
1732,Cuiabá,MT
1733,Nova Marilândia,MT
1734,Pitanga,PR
1735,Paraíso do Norte,PR
1736,Guaraqueçaba,PR
1737,Guaraqueçaba,PR
1738,Guaraqueçaba,PR
1739,Guaraqueçaba,PR
1740,Fênix,PR
1741,Cianorte,PR
1742,Cerro Azul,PR
1743,Guaratuba,PR
1744,Piraquara,PR
1745,Rio Branco do Sul,PR
1746,Guaratuba,PR
1747,Piraquara,PR
1748,Cerro Azul,PR
1749,Cerro Azul,PR
1750,Coronel Domingos Soares,PR
1751,Garuva,PR
1752,Jundiaí do Sul,PR
1753,Verdelândia,MG
1754,São Jorge d'Oeste,PR
1755,Paulo Frontin,PR
1756,Monte Alegre de Goiás,GO
1757,Jundiaí do Sul,PR
1758,Campina Grande do Sul,PR
1759,Campina Grande do Sul,PR
1760,São Miguel das Matas,BA
1761,Ponta Grossa,PR
1762,Londrina,PR
1763,Água Doce,SC
1764,Guaraqueçaba,PR
1765,Curitiba,PR
1766,Adrianópolis,PR
1767,Valparaíso,SP
1768,Valparaíso,SP
1769,Ilha Solteira,SP
1770,São José dos Pinhais,PR
1771,Rio Verde de Mato Grosso,MS
1772,Jequitaí,MG
1773,Urubici,SC
1774,Palmas,PR
1775,Aquidauana,MS
1776,São Domingos,GO
1777,Buenópolis,MG
1778,Santa Filomena,PI
1779,Palmas,PR
1780,Garuva,SC
1781,Buritizeiro,MG
1782,Esmeralda,RS
1783,Caxias do Sul,RS
1784,Alto Parnaíba,MA
1785,Caxias do Sul,RS
1786,Nova Venécia,ES
1787,Blumenau,SC
1788,Piemonte da Diamantina,BA
1789,Piemonte da Diamantina,BA
1790,Raso da Catarina,BA
1791,Tibagi,PR
1794,Lima Duarte,MG
1795,Jaguariaíva,PR
1797,Elísio Medrado,BA
1800,Paulo Lopes,SC
1802,Venda Nova do Imigrante,ES
1803,Mafra,SC
1804,Apucarana,PR
1810,Antônio Carlos,MG
1824,Alto Parnaíba,MA
1825,Teresópolis,RJ
1826,Garuva,PR
1827,Piraquara,PR
1828,Tijucas do Sul,PR
1829,São José dos Pinhais,PR
1830,Balneário Camboriú,SC
1831,Ponte Alta do Tocantins,TO
1832,Paula Freitas,PR
1833,Ponta Grossa,PR
1834,Palmeira,PR
1835,Joinville,SC
1836,Quatro Barras,PR
1837,São Mateus do Sul,PR
1838,Campina da Lagoa,PR
1839,Guaraqueçaba,PR
1840,Palmas,PR
1841,Cáceres,MT
1842,Diamantina,MG
1843,Japonvar,MG
1844,Brotas,SP
1845,Loanda,PR
1846,Aquidauana,MS
1847,Vila Bela da Santíssima Trindade,MT
1848,Porto Murtinho,MS
1849,Candói,PR
1850,Vila Bela da Santíssima Trindade,MT
1851,Porto Murtinho,MS
1852,Foz do Iguaçu,PR
1853,Vilhena,RO
1854,Coxim,MS
1855,Caracol,MS
1856,São Mateus do Sul,PR
1858,Tijucas do Sul,PR
1859,Campo Alegre,SC
1860,Cajati,SP
1861,Ponta Grossa,PR
1862,Buenópolis,MG
1863,Conceição da Barra,ES
1864,Urubici,SC
1865,Bonito,MS
1866,Campina Grande do Sul,PR
1867,Caetité,BA
1868,Várzea da Palma,MG
1869,Reserva do Cabaçal,MT
1873,São Joaquim,SC
1874,Curitiba,PR
1876,Belém,PA
1878,Palotina,PR
1879,Lavras do Sul,RS
1880,Juiz de Fora,MG
1881,Francisco Dumont,MG
1882,Céu Azul,PR
1883,São João Del Rey,MG
1884,Miranda,MS
1885,Nova LIma,MG
1886,Lima Duarte,MG
1887,Piraí do Sul,PR
1888,General Carneiro,PR
1889,Candói,PR
1890,São José dos Ausentes,RS
1891,Porto Vitória,PR
1892,Guaraqueçaba,PR
1893,Três Barras do Paraná,PR
1894,Mucugê,BA
1895,Monte Belo do Sul,RS
1896,Alagoa,MG
1897,Macaúbas,BA
1898,Jaguariaíva,PR
1899,Barroso,MG
1900,Guaraniaçu,PR
1901,Bocaiúva do Sul,PR
1902,Porto Murtinho,MS
1903,Florianópolis,SC
1908,Guapimirim,RJ
1909,Subaúma,BA
1910,Monte Belo do Sul,RS
1911,Campina Grande do Sul.,PR
1912,Palmeira,PR
1913,Mucugê,BA
1915,Guaratuba,PR
1916,Caxias do Sul,RS
1917,Santo André,SP
1919,Medina,MG
1920,Mucugê,BA
1921,São Gonçalo do Rio Preto,MG
1922,Canavieiras,BA
1923,Curitiba,PR
1924,Santa Maria do Oeste,PR
1925,Itatiaia,RJ
1926,Juiz de Fora,MG
1927,Lima Duarte,MG
1928,Balneário Camboriú,SC
1929,Palmeira,PR
1930,Iporã do Oeste,SC
1931,Vitor Meireles,SC
1932,Antonina,PR
1933,Itu,SP
1934,Lima Duarte,MG
1935,Aquidauana,MS
1936,Porto Murtinho,MS
1937,Adrianópolis,PR
1938,Buenópolis,MG
1939,Miranda,MS
1940,Caracol,MS
1941,Laguna,SC
1942,Urubici,SC
1943,São Joaquim,SC
1944,Grão Pará,SC
1945,Guaratuba,PR
1946,Iaçu,BA
1947,Vitória da Conquista,BA
1948,Guaraqueçaba,PR
1949,Garuva,SC
1950,Porto Murtinho,MS
1951,Dom Bosco,MG
1952,Datas,MG
1953,Miranda,MS
1954,Santa Filomena,PI
1955,Mirandópolis,SP
1956,Campo Largo,PR
1957,Piraquara,PR
1971,Bandeirantes,PR
1972,Tibagi,PR
1973,Vilhena,RO
1974,Vilhena,RO
1975,Cabixi,RO
1976,Cabixi,RO
1978,Rio Verde de Mato Grosso,MS
1979,Campo Mourão,PR
1980,Fênix,PR
1981,Fênix,PR
1982,Loanda,PR
1983,Manoel Ribas,PR
1984,Paraíso do Norte,PR
1985,Loanda,PR
1986,Fênix,PR
1987,Fênix,PR
1988,Ortigueira,PR
1989,Tamarana,PR
1990,Ortigueira,PR
1991,Ortigueira,PR
1992,Ortigueira,PR
1993,Ortigueira,PR
1994,Ortigueira,PR
1995,Ortigueira,PR
1996,Pelotas,RS
1997,Turuçu,RS
1998,Manoel Viana,RS
1999,Xavantina,SC
2000,Caçapava do Sul,RS
2001,Porto Xavier,RS
2002,Porto Lucena,RS
2003,Mariópolis,PR
2004,São Francisco de Assis,RS
2005,Morrinhos do Sul,RS
2006,Guaíba,RS
2007,Quaraí,RS
2008,Rio Bonito do Iguaçu,PR
2009,Engenheiro Beltrão,PR
2010,Laranjal,PR
2011,Quarto Centenário,PR
2012,Saudade do Iguaçu,PR
2013,Coronel Vivida,PR
2014,Aratiba,RS
2015,Descanso,SC
2016,Flor da Serra do Sul,SC
2017,Catanduvas,PR
2018,Sâo Domingos,SC
2019,Harval do Sul,RS
2020,Itati,RS
2021,Assis Chateaubriand,PR
2022,Sant'Ana do Livramento,RS
2023,Uruguainana,RS
2024,Iporã do Oeste,SC
2025,Amaral Ferrador,RS
2026,São João,PR
2027,Lavras do Sul,RS
2028,Cascavel,PR
2029,Três Barras do Paraná,PR
2030,Ivorá,RS
2031,Maringá,PR
2032,Vicente Dutra,RS
2033,São Francisco de Assis,RS
2034,Nova Veneza,SC
2035,Francisco Beltrão,PR
2036,Altônia,PR
2037,São Jorge do Patrocínio,PR
2038,Porto Camargo,PR
2039,Campina Grande do Sul,PR
2040,Campina Grande do Sul,PR
2041,Campina Grande do Sul,PR
2042,Curitiba,PR
2043,Campina Grande do Sul,PR
2044,Campina Grande do Sul,PR
2045,Araucaria,PR
2046,Joinville,SC
2047,Curitiba,PR
2048,Piraquara,PR
2049,Guaraqueçaba,PR
2050,Guaraqueçaba,PR
2051,Campina Grande do Sul,PR
2052,Curitiba,PR
2053,Ponta Grossa,PR
2054,Campina Grande do Sul,PR
2055,Morretes,PR
2056,Morretes,PR
2057,São Francisco de Paula,RS
2058,Flores da Cunha,RS
2059,Passa Quatro,MG
2060,Antonina,PR
2061,Pinhão,PR
2062,Quatro Barras,PR
2063,Guaraqueçaba,PR
2064,Pinhão,PR
2065,Fraiburgo,SC
2066,Morretes,PR
2067,Matinhos,PR
2068,Francisco Beltrão,PR
2069,Piraquara,PR
2070,Piraquara,PR
2071,Vacaria,RS
2072,Fraiburgo,SC
2073,Guaratuba,PR
2074,Juazeiro,BA
2075,Cariacica,ES
2076,São José dos Ausentes,RS
2077,Novo Repartimento,PA
2078,Major Gercino,SC
2079,Paulo Lopes,SC
2080,Orleans,SC
2081,Florianópolis,SC
2082,Bom Jardim da Serra,SC
2083,Mucugê,BA
2084,Águas Mornas,SC
2085,Céu Azul,PR
2086,São José dos Ausentes,RS
2087,Londrina,PR
2088,São Joaquim,SC
2089,Balsa Nova,PR
2090,Castelo,ES
2091,São Raimundo Nonato,PI
2092,Santa Isabel do Rio Negro,AM
2093,Colombo,PR
2094,Guabiruba,SC
2095,Treviso,SC
2096,Morro da Fumaça,SC
2097,Siderópolis,SC
2098,Major Gercino,SC
2099,Trombudo Central,SC
2100,Matinhos,PR
2101,Campo Belo do Sul,SC
2102,Piemonte da Diamantina,BA
2103,Piemonte da Diamantina,BA
2104,São Bonifácio,SC
2105,Jaborá,SC
2106,Águas Mornas,SC
2107,Pitanga,PR
2108,Orleans,SC
2109,Conceição do Almeida,BA
2110,Nova Petrópolis,RS
2111,Delfinópolis,MG
2112,Bom Jesus,RS
2113,Viamão,RS
2114,Fazenda Rio Grande,PR
2115,Mateiros,TO
2116,Rancho Queimado,SC
2117,Cabo Frio,RJ
2118,Mauá da Serra,PR
2119,Campo Grande,MS
2120,Garuva,SC
2121,Coronel Domingos Soares,PR
2122,Caxias do Sul,RS
2123,Guaraqueçaba,PR
2124,Guaraqueçaba,PR
2125,São Desidério,BA
2126,Piraquara,PR
2127,Piraí do Sul,PR
2128,Balsa Nova,PR
2129,Piraí do Sul,PR
2130,Sengés,PR
2131,Piraí do Sul,PR
2132,Guarapuava,PR
2133,Campo Mourão,PR
2134,Morretes,PR
2135,Carambeí,PR
2136,Iretama,PR
2137,Luiziana,PR
2138,Palmeira,PR
2139,Sengés,PR
2140,São Desidério,BA
2141,Quatro Barras,PR
2142,Campo Mourão,PR
2143,Morretes,PR
2144,Antônio Olinto,PR
2145,Caracol,MS
2146,Curitiba,PR
2147,Piraí do Sul,PR
2148,Balsa Nova,PR
2149,Campina Grande do Sul,PR
2150,Uruguaiana,RS
2151,Palmeira,PR
2152,Palmas,PR
2153,Palmeira,PR
2154,Carambeí,PR
2155,Candói,PR
2156,Carambeí,PR
2157,Ponta Grossa,PR
2158,Itapoá,SC
2159,Diamante do Norte,PR
2160,Rio Branco do Sul,PR
2161,Piraí do Sul,PR
2162,Piraí do Sul,PR
2163,Buenópolis,MG
2164,Tibagi,PR
2165,São José dos Pinhais,PR
2166,Morretes,PR
2167,Lapa,PR
2168,Campina Grande do Sul,PR
2169,Porto Amazonas,PR
2170,Curitiba,PR
2171,Adrianópolis,PR
2172,Manga,MG
2173,Quatro Barras,PR
2174,Guarapuava,PR
2175,Curitiba,PR
2176,Guaratuba,PR
2177,Caravelas,BA
2178,Campina Grande do Sul,PR
2179,Urubici,SC
2180,Arroio do Sal,RS
2181,Adrianópolis,PR
2182,Icaraíma,PR
2183,Curitiba,PR
2184,Tibagi,PR
2185,Morretes,PR
2186,Tunas do Paraná,PR
2187,Buenópolis,MG
2188,Buritizeiro,MG
2189,Ortigueira,PR
2190,São José dos Pinhais,PR
2191,Guarapuava,PR
2192,Turvo,PR
2193,Tijucas do Sul,PR
2194,Tibagi,PR
2195,Carambeí,PR
2196,Tibagi,PR
2197,Palmeira,PR
2198,Santa Terezinha,RS
2199,Piraquara,PR
2200,Tuneiras do Oeste,PR
2201,Itacarambi,MG
2202,Ortigueira,PR
2203,Ortigueira,PR
2204,Poços de Caldas,MG
2205,Marechal Floriano,ES
2206,Campina Grande do Sul,PR
2207,Gouveia,MG
2208,Morretes,PR
2209,Tunas do Paraná,PR
2210,Salvador,BA
2211,Palmeiras,BA
2212,Campina Grande do Sul,PR
2213,Paranaguá,PR
2214,Palmeira,PR
2215,Cantagalo,RJ
2216,Rio de Janeiro,RJ
2217,Piraí do Sul,PR
2218,Paranaguá,PR
2219,Curitiba,PR
2220,Paranaguá,PR
2221,Jundiaí do Sul,PR
2222,Guarapuava,PR
2223,Serro,MG
2224,Praia Grande,SC
2225,Capitão Leônidas Marques,PR
2226,Derrubadas,RS
2227,Palmeira,PR
2228,Curitiba,PR
2229,Morretes,PR
2230,Curitiba,PR
2231,Garuva,SC
2232,Caracol,MS
2233,Sant'Ana do Livramento,RS
2234,Bonito,MS
2235,Quaraí,RS
2236,Diamantina,MG
2237,Piedade,SP
2238,Cuiabá,MT
2239,Bela Vista,MS
2240,Bodoquena,MS
2241,Chapada dos Guimarães,MT
2242,Porto Murtinho,MS
2243,Paranaguá,PR
2244,Palhoça,SC
2245,Florianópolis,SC
2246,Florianópolis,SC
2247,Florianópolis,SC
2248,Florianópolis,SC
2249,Florianópolis,SC
2250,Florianópolis,SC
2251,Florianópolis,SC
2252,Florianópolis,SC
2253,Florianópolis,SC
2254,Palhoça,SC
2255,Naviraí,MS
2256,Naviraí,MS
2257,Naviraí,MS
2258,Naviraí,MS
2259,Lunardelli,PR
2260,Terra Rica,PR
2261,Terra Rica,PR
2262,Terra Rica,PR
2263,Terra Rica,PR
2264,Uberaba,MG
2265,Ivaiporã,PR
2266,Ivaiporã,PR
2267,Ivaiporã,PR
2268,Naviraí,MS
2269,Entre Rios do Oeste,PR
2270,Entre Rios do Oeste,PR
2271,Entre Rios do Oeste,PR
2272,Entre Rios do Oeste,PR
2273,Entre Rios do Oeste,PR
2274,Entre Rios do Oeste,PR
2275,Entre Rios do Oeste,PR
2276,Bom Jardim da Serra,SC
2277,Cariacica,ES
2278,São José dos Pinhais,PR
2279,Piraí do Sul,PR
2280,Cariacica,ES
2281,São Joaquim,SC
2282,Brasília,DF
2283,Rancho Queimado,SC
2284,Porto Murtinho,MS
2285,Urubici,SC
2286,Urubici,SC
2287,Rio Negrinho,SC
2288,Viana,ES
2289,Castelo,ES
2290,Capão Alto,SC
2291,Imaruí,SC
2292,Cariacica,ES
2293,Ponta Grossa,PR
2294,Urupema,SC
2295,Paraty,RJ
2296,Bom Jesus,RS
2297,São Bento do Sul,SC
2298,Pirenópolis,GO
2299,São Bento do Sul,SC
2300,Cariacica,ES
2301,Guaratuba,PR
2302,Viana,ES
2303,Castelo,ES
2304,Cariacica,ES
2305,Cariacica,ES
2306,Nova Venécia,ES
2307,Lages,SC
2308,Ponta Grossa,PR
2309,Castelo,ES
2310,Nova Venécia,ES
2311,Cariacica,ES
2312,Bela Vista,MS
2313,Rio Branco do Sul,PR
2314,Bom Jesus,RS
2315,Otacílio Costa,SC
2316,Conceição do Castelo,ES
2317,Urupema,SC
2318,Bom Retiro,SC
2319,Castelo,ES
2320,Ponta Grossa,PR
2321,Miguel Pereira,RJ
2322,Palmares do Sul,RS
2323,Morretes,PR
2324,Abaíra,BA
2325,Morretes,PR
2326,Tibagi,PR
2327,Bom Jesus,RS
2328,Porto Rico,PR
2329,Nova Venécia,ES
2330,Bonito,MS
2331,Godoy Moreira,PR
2332,Jaguariaíva,PR
2333,Santa Maria,RS
2334,Eldorado,SP
2336,Juranda,PR
2337,Juranda,PR
2338,Juranda,PR
2339,Juranda,PR
2340,Delfinópolis,MG
2341,Mauá da Serra,PR
2342,Jaguariaíva,PR
2343,Ponta Grossa,PR
2344,Londrina,PR
2345,Londrina,PR
2346,Jaguariaíva,PR
2347,Nova Friburgo,RJ
2348,Mauá da Serra,PR
2349,Campo Largo,PR
2350,Tibagi,PR
2351,Sengés,PR
2352,Ponta Grossa,PR
2353,Piraí do Sul,PR
2354,Echaporã,SP
2355,Chapada dos Guimarães,MT
2356,Londrina,PR
2357,Arapongas,PR
2358,Londrina,PR
2359,Sengés,PR
2360,Itararé,SP
2361,São José dos Pinhais,PR
2362,São Jerônimo da Serra,PR
2363,Sertanópolis,PR
2364,Paranavaí,PR
2365,Teixeira Soares,PR
2366,Cornélio Procópio,PR
2367,Sertanópolis,PR
2368,Londrina,PR
2369,Santo Antônio do Paraíso,PR
2370,São Sebastião,SP
2371,Tibagi,PR
2372,Palmeira,PR
2373,Assis,SP
2374,Rolândia,PR
2375,Itaúna do Sul,PR
2376,Lupionópolis,PR
2377,Leópolis,PR
2378,Araçatuba,SP
2379,Tupã,SP
2380,Londrina,PR
2381,Santo Antônio do Paraíso,PR
2382,Sapopema,PR
2383,Sertaneja,PR
2384,Londrina,PR
2385,Guaraqueçaba,PR
2386,Bela Vista do Paraíso,PR
2387,Ortigueira,PR
2388,Londrina,PR
2389,Foz do Iguaçu,PR
2390,Foz do Iguaçu,PR
2391,Foz do Iguaçu,PR
2392,Foz do Iguaçu,PR
2393,Foz do Iguaçu,PR
2394,Foz do Iguaçu,PR
2395,Foz do Iguaçu,PR
2396,Foz do Iguaçu,PR
2397,Foz do Iguaçu,PR
2398,Foz do Iguaçu,PR
2399,Foz do Iguaçu,PR
2400,Foz do Iguaçu,PR
2401,Foz do Iguaçu,PR
2402,Foz do Iguaçu,PR
2403,Capitólio,MG
2404,São Roque de Minas,MG
2405,Botucatu,SP
2406,Céu Azul,PR
2407,Céu Azul,PR
2408,Tibagi,PR
2409,Agudos do Sul,PR
2410,Cerro Azul,PR
2411,Lapa,BR
2412,Carambeí,PR
2413,Porto Amazonas,PR
2414,Morretes,PR
2415,Quatro Barras,PR
2416,Piraquara,PR
2417,Adrianópolis,PR
2418,Diamante do Norte,PR
2419,Ponta Grossa,PR
2420,Guaratuba,PR
2421,Candói,PR
2422,Carambeí,PR
2423,Guaratuba,PR
2424,Paula Freitas,PR
2425,Palmas,PR
2426,Paranaguá,PR
2427,Campina Grande do Sul,PR
2428,Carambeí,PR
2429,Palmeira,PR
2430,Carambeí,PR
2431,Carambeí,PR
2432,Paranaguá,PR
2433,Guarapuava,PR
2434,Céu Azul,PR
2435,Mangueirinha,PR
2436,Timbó do Sul,SC
2437,Lapa,PR
2438,Barra do Turvo,SP
2439,Mauá da Serra,PR
2440,Pontal do Paraná,PR
2441,Pontal do Paraná,PR
2442,Cantagalo,PR
2443,Palmeira,PR
2444,Palhoça,SC
2445,Adrianópolis,PR
2446,Piraquara,PR
2447,Lapa,PR
2448,Nova Porteirinha,MG
2449,Porto Murtinho,MS
2450,Palmeira,PR
2451,Indaial,SC
2452,Céu Azul,PR
2453,Foz do Iguaçu,PR
2454,Foz do Iguaçu,PR
2455,Foz do Iguaçu,PR
2456,Nova Tebas,PR
2457,Araruna,PR
2458,Tuneiras do Oeste,PR
2459,Otacílio Costa,SC
2460,Pouso Redondo,SC
2461,Pouso Redondo,SC
2462,Pouso Redondo,SC
2463,Taió,SC
2464,Ponte Alta do Norte,SC
2465,Ponte Alta do Norte,SC
2466,Monte Castelo,SC
2467,Monte Castelo,SC
2468,Papanduva,SC
2469,Kaloré,PR
2470,Céu Azul,PR
2471,Céu Azul,PR
2472,Mato Rico,PR
2473,Mato Rico,PR
2474,Garuva,SC
2475,Chapada Diamantina,BA
2476,Tijucas do Sul,PR
2477,Guaratuba,PR
2478,Salvador,BA
2479,São José dos Ausentes,RS
2480,São José dos Ausentes,RS
2481,Mato Rico,PR
2482,Céu Azul,PR
2483,Santa Tereza do Oeste,PR
2484,Santa Tereza do Oeste,PR
2485,Nova Tebas,PR
2486,Nova Tebas,PR
2487,São Miguel do Iguaçu,PR
2488,São Miguel do Iguaçu,PR
2489,Foz do Iguaçu,PR
2490,Foz do Iguaçu,PR
2491,Guaratuba,PR
2492,Guaratuba,PR
2493,Guaratuba,PR
2494,Campina Grande do Sul,PR
2495,Guaratuba,PR
2496,Guaratuba,PR
2497,Coronel Domingos Soares,PR
2498,Coronel Domingos Soares,PR
2499,Passos Maia,SC
2500,Coronel Domingos Soares,PR
2501,Piraquara,PR
2502,Mangueirinha,PR
2503,Curitiba,PR
2504,Mangueirinha,PR
2505,São José dos PInhais,PR
2506,Morretes,PR
2507,Mangueirinha,PR
2508,Guaratuba,PR
2509,Cerro Azul,PR
2510,Cerro Azul,PR
2511,Bom Jesus,RS
2512,Palmas,PR
2513,Joaquim Felício,PR
2514,Ponta Grossa,PR
2515,Santo Antônio do Sudoeste,PR
2516,Porto Estrela,MT
2517,Santa Maria do Oeste,PR
2518,Ponta Grossa,PR
2519,Prudentópolis,PR
2520,Palmeira,PR
2521,Cavalcante,GO
2522,Manoel Ribas,PR
2523,Bocaiúva do Sul,PR
2524,Tunas do Paraná,PR
2525,Paranaguá,PR
2526,Tomazina,PR
2527,Campina Grande do Sul,PR
2528,Barra do Turvo,SP
2529,Capanema,PR
2531,Serranópolis do Iguaçu,PR
2532,Serranópolis do Iguaçu,PR
2533,Céu Azul,PR
2534,Matelândia,PR
2535,Céu Azul,PR
2536,Matelândia,PR
2537,Jundiaí do Sul,PR
2538,Milagres,BA
2539,Anastácio,MS
2540,Jaguariaíva,PR
2541,Jauru,MT
2542,Carambeí,PR
2543,Rio Branco do Sul,PR
2544,Colombo,PR
2546,Planaltina,GO
2547,Rio Branco do Sul,PR
2548,Realeza,MG
2549,Mandirituba,PR
2551,Guaraqueçaba,PR
2552,Joinville,SC
2553,Três Palmeiras,RS
2554,Quatro Barras,PR
2555,Quatro Barras,PR
2556,Passo Fundo,RS
2557,Florianópolis,SC
2558,Jeremoabo,BA
2559,Cristalina,GO
2560,Ibotirama,BA
2561,Cristália,MG
2562,Corupá,SC
2563,Passo Fundo,RS
2564,Passo Fundo,RS
2565,Castelo,ES
2566,Antonina,PR
2567,Quatro Barras,PR
2568,Bela Vista,MS
2569,Ponta Grossa,PR
2570,Goianópolis,GO
2571,Antonina,PR
2572,Ponta Grossa,PR
2573,São José da Boa Vista,PR
2574,Campina Grande do Sul,PR
2575,Grão Mogol,MG
2576,Campina Grande do Sul,PR
2577,Rio de Contas,BA
2578,Cristália,MG
2579,Oliveira dos Brejinhos,BA
2580,Amambai,MS
2581,Manhumirim,MG
2582,Presidente Soares,MG
2583,Ladário,MS
2584,Aurora do Tocantins,TO
2585,Pirapora,MG
2586,Carambeí,PR
2587,Nova Cantu,PR
2588,Duque de Caxias,RJ
2589,Campina Grande do Sul,PR
2590,Curitiba,PR
2591,Teresópolis,RJ
2592,Nova Cantu,PR
2593,Ribeirão Grande,SP
2594,Quatro Barras,PR
2595,Cerro Azul,PR
2596,Curitiba,PR
2597,Piraquara,PR
2598,Carambeí,PR
2599,Piraquara,PR
2600,Mirandópolis,SP
2601,Piraí do Sul,PR
2602,Antonina,PR
2603,Caxias do Sul,RS
2604,Rio de Janeiro,RJ
2605,Antonina,PR
2606,Atalanta,SC
2607,Coronel Domingos Soares,PR
2609,Pinhão,PR
2610,General Carneiro,PR
2611,Bituruna,PR
2612,Macaúbas,BA
2613,São José do Norte,RS
2614,Ortigueira,PR
2615,Antonina,PR
2616,São José dos Pinhais,PR
2617,Cerro Azul,PR
2618,São José dos Pinhais,PR
2619,Florianópolis,SC
2620,Guaraqueçaba,PR
2621,Curitiba,PR
2622,Guaratuba,PR
2623,Piraquara,PR
2624,Morretes,PR
2625,Guaratuba,PR
2626,Guaratuba,PR
2627,Diamante do Norte,PR
2628,Pirenópolis,GO
2629,Irati,PR
2630,Arroio Grande,RS
2631,Bocaiúva do Sul,PR
2632,Italva,RJ
2633,Silva Jardim,RJ
2634,Diamantina,MG
2635,Ipira,SC
2637,Palmeira,PR
2638,Piraí do Sul,PR
2639,Morretes,PR
2640,Piraí do Sul,PR
2641,Porto Seguro,BA
2642,Milagres,BA
2643,Macaúbas,BA
2644,Uberlândia,MG
2645,Malhada,BA
2646,Romaria,MG
2647,Miranda,MS
2648,Alto Paraíso de Goiás,GO
2649,Milagres,BA
2650,Guarapuava,PR
2651,Curitiba,PR
2652,Timbé do Sul,SC
2653,Olivença,BA
2654,Nova Canaã do Norte,MT
2655,Ponta Grossa,PR
2656,Guaraqueçaba,PR
2657,Ouro Preto,MG
2658,Palmas,PR
2659,Foz do Iguaçu,PR
2660,Nova Canaã do Norte,MT
2661,Paranaguá,PR
2662,Caracol,PI
2663,São Francisco de Paula,RS
2664,Ponta Grossa,PR
2665,Duque de Caxias,RJ
2666,Rio de Janeiro,RJ
2667,Cananéia,SP
2668,Paraty,RJ
2669,Ponta Grossa,PR
2670,Piraquara,PR
2671,Piraquara,PR
2672,Candói,PR
2673,Cocalzinho de Goiás,GO
2674,Céu Azul,PR
2675,Guaratuba,PR
2676,Tijucas do Sul,PR
2677,Garuva,SC
2678,Campina Grande do Sul,PR
2679,Bandeirantes,PR
2680,Tacaratu,PE
2681,Cavalcante,GO
2682,Alto Caparaó,MG
2683,Guaraqueçaba,PR
2684,Tomazina,PR
2685,Buritizeiro,MG
2686,Pirabeiraba,SC
2687,Guaratuba,PR
2689,Honório Serpa,PR
2695,Itararé,SP
2696,Candói,PR
2697,Rio Claro,SP
2698,Porto Murtinho,MS
2699,Pinhais,PR
2700,Rio Branco do Sul,PR
2701,Morretes,PR
2702,Paranaguá,PR
2703,Laguna,SC
2704,Miranda,MS
2705,Araquari,SC
2706,Jaguariaíva,PR
2707,Guaraqueçaba,PR
2708,Rio Grande,RS
2709,Cerro Azul,PR
2710,Serranópolis de MInas,MG
2711,Piraí do Sul,PR
2712,Balsa Nova,PR
2713,Miranda,MS
2714,Rialma,GO
2715,Datas,MG
2716,Pinhalzinho,SC
2717,Morretes,PR
2718,Sengés,PR
2719,Presidente Kubitschek,MG
2720,Aquidauana,MS
2721,Campo Alegre,SC
2722,São Desidério,BA
2723,Bom Jesus,RS
2724,Curitiba,PR
2725,Tunas do Paraná,PR
2726,Quevedos,RS
2727,Vila Flores,RS
2728,São Joaquim,SC
2729,Clevelândia,PR
2730,Bonito,MS
2731,Guarapuava,PR
2732,Guaratuba,PR
2733,Major Gercino,SC
2734,Castelo,ES
2735,Corumbá,MS
2736,Diamante do Norte,PR
2737,Agudos do Sul,PR
2738,Piraí do Sul,PR
2739,Matinhos,PR
2740,Matinhos,PR
2741,Nova Cantu,PR
2742,Caxias do Sul,RS
2743,Cerro Azul,PR
2744,Mangaratiba,RJ
2745,Itaúba,MT
2746,Indaial,SC
2751,Imaruí,SC
2752,Avaré,SP
2753,Conceição do Castelo,ES
2754,Curitiba,PR
2755,Sant'Ana do Livramento,RS
2756,Porto Murtinho,MS
2757,Ortigueira,PR
2758,Garuva,PR
2759,Piraí do Sul,PR
2760,Ortigueira,PR
2761,Porto Murtinho,MS
2762,Laranjal,PR
2763,Guaraqueçaba,PR
2764,Rio Brilhante,MT
2765,Urubici,SC
2766,Ponta Grossa,PR
2767,São Joaquim,SC
2768,Foz do Iguaçu,PR
2769,Itaúba,MT
2772,Cocalzinho de Goiás,GO
2773,Jaguariaíva,PR
2775,Jundiaí do Sul,PR
2776,Bom Jardim da Serra,SC
2777,São Marcos,RS
2778,Mucugê,BA
2779,Garopaba,SC
2780,Turvo,PR
2781,Bonito,MS
2782,Piraquara,PR
2783,Arraias,TO
2785,Curitiba,PR
2786,Peritiba,SC
2787,Gouveia,MG
2788,Formosa do Oeste,PR
2789,Nova Viçosa,BA
2790,Tibagi,PR
2791,Ponte Alta do Tocantins,TO
2792,Adrianópolis,PR
2793,Florianópolis,SC
2794,Cantagalo,PR
2795,Jacupiranga,SP
2797,Piraquara,PR
2798,Palmeira,PR
2799,Praia Grande,SC
2800,Curitiba,PR
2801,Piraquara,PR
2804,Palmas,PR
2805,Piraquara,PR
2806,Piên,PR
2808,Ladário,MS
2809,Curitiba,PR
2810,Mato Rico,PR
2811,Palmital,PR
2812,Campo Largo,PR
2813,Ponta Grossa,PR
2814,Pontal do Paraná,PR
2815,Bodoquena,MS
2816,Ponta Grossa,PR
2817,Guaratuba,PR
2818,Fênix,PR
2819,Foz do Iguaçu,PR
2820,Morro do Chapéu,BA
2821,Nova Cantu,PR
2822,Mateiros,TO
2823,Adrianópolis,PR
2824,Ubatuba,SP
2825,Pato Branco,PR
2826,Franscisco Dumont,MG
2827,Lapa,PR
2828,Macaúbas,BA
2829,Caetité,PR
2830,Miranda,MS
2831,Itaúnas,ES
2832,Bonito,MS
2833,MIranda,MS
2834,Ponta Grossa,PR
2835,Bom Jesus da Lapa,BA
2836,Rio Bonito do Iguaçu,PR
2837,Joinville,SC
2838,São José dos Pinhais,PR
2839,Pontal do Paraná,PR
2840,Guarapuava,PR
2841,Guaraqueçaba,PR
2844,Blumenau,SC
2845,Curitiba,PR
2846,Paranaguá,PR
2847,Amambai,MS
2848,Lapa,PR
2849,Adrianópolis,PR
2850,Assis Chateaubriand,PR
2851,São Joaquim,SC
2852,Rio Bonito do Iguaçu,PR
2853,Morretes,PR
2854,Siderópolis,SC
2859,Mangaratiba,RJ
2868,Mata de Sâo João,BA
2869,Santa Maria Madalena,RJ
2870,Porto Murtinho,MS
2871,Jaguariaíva,PR
2872,Urubici,SC
2873,Conde,BA
2874,Teresópolis,RJ
2875,Eldorado,MS
2876,Juramento,MG
2877,Curitiba,PR
2878,São José dos Pinhais,PR
2879,Laguna,SC
2880,Jequitaí,MG
2881,Jaguariaíva,PR
2882,Herval,RS
2883,Correia Pinto,SC
2884,Cruz Machado,PR
2885,Florianópolis,SC
2886,Bonito,MS
2887,Jundiaí do Sul,PR
2888,Aquidauana,MS
2889,Gouveia,MG
2890,Caldas,MG
2891,São Joaquim,SC
2892,São José dos Ausentes,RS
2893,Balsa Nova,PR
2894,Alto Caparaó,MG
2896,Pinhão,PR
2897,Lapa,PR
2898,Urubici,SC
2899,Rio Branco do Sul,PR
2900,Alvorada de Minas,PR
2901,Dois Vizinhos,PR
2902,Pinhão,PR
2903,Santa Madalena,RJ
2904,Itapoá,SC
2905,Palmas,TO
2906,Santa Rita do Sapucaí,MG
2907,Curitiba,PR
2908,Conselheiro Mairinck,PR
2909,Barra do Turvo,SP
2910,Morretes,PR
2911,Poconé,MT
2912,Conde,BA
2913,São Mateus do Sul,PR
2914,Laguna,SC
2915,Valença,BA
2916,Francisco Beltrão,PR
2917,Porto Murtinho,MS
2918,Adrianópolis,PR
2919,Jundiaí do Sul,PR
2920,Conselheiro Mairinck,PR
2921,Porto Murtinho,MS
2922,Urubici,SC
2923,General Carneiro,PR
2924,Adrianópolis,PR
2925,Diamante do Norte,PR
2926,Amambai,MS
2927,Curitiba,PR
2928,Jundiaí do Sul,PR
2929,São Domingos,GO
2930,Brasília,DF
2931,Brasília,DF
2932,Guaratuba,PR
2933,Brasília,DF
2934,Ponte Alta do Tocantins,TO
2935,Brasília,DF
2936,Mateiros,TO
2937,Mateiros,TO
2938,Mateiros,TO
2939,Ponte Alta do Tocantins,TO
2940,Lindoeste,PR
2941,Recursolândia,TO
2942,Ponte Alta do Tocantins,TO
2943,Palmas,TO
2944,Santa Rita do Tocantins,TO
2945,Porto Nacional,TO
2946,Abadiânia,GO
2947,Brasília,DF
2948,Brasília,DF
2949,Água Fria de Goiás,GO
2950,Guarapuava,PR
2951,Brasília,DF
2952,Buritis,MG
2953,Brasília,DF
2954,Cocos,BA
2955,Brasília,DF
2956,Corumbá de Goiás,GO
2957,Arinos,MG
2958,Brasília,DF
2959,Niquelândia,GO
2960,Campo Mourão,PR
2961,Posse,GO
2962,Cocos,BA
2963,Arraial,PI
2964,Brasília,DF
2965,Correntina,BA
2966,Niquelândia,GO
2967,São Domingos,GO
2968,Monte Alegre de Goiás,GO
2971,Anitápolis,SC
2972,Concórdia,SC
2973,Joinville,SC
2974,José Boiteux,SC
2975,Botuverá,SC
2976,Florianópolis,SC
2977,Ipumirim,SC
2978,Angelina,SC
2979,Angelina,SC
2980,Concórdia,SC
2981,Treviso,SC
2982,Antônio Carlos,SC
2983,Celso Ramos,SC
2984,Ituporanga,SC
2985,Leoberto Leal,SC
2986,Pouso Redondo,SC
2987,Ibirama,SC
2988,Joinville,SC
2989,Blumenau,SC
2990,Lapa,PR
2991,Tijucas do Sul,PR
2992,Tijucas do Sul,PR
2993,Tijucas do Sul,PR
2994,Água Doce,SC
2995,Presidente Nereu,SC
2996,Matelândia,PR
2997,Curitiba,PR
2998,São José dos Pinhais,PR
3000,Tunas do Paraná,PR
3001,Florianópolis,SC
3002,Nova Veneza,SC
3003,Urubici,SC
3004,Turvo,SC
3005,Itaiópolis,SC
3006,Itapoá,SC
3007,Florianópolis,SC
3008,Orleans,SC
3009,Blumenau,SC
3010,Benedito Novo,SC
3011,São Bonifácio,SC
3012,José Boiteux,SC
3013,Joinville,SC
3014,Erval Velho,SC
3015,Gaspar,SC
3016,Vidal Ramos,SC
3017,Blumenau,SC
3018,Urubici,SC
3019,Anita Garibaldi,SC
3020,Campina Grande do Sul,PR
3021,Bonito,MS
3022,Bonito,MS
3023,Aquidauana,MS
3025,Piraquara,PR
3026,Ponta Grossa,PR
3027,São Francisco do Sul,SC
3030,Ortigueira,PR
3031,Gouveia,MG
3032,Capão Alto,SC
3033,Otacílio Costa,SC
3034,Bom Jardim da Serra,SC
3035,Rio Fortuna,SC
3036,Presidente Nereu,SC
3037,Anita Garibaldi,SC
3038,Rodeio,SC
3039,Joinville,SC
3040,Vitor Meireles,SC
3041,Antônio Carlos,SC
3042,Rio dos Cedros,SC
3043,Jacinto Machado,SC
3044,Joinville,SC
3045,Contagem,MG
3046,Belo Horizonte,MG
3047,Nova Lima,MG
3048,Santana do Riacho,MG
3049,Santana do Riacho,MG
3050,Santana do Riacho,MG
3051,Taió,SC
3052,Orleans,SC
3053,Santa Rosa de Lima,SC
3054,Siderópolis,SC
3055,Palhoça,SC
3056,Blumenau,SC
3057,Botuverá,SC
3058,Blumenau,SC
3059,Itaiópolis,SC
3060,Itapiranga,SC
3061,Cocal do Sul,SC
3062,Itapema,SC
3063,Concórdia,SC
3064,Nova Trento,SC
3065,Tunápolis,SC
3066,Jacinto Machado,SC
3067,Anchieta,SC
3068,Alfredo Wagner,SC
3069,Rio do Campo,SC
3070,Içara,SC
3071,Jacinto Machado,SC
3072,Orleans,SC
3073,Celso Ramos,SC
3074,Blumenau,SC
3075,Apiúna,SC
3076,Angelina,SC
3077,Palhoça,SC
3078,Orleans,SC
3079,Blumenau,SC
3080,Penha,SC
3081,Botuverá,SC
3082,Joinville,SC
3083,Mirim Doce,SC
3084,Passo Fundo,RS
3085,Marau,RS
3086,Passo Fundo,RS
3087,Marau,RS
3088,Passo Fundo,RS
3089,Passo Fundo,RS
3090,Peritiba,SC
3091,Presidente Getúlio,SC
3092,Imaruí,SC
3093,São Bento do Sul,SC
3094,Indaial,SC
3095,Concórdia,SC
3096,Paial,SC
3097,Imaruí,SC
3098,Palma Sola,SC
3099,São Pedro do Paraná,PR
3100,São Paulo,SP
3101,Jaguaruna,SC
3102,São Paulo,SP
3103,São Paulo,SP
3104,São Paulo,SP
3105,São Paulo,SP
3106,São Paulo,SP
3107,São Paulo,SP
3108,São Paulo,SP
3109,Itanhaém,SP
3110,Bofete,SP
3111,Blumenau,SC
3112,Urupema,SC
3113,Corupá,SC
3114,Rodeio,SC
3115,Joinville,SC
3116,Blumenau,SC
3117,Antônio Carlos,SC
3118,Lontras,SC
3119,Salto Veloso,SC
3120,Garuva,SC
3121,São Cristovão do Sul,SC
3122,Videira,SC
3123,Rodeio,SC
3124,Riozinho,RS
3125,Xanxerê,SC
3126,Dom Pedro de Alcântra,RS
3127,Concórdia,SC
3128,Bela Vista do Toldo,SC
3129,Campos Novos,SC
3130,Curitibanos,SC
3131,Rio dos Cedros,SC
3132,Jaraguá do Sul,SC
3133,Ascurra,SC
3134,Imaruí,SC
3135,Joaquim Felício,MG
3136,Piraí do Sul,PR
3137,Curitiba,PR
3138,Curitiba,PR
3139,Piraquara,PR
3140,Palmeira,PR
3141,São Carlos,SC
3142,Rio do Oeste,SC
3143,Angelina,SC
3144,Colombo,PR
3145,Curitiba,PR
3146,Tunápolis,SC
3147,Campos Novos,SC
3148,Angelina,SC
3149,Concórdia,SC
3150,Anita Garibaldi,SC
3151,Agronômica,SC
3152,Joinville,SC
3153,Santo Amaro da Imperatriz,SC
3154,Urubici,SC
3155,Brusque,SC
3156,Corupá,SC
3157,Apiúna,SC
3158,Trombudo Central,SC
3159,Santo Amaro da Imperatriz,SC
3160,Lacerdópolis,SC
3161,Massaranduba,SC
3162,Timbó Grande,SC
3163,Canoinhas,SC
3164,Vidal Ramos,SC
3165,Alfredo Wagner,SC
3166,Ponte Alta,SC
3167,Santa Rosa de Lima,SC
3168,Massaranduba,SC
3169,Joinville,SC
3170,Curitiba,PR
3171,Marilândia,ES
3172,General Carneiro,PR
3173,Bragança Paulista,SP
3174,Santana de Pirapama,MG
3175,Mossâmedes,GO
3176,Santa Tereza do Oeste,PR
3177,Santa Terezinha,MT
3178,Cáceres,MT
3179,Bom Jesus do Araguaia,MT
3180,Santa Terezinha de Itaipu,PR
3181,Santa Helena,PR
3182,São Pedro do Iguaçu,PR
3183,Santa Terezinha de Itaipu,PR
3184,Três Barras do Paraná,PR
3185,Icaraíma,PR
3186,Ponta Grossa,PR
3187,Balsa Nova,PR
3188,Campo Largo,PR
3189,Guarapuava,PR
3190,Morretes,PR
3191,Piraquara,PR
3192,Palmas,PR
3193,Ascurra,SC
3194,Santo Amaro da Imperatriz,SC
3195,Blumenau,SC
3196,Congonhas do Norte,MG
3197,Palmital,PR
3198,Pirapora,MG
3200,Nova Cantu,PR
3201,Laranjal,PR
3202,Doutor Pedrinho,SC
3203,Garopaba,SC
3204,Piraquara,PR
3205,Balsa Nova,PR
3206,Campina Grande do Sul,PR
3207,Cascavel,PR
3208,Santa Tereza do Oeste,PR
3209,Kaloré,PR
3210,Mangueirinha,PR
3211,Aquidauana,MS
3212,Miranda,MS
3213,Xaxim,SC
3214,Tunápolis,SC
3215,Abelardo Luz,SC
3216,Rio do Campo,SC
3217,Morretes,PR
3218,Rio do Sul,SC
3219,Sâo Martinho,SC
3220,Chapecó,SC
3221,Lebon Régis,SC
3222,Jaraguá do Sul,SC
3223,Timbó,SC
3224,São Bento do Sul,SC
3225,Paulo Lopes,SC
3226,Itajaí,SC
3227,Rio do Sul,SC
3228,Alto Caparaó,MG
3229,Grão Mogol,MG
3230,Balsa Nova,PR
3231,Palotina,PR
3232,Praia Grande,SC
3233,Taió,SC
3234,São Martinho,SC
3235,Icaraíma,PR
3236,Capanema,PR
3237,Santa Terezinha de Itaipu,PR
3238,Santa Tereza do Oeste,PR
3239,Laguna,SC
3240,Cavalcante,GO
3241,Florianópolis,SC
3242,Palmeira,PR
3243,São Joaquim,SC
3244,São Joaquim,SC
3245,Morretes,PR
3246,Muniz Freire,ES
3247,Sengés,PR
3248,Capivari,PR
3249,Curitiba,PR
3250,Santana do Riacho,MG
3251,Jales,SP
3252,Campinas,SP
3253,Ribeirão Grande,SP
3254,São Roque de Minas,MG
3255,São Vicente,SP
3256,Santana do Riacho,MG
3257,Conceição do Mato Dentro,MG
3258,Brotas,SP
3259,Congonhas do Norte,MG
3260,Marilândia,ES
3261,Santana do Riacho,MG
3262,São Paulo,SP
3263,Caieiras,SP
3264,Ubatuba,SP
3265,Conde,BA
3266,Palmas,TO
3267,Palmas,TO
3268,Cavalcante,GO
3269,Formoso do Araguaia,TO
3270,Palmas,TO
3271,Palmas,TO
3272,Porto Nacional,TO
3273,Palmas,TO
3274,Paranã,TO
3275,Peixe,TO
3276,Lizarda,TO
3277,Palmas,TO
3278,Morretes,PR
3279,Antonina,PR
3280,Morretes,PR
3281,Praia Grande,SP
3282,Cabo Frio,RJ
3283,Jaguariaíva,PR
3284,Correntina,BA
3285,São Domingos,GO
3286,Goioerê,PR
3287,Alto Paraíso,PR
3288,Varjão de MInas,MG
3289,Palmeira,PR
3290,Icaraíma,PR
3291,Santa Terezinha,SC
3292,Concórdia,SC
3293,Joaçaba,SC
3294,Praia Grande,SC
3295,Paulo Lopes,SC
3296,Castro,PR
3297,Cavalcante,GO
3298,Guaraqueçaba,PR
3299,Bodoquena,MS
3300,Porto Amazonas,PR
3301,Mogi-Guaçu,SP
3302,Vista Alegre do Alto,SP
3303,Vista Alegre do Alto,SP
3304,Itirapina,SP
3305,Mateiros,TO
3306,Iguape,SP
3307,Piatã,BA
3308,Campo Mourão,PR
3309,Guarapuava,PR
3310,Céu Azul,PR
3311,Céu Azul,PR
3312,Piraquara,PR
3313,Curitiba,PR
3314,Iguatemi,MS
3315,Rosana,SP
3316,Porto Murtinho,MS
3317,Nova Cantu,PR
3318,São José dos Pinhais,PR
3319,Guarapuava,PR
3320,Piraí do Sul,PR
3321,Jaguariaíva,PR
3322,Ilhéus,BA
3323,Rio Vermelho,MG
3324,Esplanada,BA
3325,Trinta Réis,MG
3326,Santana do Riacho,MG
3327,Cananéia,SP
3328,Mateiros,TO
3329,Mateiros,TO
3330,Santana do Riacho,MG
3331,Rio de Janeiro,RJ
3332,Tijucas do Sul,PR
3333,Curitiba,PR
3334,Mucugê,BA
3335,Barra da Estiva,BA
3336,Itajaí,SC
3337,São Fidélis,RJ
3338,Sengés,PR
3339,Formosa,GO
3340,Buenópolis,MG
3341,Clevelândia,PR
3342,Paranaguá,PR
3343,Curitiba,PR
3344,Morretes,PR
3345,Mandirituba,PR
3346,Santana de Pirapama,MG
3347,Itaperuçu,PR
3348,Campo Mourão,PR
3349,Barreiras,BA
3350,Posse,GO
3351,Matinhos,PR
3352,Itaúba,MT
3353,Igaratá,SP
3354,Alvorada de Minas,MG
3355,Rio de Contas,BA
3357,São Francisco do Sul,SC
3358,Tuneiras do Oeste,PR
3359,São José do Barreiro,SP
3360,São Roque de MInas,MG
3361,São Roque de Minas,MG
3362,Congonhas do Norte,MG
3363,Santana do Riacho,MG
3364,Rio de Contas,BA
3365,Santana do Riacho,MG
3366,Mimoso do Sul,ES
3367,Barra da Estiva,BA
3368,São Thomé das Letras,MG
3369,Conceição da Barra,ES
3370,Botumirim,MG
3371,Diamantina,MG
3372,Grão Mogol,MG
3373,Santana do Riacho,MG
3374,Congonhas do Norte,MG
3375,Lagoa Santa,MG
3376,Rondonópolis,MT
3377,São Paulo,SP
3378,Goioerê,PR
3379,Curitiba,PR
3380,Araucária,PR
3381,Ouro Preto,MG
3382,São Paulo,SP
3383,Campo Alegre,SC
3384,Ponta Grossa,PR
3385,Licínio de Almeida,BA
3386,Quatro Barras,PR
3387,Felixlândia,MG
3388,Jardim,MS
3389,Serro,MG
3390,Morretes,PR
3391,Jundiaí do Sul,PR
3392,Iaçu,BA
3393,Estado do Tocantis,TO
3394,Quatro Barras,PR
3395,Aquidauana,MS
3396,Guaraqueçaba,PR
3398,Curitiba,PR
3399,Entre Rios,BA
3400,Irati,PR
3401,Guajará,AM
3402,Nova Roma,GO
3403,Poços de Calda,MG
3404,Jaguariaíva,PR
3405,Mato Rico,PR
3406,Sapopema,PR
3407,Pontal do Paraná,PR
3408,Morretes,PR
3409,Colombo,PR
3410,Diamantina,MG
3411,Guaratuba,PR
3412,Sengés,PR
3413,Monte Alegre de Goiás,GO
3414,Piraquara,PR
3415,Mateiros,TO
3416,Buenópolis,MG
3417,Poços de Caldas,MG
3418,Grão Mogol,MG
3419,Jequitaí,MG
3420,Monte Azul,MG
3421,Igaporã,BA
3422,Macaúbas,BA
3423,Bocaiúva,MG
3424,Caravelas,BA
3425,Juçari,BA
3426,Divinópolis,MG
3427,Corumbá,MS
3428,Milagres,BA
3429,Nova Roma,GO
3430,Doutor Ulysses,PR
3431,Doutor Ulysses,PR
3432,Morretes,PR
3433,Querência do Norte,PR
3434,Canavieiras,BA
3435,Januária,MG
3436,Piraquara,PR
3437,Cajati,SP
3438,Marinque,SP
3439,Morretes,PR
3440,Colombo,PR
3441,Itatiaia,RJ
3442,Nova Iguaçu,RJ
3443,Guaratuba,PR
3444,Campos do Jordão,SP
3445,São Fidélix,RJ
3446,Iporanga,SP
3447,Tijucas do Sul,PR
3448,São Paulo,SP
3449,Salvador,BA
3450,Santana do Pirapama,MG
3451,Telêmaco Borba,PR
3452,Cruzeiro do Oeste,PR
3453,Rio Tibagi (estrada do Café),PR
3454,Matinhos,PR
3455,Pinhão,PR
3456,Conteda,PR
3457,Palotina,PR
3458,Piraquara,PR
3459,Almirante Tamandaré,PR
3460,Ponta Grossa,PR
3461,Curitiba,PR
3462,Curitiba,PR
3463,Rio Branco do Sul,PR
3464,Piraquara,PR
3465,São José dos Pinhais,PR
3466,Várzea da Palma,MG
3467,São Gonçalo do Abaeté,MG
3468,Cachoeira do Pajeú,MG
3469,Riacho dos Machados,MG
3470,Várzea da Palma,MG
3471,Chapada dos Guimarães,MT
3472,São José dos Campos,SP
3473,Mandirituba,PR
3474,Araucaria,PR
3475,Serranópolis do Iguaçu,PR
3476,Serranópolis do Iguaçu,PR
3477,Tamarana,PR
3478,Ribeirão Claro,PR
3479,Bom Jesus da Lapa,BA
3480,Palmital,PR
3481,Vila Alta,PR
3482,Cornélio Procópio,PR
3483,Braganey,PR
3485,Laranjeiras do Sul,PR
3486,Palotina,PR
3487,Guairacá,PR
3488,Douradina,PR
3489,Pitanga,PR
3490,Guarapuava,PR
3491,Ibaiti,PR
3492,São Mateus do Sul,PR
3493,Ventania,PR
3494,Mucugê,BA
3495,Guaraqueçaba,PR
3496,São José dos Ausentes,RS
3497,Santana de Pirapama,MG
3498,Ribeirão do Pinhal,PR
3499,Curitibanos,SC
3500,Londrina,PR
3501,Paranavaí,PR
3502,Congonhinhas,PR
3503,Guarapuava,PR
3504,Nova Londrina,PR
3505,Ortigueira,PR
3506,Londrina,PR
3507,Paulo Freitas,PR
3508,Cândido de Abreu,PR
3509,Mauá da Serra,PR
3510,Mauá da Serra,PR
3511,Mauá da Serra,PR
3512,Ponte Alta do Tocantins,TO
3513,Quatro Barras,PR
3514,Guarapuava,PR
3515,Marilândia do Sul,PR
3516,Castro,PR
3517,Santa Izabel do Ivaí,PR
3518,Virmond,PR
3519,São Paulo,SP
3520,Igaporã,BA
3521,Dois Vizinhos,PR
3523,São José dos Pinhais,PR
3524,Piraquara,PR
3525,Cavalcante,GO
3526,Guaraqueçaba,PR
3527,Tijucas do Sul,PR
3528,Joaquim Felício,MG
3529,Paranavaí,PR
3531,Porto Murtinho,MS
3533,Iguape,SP
3534,Curitiba,PR
3535,Ponta Grossa,PR
3536,Luzerna,SC
3537,Antonina,PR
3539,Bonito,MS
3540,Chapada dos Guimarães,MT
3541,Curitiba,PR
3542,Serranópolis de MInas,MG
3543,Laguna,SC
3544,Ubatuba,SP
3545,Ubatuba,SP
3548,Colider,MT
3549,Morretes,PR
3550,Morro do Chapéu,BA
3551,Alfredo Wagner,SC
3552,Pinheiro Machado,RS
3553,Miracatu,SP
3554,Quatro Barras,PR
3555,Cidreira,RS
3556,Nova Cantu,PR
3557,Palotina,PR
3558,Sengés,PR
3559,Santa Terezinha de Itaipu,PR
3560,Santa Tereza do Oeste,PR
3561,Rio da Conceição,TO
3562,Andrelândia,MG
3563,Piraquara,PR
3564,Rio Rufino,SC
3565,Rio Claro,RJ
3566,Canavieiras,BA
3567,Paranaguá,PR
3568,Iporanga,SP
3569,Apucarana,PR
3570,Corumbá,MS
3571,Palmeira,PR
3572,Poconé,MT
3573,Itaúba,MT
3574,Arapoti,PR
3575,Congonhinhas,PR
3576,Faxinal,PR
3577,Curiúva,PR
3578,Londrina,PR
3579,Telêmaco Borba,PR
3580,Grão Mogol,MG
3581,Castro,PR
3582,Santa Terezinha,BA
3583,Caravelas,BA
3584,Santa Terezinha,BA
3585,Aquidauana,MS
3586,Catas Altas,MG
3587,Pirenópolis,GO
3588,Ladário,MS
3589,Paranapanema,SP
3590,Contendas do Sincorá,BA
3591,Ubaira,BA
3592,Matuípe,BA
3593,Santo Amaro,BA
3594,Jaguaripe,BA
3595,Jaguaripe,BA
3596,Jandaíra,BA
3597,Boninal,BA
3598,Boninal,BA
3599,Cruz das Almas,BA
3600,Santa Teresinha,BA
3601,Santa Teresinha,BA
3602,Cachoeira,BA
3603,Cabaceiras do Paraguassu,BA
3604,Vitória do Xingu,PA
3605,Brasil Novo,PA
3606,Vitória do Xingu,PA
3607,Anapu,PA
3608,Anapu,PA
3609,Altamira,PA
3610,Vitória do Xingu,PA
3611,Vitória do Xingu,PA
3612,Brasil Novo,PA
3613,Vitória do Xingu,PA
3614,Mamborê,PR
3615,Vitória do Xingu,PA
3616,Vitória do Xingu,PA
3617,Anapu,PA
3618,Vitória do Xingu,PA
3619,Vitória do Xingu,PA
3620,Brasil Novo,PA
3621,Vitória do Xingu,PA
3622,Vitória do Xingu,PA
3623,Vitória do Xingu,PA
3624,Vitória do Xingu,PA
3625,Campina Grande do Sul,PR
3626,Vitória do Xingu,PA
3627,Vitória do Xingu,PA
3628,Vitória do Xingu,PA
3629,Vitória do Xingu,PA
3630,Vitória do Xingu,PA
3631,Altamira,PA
3632,Altamira,PA
3633,Vitória do Xingu,PA
3634,Cuiabá,MT
3635,Miranda,MS
3636,Jeremoabo,BA
3637,Dianópolis,TO
3638,Jaraguá,GO
3639,Jaguaripe,BA
3640,Brasil Novo,PA
3641,Vitória do Xingu,PA
3642,Brasil Novo,PA
3643,Brasil Novo,PA
3644,Vitória do Xingu,PA
3645,Vitória do Xingu,PA
3646,Vitória do Xingu,PA
3647,Andaraí,BA
3648,Jaguaripe,BA
3649,Cruz das Almas,BA
3650,Piatã,BA
3651,Laje,BA
3652,Vitória do Xingu,PA
3653,Altamira,PA
3654,Vitória do Xingu,PA
3655,Vitória do Xingu,PA
3656,Vitória do Xingu,PA
3657,Vitória do Xingu,PA
3658,Anapu,PA
3659,Anapu,PA
3660,Campo Mourão,PR
3661,São João,PR
3663,Arraial do Cabo,RJ
3664,São Tomé das Letras,MG
3665,Barcelos,AM
3666,Barcelos,AM
3667,Alto Paraíso de Goiás,GO
3668,Cáceres,MT
3669,Barão de Melgaço,MT
3670,Santa Maria Madalena,RJ
3671,Brotas de Macaúbas,BA
3672,Xique-Xique,BA
3673,Planaltina,GO
3674,Buritizeiro,MG
3675,Grão Mogol,MG
3676,Cândido Sales,BA
3677,Monte Azul,MG
3678,Realeza,MG
3679,Juramento,MG
3680,Cariacica,ES
3681,Jataí,GO
3682,Paranã,TO
3683,Nova Venécia,ES
3684,Bom Jesus da Lapa,BA
3685,Serro Negro,SC
3686,Concórdia,SC
3687,Santa Terezinha,SC
3688,Alfredo Wagner,SC
3689,Santa Terezinha,SC
3690,Urussanga,SC
3691,Criciúma,SC
3692,Indaial,SC
3693,Xavantina,SC
3694,Campo Alegre,SC
3695,Xanxerê,SC
3696,Garuva,SC
3697,Apiúna,SC
3698,Nova Trento,SC
3699,Guaratuba,PR
3700,Adrianópolis,PR
3701,Castro,PR
3702,Sengés,PR
3703,Castro,PR
3704,Tibagi,PR
3705,Adrianópolis,PR
3706,Santana do Riacho,MG
3707,Piraquara,PR
3708,Adrianópolis,PR
3709,Niquelândia,GO
3710,Medianeira,PR
3711,Morretes,PR
3712,Santa Teresa,ES
3713,Pinhais,PR
3714,Curitiba,PR
3715,Curitiba,PR
3716,Curitiba,PR
3717,Agrolândia,SC
3718,Laguna,SC
3719,São José,SC
3720,Anitápolis,SC
3721,Piracicaba,SP
3722,Osório,RS
3723,Osório,RS
3724,Caxias do Sul,RS
3725,Caxias do Sul,RS
3726,São Mateus do Sul,PR
3727,Caxias do Sul,RS
3728,São Francisco de Paula,RS
3729,Caxias do Sul,RS
3730,Bom Jesus,RS
3731,Osório,RS
3732,Ubatuba,SP
3733,Cachoeira do Sul,RS
3734,Candelária,RS
3735,Osório,RS
3736,São José dos Ausentes,RS
3737,São Francisco de Paula,RS
3738,São Francisco de Paula,RS
3739,Osório,RS
3740,Peruíbe,SP
3741,Osório,RS
3742,Bento Gonçalves,RS
3743,Itati,RS
3744,Pinheiro Machado,RS
3745,Urubici,SC
3746,Juquiri,RS
3747,Canguçu,RS
3748,Osório,RS
3749,Osório,RS
3750,Veranópolis,RS
3751,Dois Irmãos,RS
3752,Abaíra,BA
3753,Pinhal da Serra,RS
3754,Caxias do Sul,RS
3755,Farroupilha,RS
3756,Caxias do Sul,RS
3757,Jaquirana,RS
3758,São Francisco de Paula,RS
3759,Osório,RS
3760,Osório,RS
3761,Pinhal da Serra,RS
3762,Muitos Capões,RS
3763,Osório,RS
3764,Osório,RS
3765,Osório,RS
3766,Osório,RS
3767,São Domingos,SC
3768,Ascurra,SC
3769,Armazém,SC
3770,Caxias do Sul,RS
3771,Osório,RS
3772,São Francisco de Paula,RS
3773,Piratini,RS
3774,Antônio Olinto,PR
3775,Osório,RS
3776,São Francisco de Paula,RS
3777,Lavras,MG
3778,São Francisco de Paula,RS
3779,Candiota,RS
3780,Caxias do Sul,RS
3781,Caxias do Sul,RS
3782,Caxias do Sul,RS
3783,Passo Fundo,RS
3784,Angelina,SC
3785,Coronel Freitas,SC
3786,Timbé do Sul,SC
3787,Lauro Müller,SC
3788,Jaraguá do Sul,SC
3789,Apiúna,SC
3790,Pouso Redondo,SC
3791,Itaberaba,SC
3792,Água Doce,SC
3793,Capinzal,SC
3794,Indaial,SC
3795,Doutor Pedrinho,SC
3796,Morretes,PR
3797,Guaratuba,PR
3798,Matinhos,PR
3799,Balneário Piçarras,SC
3800,Mucugê,BA
3801,Mucugê,BA
3802,Rio de Contas,BA
3803,Rio de Contas,BA
3804,Porto Murtinho,MS
3805,Bela Vista,MS
3806,Campo Mourão,PR
3808,Peabiru,PR
3809,Ivaiporã,PR
3810,Rio de Contas,BA
3811,Rio de Contas,BA
3812,Céu Azul,PR
3813,Salvador,BA
3814,Rio de Contas,BA
3815,Palmeiras,BA
3816,Morro do Chapéu,BA
3817,Nova Tebas,PR
3818,Nova Tebas,PR
3819,Campo Mourão,PR
3820,Céu Azul,PR
3821,Foz do Iguaçu,PR
3822,Blumenau,SC
3823,Lapa,PR
3824,Balsa Nova,PR
3825,Tibagi,PR
3826,Foz do Iguaçu,PR
3827,Morretes,PR
3828,Palmeira,PR
3829,São Francisco do Sul,SC
3830,Antonina,PR
3831,Morretes,PR
3832,Campina Grande do Sul,PR
3833,Morretes,PR
3834,Curitiba,PR
3835,Curitiba,PR
3836,Fazenda Rio Grande,PR
3837,Morretes,PR
3838,Curitiba,PR
3839,Colombo,PR
3840,Curitiba,PR
3841,São Jerônimo da Serra,PR
3842,Tijucas do Sul,PR
3843,São José dos Pinhais,PR
3844,Lapa,PR
3845,Curitiba,PR
3846,Penha,SC
3847,Curitiba,PR
3848,Tijucas do Sul,PR
3849,Paranaguá,PR
3850,Mariporã,SP
3851,Piraquara,PR
3852,São Jerônimo da Serra,PR
3853,Bocaiúva do Sul,PR
3854,Porto Belo,SC
3855,Paranaguá,PR
3856,Tijucas do Sul,PR
3857,Lapa,PR
3858,Curitiba,PR
3859,Iporanga,SP
3860,Quatro Barras,PR
3861,Araucária,PR
3862,Piraquara,PR
3863,Tijucas do Sul,PR
3864,São José dos Pinhais,PR
3865,Matinhos,PR
3866,Tijucas do Sul,PR
3867,Curitiba,PR
3868,Curitiba,PR
3869,Morretes,PR
3870,Campina Grande do Sul,PR
3871,Curitiba,PR
3872,Morretes,PR
3873,Curitiba,PR
3874,Curitiba,PR
3875,Curitiba,PR
3876,Campina Grande do Sul,PR
3877,Paranaguá,PR
3878,Curitiba,PR
3879,Curitiba,PR
3880,Araucária,PR
3881,Curitiba,PR
3882,Curitiba,PR
3883,Curitiba,PR
3884,São José dos Pinhais,PR
3885,Curitiba,PR
3886,Curitiba,PR
3887,Paranaguá,PR
3888,Curitiba,PR
3889,São Lourenço da Serra,SP
3890,São Lourenço da Serra,SP
3891,Mirim Doce,SC
3892,Curitiba,PR
3893,Paranaguá,PR
3894,Lapa,PR
3895,Curitiba,PR
3896,Itapoá,SC
3897,Quatro Barras,PR
3898,Morretes,PR
3899,Araucária,PR
3900,Cianorte,PR
3901,Morretes,PR
3902,Blumenau,SC
3903,Ponta Grossa,PR
3904,Curitiba,PR
3905,Piraquara,PR
3906,Curitiba,PR
3907,Curitiba,PR
3908,Paranaguá,PR
3909,Curitiba,PR
3910,Curitiba,PR
3911,Morretes,PR
3912,Rio Branco do Sul,PR
3913,Curitiba,PR
3914,Quatro Barras,PR
3915,Terra Boa,PR
3916,Fazenda Rio Grande,PR
3917,Campo Largo,PR
3918,Campo Largo,PR
3919,Araucária,PR
3920,Curitiba,PR
3921,Bonito,MS
3922,Porto Murtinho,MS
3923,Urubici,SC
3924,Alfredo Chaves,ES
3925,Bonito,MS
3926,Bonito,MS
3927,Adrianópolis,PR
3928,Rio de Janeiro,RJ
3929,Curitiba,PR
3930,Matinhos,PR
3931,Guaraqueçaba,PR
3933,Itagibá,BA
3934,Guarapuava,PR
3935,Urubici,SC
3936,Urubici,SC
3937,Pitanga,PR
3938,Bonito,MS
3939,Bodoquena,MS
3940,Morretes,PR
3941,Guaratuba,PR
3942,Amambai,MS
3943,Dourados,MS
3944,Palmeira,PR
3945,Bom Jesus,RS
3946,Ribeirão do Pinhal,PR
3947,Caiapônia,GO
3948,Sengés,PR
3949,Curitiba,PR
3950,Adrianópolis,PR
3951,Campo Mourão,PR
3952,Antonina,PR
3953,Ponta Grossa,PR
3954,Palmeira,PR
3955,Campina Grande do Sul,PR
3956,Reserva do Iguaçu,PR
3957,Adrianópolis,PR
3958,Campina Grande do Sul,PR
3959,Pinhão,PR
3960,Campina Grande do Sul,PR
3961,Guaratuba,PR
3962,Chapada dos Guimarães,MT
3963,Ribeirão do Pinhal,PR
3964,Peabiru,PR
3965,Barra do Turvo,SP
3966,Jaguariaíva,PR
3967,Bela Vista,MS
3968,Alfredo Wagner,SC
3969,São Desidério,BA
3970,Doutor Ulysses,PR
3971,Guaratuba,PR
3972,Inácio Martins,PR
3973,Viana,ES
3974,Doutor Ulysses,PR
3975,Candói,PR
3976,Doutor Ulysses,PR
3977,Bom Jardim da Serra,SC
3978,Apiaí,SP
3979,Venda Nova do Imigrante,ES
3980,Guarapuava,PR
3981,Curitiba,PR
3982,União da Vitória,PR
3983,Joaquim Felício,MG
3984,Morretes,PR
3985,Clevelândia,PR
3986,Campo Mourão,PR
3987,Guaraqueçaba,PR
3988,Porto Murtinho,MS
3989,Miranda,MS
3990,Morretes,PR
3991,Jaguariaíva,PR
3992,Itararé,SP
3993,Fazenda Rio Grande,PR
3994,Morretes,PR
3995,Lapa,PR
3996,Jundiaí do Sul,PR
3997,Serranópolis do Iguaçu,PR
3998,Foz do Iguaçu,PR
3999,Doutor Ulysses,PR
4000,Campo Mourão,PR
4001,Curitiba,PR
4002,Peabiru,PR
4003,Campo Mourão,PR
4004,Céu Azul,PR
4005,Alfredo Wagner,SC
4006,São Francisco de Paula,RS
4007,Cornélio Procópio,PR
4008,Morretes,PR
4009,Morretes,PR
4010,Jundiaí do Sul,PR
4011,Palmeira,PR
4012,Reserva do Iguaçu,PR
4013,Guaratuba,PR
4014,Antonina,PR
4015,Guarapuava,PR
4016,Adrianópolis,PR
4017,Guaraqueçaba,PR
4018,Itaiópolis,SC
4019,Sengés,PR
4020,Curitiba,PR
4021,Campo Grande,MS
4022,Maracás,BA
4023,Bocaiúva do Sul,PR
4024,Licínio de Almeida,BA
4025,Quatro Barras,PR
4026,Lebon Régis,SC
4027,Rancho Alegre do Oeste,PR
4028,Licínio de Almeida,BA
4029,Tibagi,PR
4031,Santa Rita do Sapucaí,MG
4032,São Francisco do Sul,SC
4033,Ponta Grossa,PR
4034,Jundiaí do Sul,PR
4035,Morro do Chapéu,BA
4036,Porto União,SC
4037,Lapa,PR
4038,Ponta Grossa,PR
4039,Diamantina,MG
4040,Pedro Gomes,PR
4041,Vacaria,RS
4042,Guarapuava,PR
4043,Itinga,MG
4044,Olivença,MG
4045,Chapada dos Guimarães,MT
4046,Mauá da Serra,PR
4047,Leópolis,PR
4048,São Jerônimo da Serra,PR
4049,Londrina,PR
4050,Nova Laranjeiras,PR
4051,Londrina,PR
4052,Reserva,PR
4053,Londrina,PR
4054,Londrina,PR
4055,Ventania,PR
4056,Juazeiro do Norte,CE
4057,Londrina,PR
4058,Teixeira Soares,PR
4059,Telêmaco Borba,PR
4060,Tibagi,PR
4061,Londrina,PR
4062,Ivaí,PR
4063,Londrina,PR
4064,Londrina,PR
4065,São Domingos,SC
4066,Londrina,PR
4067,Sengés,PR
4068,Tibagi,PR
4069,Londrina,PR
4070,Tibagi,PR
4071,Jaguariaíva,PR
4072,Brejo Grande,SE
4073,Japaratuba,SE
4074,Pacatuba,SE
4075,Areia Branca,SE
4076,Itabaianinha,SE
4077,Indiaroba,SE
4078,Maruim,SE
4079,Pirambu,SE
4080,Poço Redondo,SE
4081,Ilha das Flores,SE
4082,Riachão do Dantas,SE
4083,Nossa Senhora do Socorro,SE
4084,Ilha das Flores,SE
4085,Estância,SE
4086,Estância,SE
4087,Amparo de São Francisco,SE
4088,Aracaju,SE
4089,Itabaiana,SE
4090,Porto da Folha,SE
4091,Nossa Senhora da Glória,SE
4092,Indiaroba,SE
4093,Itaporanga d'Ajuda,SE
4094,Canindé de São Francisco,SE
4095,Santo Amaro das Brotas,SE
4096,Areia Branca,SE
4097,Pirambu,SE
4098,Japaratuba,SE
4099,Simão Dias,SE
4100,Agrestina,PE
4101,Brejo Grande,SE
4102,Aracaju,SE
4103,Barra dos Coqueiros,SE
4104,Areia Branca,SE
4105,Santana do São Francisco,SE
4106,Lagarto,SE
4107,Itaporanga D'Ajuda,SE
4108,Condeúbas,BA
4109,Itatim,BA
4110,Elisio Medrado,BA
4111,São Gonçalo dos Campos,BA
4112,Santa Teresinha,BA
4113,Santa Teresinha,BA
4114,Carnaúba dos Dantas,RN
4115,Bananeiras,PB
4116,Antonina,PR
4117,Itaúba,MT
4118,Itaúba,MT
4119,Colíder,MT
4120,Colider,MT
4121,Itaúba,MT
4122,Itaúba,MT
4123,Itaúba,MT
4124,Itaúba,MT
4125,Itaúba,MT
4126,Itaúba,MT
4127,Colíder,MT
4128,Itaúba,MT
4129,Colíder,MT
4130,Itaúba,MT
4131,Colider,MT
4132,Colíder,MT
4133,Colider,MT
4134,Nova Canaã do Norte,MT
4135,Nova Canaã do Norte,MT
4136,Nova Canaã do Norte,MT
4137,Itaúba,MT
4138,Nova Canaã do Norte,MT
4139,Colíder,MT
4140,Itaúba,MT
4141,Itaúba,MT
4142,Itaúba,MT
4143,Colider,MT
4144,Itaúba,MT
4145,Brasília,DF
4146,Morro do Chapéu,BA
4147,Morretes,PR
4148,Palmeira,PR
4149,Matelândia,PR
4150,Nova Canaã do Norte,MT
4151,Valença,BA
4152,Varzedo,BA
4153,Nova Canaã do Norte,MT
4154,Passa Quatro,MG
4155,Itaúba,MT
4156,São Bento do Sul,SC
4157,Itaúba,MT
4159,Matelândia,PR
4160,Linhares,ES
4161,Apodi,RN
4162,Linhares,ES
4163,Linhares,ES
4164,Osório,RS
4165,Analândia,SP
4166,Caieiras,SP
4167,Cambará do Sul,RS
4168,Pelotas,RS
4169,Itaúba,MT
4170,Aquidauana,MT
4171,Arenápolis,MT
4172,Nova Canaã do Norte,MT
4173,Quixadá,CE
4174,Itaúba,MT
4175,Itaúba,MT
4176,Itaúba,MT
4177,Celso Ramos,SC
4178,Itaúba,MT
4179,Jaboticatubas,MG
4180,Alto Paraíso de Goiás,GO
4181,Brasília,DF
4182,Itaúba,MT
4183,Nova Canaã do Norte,MT
4184,Urubici,SC
4185,Urubici,SC
4186,Zortéa,SC
4187,Indaial,SC
4188,Biguaçu,SC
4189,Urubici,SC
4190,São Bento do Sul,SC
4191,Capão Alto,SC
4192,Caçador,SC
4193,Capão Alto,SC
4194,Rodeio,SC
4195,Santa Terezinha,SC
4196,Angelina,SC
4197,Canoinhas,SC
4198,Presidente Nereu,SC
4199,Leoberto Leal,SC
4200,Bom Retiro,SC
4201,Luiz Alves,SC
4202,São Bento do Sul,SC
4203,Palhoça,SC
4204,São Francisco do Sul,SC
4205,Otacílio Costa,SC
4206,Colombo,PR
4207,São Joaquim,SC
4208,São Joaquim,SC
4209,Morretes,PR
4210,Monte Castelo,SC
4211,Santo Amaro da Imperatriz,SC
4212,Major Gercino,SC
4213,Palhoça,SC
4214,Joinville,SC
4215,Anita Garibaldi,SC
4216,São João Batista,SC
4217,Porto Murtinho,MS
4218,Ribas do Rio Pardo,MS
4219,Corumbá,MS
4220,Costa Rica,MS
4221,Jateí,MS
4222,Costa Rica,MS
4223,Alcinópolis,MS
4224,Paranaguá,PR
4225,Campo Mourão,PR
4226,São José dos Pinhais,PR
4227,Cocalzinho de Goiás,GO
4228,Teresópolis,RJ
4229,Foz do Iguaçu,PR
4230,Curitiba,PR
4231,Aquidauana,MS
4232,Campo Grande,MS
4233,Miranda,MS
4234,Santa Rita do Pardo,MS
4235,Campo Grande,MS
4236,Porto Murtinho,MS
4237,Porto Murtinho,MS
4238,Alcinópolis,MS
4239,Bonito,MS
4240,Corumbá,MS
4241,Porto Murtinho,MS
4242,Corumbá,MS
4243,Costa Rica,MS
4244,Chapadão do Sul,MS
4245,Costa Rica,MS
4246,Corumbá,MS
4247,Corumbá,MS
4248,Corumbá,MS
4249,Água Clara,MS
4250,Selvíria,MS
4251,Três Lagoas,MS
4252,Corumbá,MS
4253,Peabiru,PR
4254,Reserva do Iguaçu,PR
4255,Reserva do Iguaçu,PR
4256,Reserva do Iguaçu,PR
4257,Ubatuba,SP
4258,Dois Vizinhos,PR
4259,Capitão Leonidas Marques,PR
4260,Capitão Leonidas Marques,PR
4261,Capitão Leonidas Marques,PR
4262,Juína,MT
4263,Capitão Leonidas Marques,PR
4264,Dois Vizinhos,PR
4265,Barracão,PR
4266,Dois Vizinhos,PR
4267,Manfrinópolis,PR
4268,São Jorge d'Oeste,PR
4269,Dois Vizinhos,PR
4270,Quedas do Iguaçu,PR
4271,Dois Vizinhos,PR
4272,Dois Vizinhos,PR
4273,Dois Vizinhos,PR
4274,Saudade do Iguaçu,PR
4275,Catanduvas,PR
4276,Boa Esperança do Iguaçu,PR
4277,Boa Esperança do Iguaçu,PR
4278,Dois Vizinhos,PR
4279,Dois Vizinhos,PR
4280,Capitão Leonidas Marques,PR
4281,Dois Vizinhos,PR
4282,São Jorge d'Oeste,PR
4283,Marília,SP
4284,Dois Vizinhos,PR
4285,São João,PR
4286,Dois Vizinhos,PR
4287,Dois Vizinhos,PR
4288,Boa Esperança do Iguaçu,PR
4289,Dois Vizinhos,PR
4290,São Jorge d'Oeste,PR
4291,Dois Vizinhos,PR
4292,Ipira,SC
4293,São José do Cedro,SC
4294,Dois Vizinhos,PR
4295,Dois Vizinhos,PR
4296,Dois Vizinhos,PR
4297,Dois Vizinhos,PR
4298,Cruzeiro do Iguaçu,PR
4299,Rolândia,PR
4300,Dois Vizinhos,PR
4301,Londrina,PR
4302,Cruzeiro do Iguaçu,PR
4303,Pérola do Oeste,PR
4304,Capitão Leonidas Marques,PR
4305,Curiúva,PR
4306,São Jorge d'Oeste,PR
4307,Joaquim Murtinho,PR
4308,Dois Vizinhos,PR
4309,Dois Vizinhos,PR
4310,Cruzeiro do Iguaçu,PR
4311,Dois Vizinhos,PR
4312,Dois Vizinhos,PR
4313,Dois Vizinhos,PR
4314,Londrina,PR
4315,Capitão Leônidas Marques,PR
4316,Londrina,PR
4317,Ortigueira,PR
4318,Quedas do Iguaçu,PR
4319,Antonina,PR
4320,Itararé,SP
4321,Curiúva,PR
4322,Dois Vizinhos,PR
4323,Dois Vizinhos,PR
4324,Dois Vizinhos,PR
4325,Dois Vizinhos,PR
4326,Turvo,PR
4327,Turvo,PR
4328,Enéas Marques,PR
4329,Ivaiporã,PR
4330,Dois Vizinhos,PR
4331,Quedas do Iguaçu,PR
4332,Catanduvas,PR
4333,Cruzeiro do Iguaçu,PR
4334,Dois Vizinhos,PR
4335,Cruzeiro do Iguaçu,PR
4336,Cruzeiro do Iguaçu,PR
4337,Barbosa Ferraz,PR
4338,Nova Londrina,PR
4339,Vila Velha,ES
4340,Linhares,ES
4341,Vitória,ES
4342,Presidente Kennedy,ES
4343,Mamborê,PR
4344,Mamborê,PR
4345,Foz do Iguaçu,PR
4346,Cariacica,ES
4347,Serra,ES
4348,Anchieta,ES
4349,Presidente Kennedy,ES
4350,Conceição da Barra,ES
4351,Guarapari,ES
4352,Anchieta,ES
4353,Linhares,ES
4354,Domingos Martins,ES
4355,Linhares,ES
4356,Guarapari,ES
4357,Guarapari,ES
4358,Linhares,ES
4359,Anchieta,ES
4360,Conceição da Barra,ES
4361,Conceição da Barra,ES
4362,Cachoeiro de Itapemirim,ES
4363,Serra,ES
4364,Linhares,ES
4365,Anchieta,ES
4366,Linhares,ES
4367,Vila Velha,ES
4368,Vila Velha,ES
4369,São Francisco de Paula,RS
4370,Praia Grande,SC
4371,Osório,RS
4372,Caçapava do Sul,RS
4373,Jaquirana,RS
4374,Cambará do Sul,RS
4375,Mostardas,RS
4376,Mostardas,RS
4377,Caxias do Sul,RS
4378,Canela,RS
4379,Vacaria,RS
4380,Caxias do Sul,RS
4381,Muitos Capões,RS
4382,Osório,RS
4383,Osório,RS
4384,Osório,RS
4385,Osório,RS
4386,Osório,RS
4387,Osório,RS
4388,Osório,RS
4389,Caçapava do Sul,RS
4390,Osório,RS
4391,Osório,RS
4392,Osório,RS
4393,Caxias do Sul,RS
4394,Curitiba,PR
4395,São Francisco do Sul,SC
4396,Morretes,PR
4397,Cristalina,GO
4398,Curitiba,PR
4399,Chapecó,SC
4400,Itapoá,SC
4401,Matinhos,PR
4402,Antonina,PR
4403,Curitiba,PR
4404,Mafra,SC
4405,São José dos Pinhais,PR
4406,Guaraqueçaba,PR
4407,Uberlândia,MG
4408,Uberlândia,MG
4409,Uberaba,MG
4410,Toledo,PR
4411,Ribeirão Grande,SP
4412,Barbacena,MG
4413,Pontal do Paraná,PR
4414,Paranaguá,PR
4415,Campo Largo,PR
4416,Campo do Tenente,PR
4417,Guaratuba,PR
4418,Matinhos,PR
4419,Almirante Tamandaré,PR
4420,Piraquara,PR
4421,Uberlândia,MG
4422,Uberlândia,MG
4423,Itajaí,SC
4424,Itapema,SC
4425,Campo Largo,PR
4426,São José dos Pinhais,PR
4427,Mafra,SC
4429,São Paulo,SP
4430,Salto,SP
4431,São Paulo,SP
4432,São Paulo,SP
4433,Montes Claros de Goiás,GO
4434,Campos do Jordão,SP
4435,Congonhas do Norte,MG
4436,São Paulo,SP
4437,Ubatuba,SP
4438,Itirapina,SP
4439,Grão Mogol,MG
4440,Santana do Riacho,MG
4441,Iretama,PR
4442,Lima Duarte,MG
4443,São Paulo,SP
4444,São Paulo,SP
4445,Limeira,SP
4446,São Paulo,SP
4447,Morro do Pilar,MG
4448,Ubatuba,SP
4449,Botucatu,SP
4450,São Sebastião,SP
4451,Ubatuba,SP
4452,Botucatu,SP
4453,Piacatu,SP
4454,São Paulo,SP
4455,São Paulo,SP
4456,Mairinque,SP
4457,Cotia,SP
4458,Santana do Riacho,MG
4459,Bela Vista,MS
4460,São Paulo,SP
4461,Tremembé,SP
4462,Piracurura,PI
4463,Miguel Pereira,RJ
4464,Campinas,SP
4465,São Paulo,SP
4466,Mangaratiba,RJ
4467,Socorro,SP
4468,São Paulo,SP
4469,São Joaquim,SC
4470,Itirapina,SP
4471,Jundiaí,SP
4472,Luiziana,PR
4473,Jataizinho,PR
4474,Barapuã,SP
4475,Goioerê,PR
4476,Bagé,RS
4477,Mandirituba,PR
4478,Garuva,SC
4479,Água Fria de Goiás,GO
4480,Águas Frias,SC
4481,Aquidauana,MS
4482,Várzea da Palma,MG
4483,Francisco Dumont,MG
4484,Guaratuba,PR
4485,Alfredo Chaves,ES
4486,Primavera,PR
4487,Iretama,PR
4488,Nova Londrina,PR
4489,Guaratuba,PR
4490,Guaratuba,PR
4491,Luiziana,PR
4492,Guaratuba,PR
4493,Matinhos,PR
4494,Jequitaí,MG
4495,Correntina,BA
4496,Tuneiras do Oeste,PR
4497,São José dos Pinhais,PR
4498,Quatro Barras,PR
4499,Tavares,RS
4500,Itaqui,RS
4501,Matinhos,PR
4502,Herval d'Oeste,SC
4503,Capão Bonito,SP
4504,Lima Duarte,MG
4506,Palmeira,PR
4507,Santarém,PA
4508,Campo Alegre,GO
4509,Tibagi,PR
4510,Catalão,GO
4511,Guaratuba,PR
4512,Porto Murtinho,MS
4513,São José da Aliança,GO
4514,Porto Seguro,BA
4515,Planaltina,GO
4516,Niquelândia,GO
4517,São José do Norte,RS
4518,Torres,RS
4519,Barreiras,BA
4520,Niquelândia,GO
4521,Guaraqueçaba,PR
4522,Bela Vista,MS
4523,Bonito,MS
4524,Bodoquena,MS
4525,Bonito,MS
4526,Várzea da Palma,MG
4527,Guaraqueçaba,PR
4528,Luziânia,GO
4529,Bonito,MS
4530,Bonito,MS
4531,Caracol,MS
4532,Guaratuba,PR
4533,Pirenópolis,GO
4534,Cavalcante,GO
4535,Brasília,DF
4536,Jaboticatubas,MG
4537,Jaboticatubas,MG
4538,Pirenópolis,GO
4539,São João do Tigre,PB
4540,Catende,PE
4541,Biritiba-Mirim,SP
4542,Areia,PB
4543,Areia,PB
4544,Pitanga,PR
4545,Boa Vista,PB
4546,Taquaritinga do Norte,PE
4547,São João do Tigre,PB
4548,Maturéia,PB
4549,Agrestina,PE
4550,São João do Cariri,PB
4551,Zabelê,PB
4552,Barbosa Ferraz,PR
4553,Sengés,PR
4554,Tramandaí,RS
4555,Alta Floresta,MT
4556,Jacareacanga,PA
4557,Urubici,SC
4558,Corupá,SC
4559,Linhares,ES
4560,Guaraqueçaba,PR
4561,Santa Maria Madalena,RJ
4562,Teresópolis,RJ
4563,Silva Jardim,RJ
4564,Diamantina,MG
4565,Nova Friburgo,RJ
4566,Nova Friburgo,RJ
4567,Rio Claro,RJ
4568,Silva Jardim,RJ
4569,Niquelândia,GO
4570,Foz do Iguaçu,PR
4571,Diamantina,MG
4572,Porto Seguro,BA
4573,Curitiba,PR
4574,Morretes,PR
4575,Tuneiras do Oeste,PR
4576,Paranaguá,PR
4577,Campo do Tenente,PR
4578,Campo Alegre,SC
4579,Cantagalo,PR
4580,Morretes,PR
4581,Limeira,SP
4582,Limeira,SP
4583,Pedreira,SP
4584,Limeira,SP
4585,Pedreira,SP
4586,Chopinzinho,PR
4587,Francisco Beltrão,PR
4588,Piraí do Sul,PR
4589,Turvo,PR
4590,Guaratuba,PR
4591,Mocambinho,MG
4592,Bom Retiro,SC
4593,Reserva,PR
4594,Morretes,PR
4595,Limeira,SP
4596,Castro,PR
4597,Agudos do Sul,PR
4598,Enéas Marques,PR
4599,Cajati,SP
4600,Itaúba,MT
4601,Pranchita,PR
4602,Tunas do Paraná,PR
4603,Rio Branco do Sul,PR
4604,Planalto,PR
4605,Turvo,PR
4606,Curitiba,PR
4607,Piraí do Sul,PR
4608,Renascença,PR
4609,Carambeí,PR
4610,Rio Negro,PR
4611,Sengés,PR
4612,Chopinzinho,PR
4613,Rio Branco do Sul,PR
4614,Tijucas do Sul,PR
4615,Porto Murtinho,MS
4616,Milagres,BA
4617,Una,BA
4618,Cerro Azul,PR
4620,Corumbá,MS
4621,Perdizes,MG
4622,Licínio de Almeida,BA
4623,Tapes,RS
4624,Rio de Contas,BA
4625,Itaqui,RS
4626,Adrianópolis,PR
4627,Morretes,PR
4628,Morretes,PR
4629,Morretes,PR
4630,Adrianópolis,PR
4631,Quatro Barras,PR
4632,Morretes,PR
4634,Itaúba,MT
4635,Reserva,PR
4636,Nova Tebas,PR
4637,Bocaiúva do Sul,PR
4638,Adrianópolis,PR
4639,Anápolis,GO
4640,Jaguariaíva,PR
4641,Guaraqueçaba,PR
4642,Bocaiúva do Sul,PR
4643,Mucugê,BA
4644,Ponta Porã,MS
4645,Perdizes,MG
4646,Corumbá,MS
4647,Pontal do Paraná,PR
4648,Guaraqueçaba,PR
4649,Dores do Indaiá,MG
4650,Jaboticatubas,MG
4651,São João d'Aliança,GO
4652,Corumbá,MT
4653,Curitiba,PR
4654,Foz do Jordão,PR
4655,Capanema,PR
4656,Pinhais,PR
4657,São Carlos,SP
4658,Corumbá,MT
4659,Ribeirão Grande,SP
4660,Benedito Novo,SC
4661,Pocinhos do Rio Verde,MG
4662,Tapes,RS
4664,Tibagi,PR
4665,Quatro Barras,PR
4666,Morretes,PR
4667,Curitiba,PR
4668,Morretes,PR
4669,Baependi,MG
4670,Rio Claro,SP
4671,Campo Magro,PR
4672,Piên,PR
4673,Joinville,SC
4674,Joinville,SC
4675,Paranaíta,MT
4676,Antonina,PR
4677,Tunas do Paraná,PR
4678,Osório,RS
4679,São Francisco do Sul,SC
4680,Miranda,MS
4681,Mundo Novo,MS
4682,Rio Verde de Mato Grosso,MS
4683,Uberaba,MG
4684,Pato Branco,PR
4685,Barracão,PR
4686,Antonina,PR
4687,Ponte Alta do Tocantins,TO
4688,Cantagalo,PR
4689,Ortigueira,PR
4690,Santa Vitória do Palmar,RS
4691,Capitão Leônidas Marques,PR
4692,Nioaque,MS
4693,Joaquim Felício,MG
4694,Macaúbas,BA
4695,Bonito,MS
4696,Milagres,BA
4697,Joaquim Felício,MG
4698,Poções,BA
4699,Joaquim Felício,MG
4700,Janaúba,MG
4701,Conde,BA
4702,Guaraqueçaba,PR
4703,Aratuípe,BA
4704,Iaçu,BA
4705,Ilhéus,BA
4706,Pinheiro Machado,RS
4707,Montes Claros,MG
4708,Cerro Azul,PR
4709,Morretes,PR
4710,Palmares do Sul,RS
4711,Chuí,RS
4712,Matelândia,PR
4713,Pindaí,BA
4714,Macaúbas,BA
4715,Paranaíta,MT
4716,Antonina,PR
4717,Cerro Azul,PR
4718,Curitiba,PR
4719,Ponta Grossa,PR
4720,Ituberá,BA
4721,Capitão Enéas,MG
4722,Conceição da Barra,ES
4723,Pontes e Lacerda,MT
4724,Ilhéus,BA
4725,Joaquim Felício,MG
4726,Bom Jesus da Lapa,BA
4727,Barra do Bugres,MT
4728,Cambará do Sul,RS
4729,Barra do Bugres,MT
4730,São José do Norte,RS
4731,Janaúba,MG
4732,Grão Mogol,MG
4733,Morro do Chapéu,BA
4734,Rio Brilhante,MS
4735,Carinhanha,BA
4737,Nova Bandeirantes,MT
4738,Ponta Grossa,PR
4739,Osório,RS
4740,Cianorte,PR
4741,Candói,PR
4742,Colíder,MT
4743,Caldas Novas,GO
4744,Grão Mogol,MG
4745,Sonora,MS
4746,Correntina,BA
4747,Porto Murtinho,MS
4748,Alto Paraíso de Goiás,GO
4749,Anápolis,GO
4750,Itaobim,MG
4753,Curitiba,PR
4754,Lapa,PR
4755,Morro do Chapéu,BA
4756,Jataí,GO
4757,Guarapuava,PR
4758,Campina Grande do Sul,PR
4759,Manfrinópolis,PR
4760,Guarapuava,PR
4761,Quitandinha,PR
4762,Castro,PR
4763,Capitão Poço,PA
4764,Tijucas do Sul,PR
4765,Bataguassu,MS
4766,Mucuri,BA
4767,Tupiratins,TO
4768,Tibagi,PR
4769,Guaratuba,PR
4770,Nova Viçosa,BA
4771,Rondonópolis,MT
4772,Porto Murtinho,MS
4774,Piraquara,PR
4775,Manhuaçu,MG
4776,Palmas,PR
4778,São José dos Pinhais,PR
4779,Brasília,DF
4782,Cantagalo,PR
4786,Felício dos Santos,MG
4787,Manaus,AM
4788,Adrianópolis,PR
4789,Guarantã do Norte,MT
4790,Chapada dos Guimarães,MT
4791,Palmas,PR
4792,Macaíba,RN
4793,Pontal do Paraná,PR
4794,Guarapuava,PR
4795,Três Lagoas,MS
4798,Terra Rica,PR
4799,Mandirituba,PR
4800,Campina Grande do Sul,PR
4801,Jundiaí do Sul,PR
4802,Alto Paraíso de Goiás,GO
4803,Alta Floresta,MT
4804,São Francisco do Sul,SC
4805,Guaraqueçaba,PR
4806,Paranaíta,MT
4808,Colíder,MT
4809,Alta Floresta,MT
4810,Palmas,PR
4811,Coxim,MS
4812,Uberlândia,MG
4814,Céu Azul,PR
4815,Morungaba,SP
4816,Morretes,PR
4817,Jacareacanga,PA
4818,São Francisco do Sul,SC
4819,Alta Floresta,MT
4820,Alta Floresta,MT
4821,Lapa,PR
4822,Nova Friburgo,RJ
4823,Tibagi,PR
4824,Alta Floresta,MT
4825,Nova Andradina,MS
4826,Matozinhos,MG
4827,Piumhi,MG
4828,Foz do Iguaçu,PR
4829,Laguna,SC
4830,Lauro Muller,SC
4831,Bom Jesus,RS
4832,Morretes,PR
4833,Imbaú,PR
4834,Resende,RJ
4835,Peixe-Boi,PA
4836,Umuarama,PR
4837,Candói,PR
4838,Paranaguá,PR
4839,Bocaiúva do Sul,PR
4840,Tijucas do Sul,PR
4841,Curitiba,PR
4845,Cândido de Abreu,PR
4846,Cândido de Abreu,PR
4847,Arapoti,PR
4848,Pitanga,PR
4850,Ponte Alta do Tocantins,TO
4851,Santa Teresa,ES
4852,São Paulo,SP
4853,Santa Maria do Salto,MG
4854,Corumbá,MS
4855,Sant'Ana do Livramento,RS
4856,Capão do Leão,RS
4857,Pelotas,RS
4858,Brusque,SC
4859,Prudentópolis,PR
4861,Areias,SP
4862,Castelo,ES
4863,Vidal Ramos,SC
4864,Jaguariaíva,PR
4867,Porto Murtinho,MS
4868,Joaquim Felício,MG
4869,Anastácio,MS
4871,São José dos Pinhais,PR
4872,Piraquara,PR
4873,Conceição do Tocantins,TO
4875,Joaquim Felício,MG
4876,Vila Bela da Santíssima Trindade,MT
4877,Chapada dos Guimarães,MT
4878,Castelo,ES
4879,General Carneiro,PR
4880,Foz do Iguaçu,PR
4881,Foz do Iguaçu,PR
4882,Guaíra,PR
4883,Foz do Iguaçu,PR
4884,Mercedes,PR
4885,Foz do Iguaçu,PR
4886,Foz do Iguaçu,PR
4887,Foz do Iguaçu,PR
4888,Foz do Iguaçu,PR
4889,Foz do Iguaçu,PR
4890,Foz do Iguaçu,PR
4891,Foz do Iguaçu,PR
4892,Foz do Iguaçu,PR
4893,Guatambú,SC
4894,Foz do Iguaçu,PR
4895,Foz do Iguaçu,PR
4896,Guaíra,PR
4897,Foz do Iguaçu,PR
4898,Foz do Iguaçu,PR
4899,Foz do Iguaçu,PR
4901,Foz do Iguaçu,PR
4903,Foz do Iguaçu,PR
4904,Foz do Iguaçu,PR
4905,Matelândia,PR
4906,Santa Helena,PR
4907,Foz do Iguaçu,PR
4908,Maracaju,MS
4909,Foz do Iguaçu,PR
4910,Santa Terezinha de Itaipu,PR
4912,Guaíra,PR
4913,Foz do Iguaçu,PR
4914,Foz do Iguaçu,PR
4915,Foz do Iguaçu,PR
4916,Foz do Iguaçu,PR
4918,Foz do Iguaçu,PR
4919,Foz do Iguaçu,PR
4920,Cascavel,PR
4921,Santa Terezinha de Itaipu,PR
4922,Foz do Iguaçu,PR
4923,Foz do Iguaçu,PR
4924,Leblon Régis,SC
4925,Rio Bonito do Iguaçu,PR
4926,Foz do Iguaçu,PR
4927,Marechal Cândido Rondon,PR
4929,Foz do Iguaçu,PR
4930,Foz do Iguaçu,PR
4931,Foz do Iguaçu,PR
4933,Foz do Iguaçu,PR
4934,Foz do Iguaçu,PR
4935,Foz do Iguaçu,PR
4936,Matelândia,PR
4937,Foz do Iguaçu,PR
4938,Marechal Cândido Rondon,PR
4939,Foz do Iguaçu,PR
4940,Foz do Iguaçu,PR
4941,Foz do Iguaçu,PR
4942,Osório,RS
4943,Caxias do Sul,RS
4944,Mostardas,RS
4945,Osório,RS
4946,Osório,RS
4947,Osório,RS
4948,Quilombo,SC
4949,Santo Antônio da Patrulha,RS
4950,Osório,RS
4951,São Francisco de Paula,RS
4952,Irati,PR
4953,Caxias do Sul,RS
4954,São Joaquim,SC
4955,Iretama,PR
4956,Caxias do Sul,RS
4957,Bom Jesus,RS
4958,Santa Tereza,RS
4959,Candiota,RS
4960,Cáceres,MT
4961,Tavares,RS
4962,Cáceres,MT
4963,Osório,RS
4964,Osório,RS
4965,Piratini,RS
4966,Vacaria,RS
4967,Derrubadas,RS
4968,Candiota,RS
4969,Osório,RS
4970,Osório,RS
4971,Cambará do Sul,RS
4972,São Marcos,RS
4973,Cambará do Sul,RS
4974,Mostardas,RS
4975,Canguçu,RS
4976,Bom Jesus,RS
4977,São José do Norte,RS
4978,São Francisco de Paula,RS
4979,Caxias do Sul,RS
4980,Quevedos,RS
4981,Cambará do Sul,RS
4982,Balneário Pinhal,RS
4983,São Francisco de Paula,RS
4984,Gramado,RS
4985,Caxias do Sul,RS
4986,Santa Vitória do Palmar,RS
4987,Cambará do Sul,RS
4988,São Marcos,RS
4989,Arroio dos Ratos,RS
4990,Osório,RS
4991,Cambará do Sul,RS
4992,São Francisco de Assis,RS
4993,São Francisco de Paula,RS
4994,Três Passos,RS
4995,Osório,RS
4996,Itatim,BA
4997,Carira,SE
4998,Ruy Barbosa,BA
4999,Ruy Barbosa,BA
5000,Morro do Chapéu,BA
5001,Areia,PB
5002,Maravilha,AL
5003,Ruy Barbosa,BA
5004,Pinhão,SE
5005,Pinhão,SE
5006,Simão Dias,SE
5007,Juazeiro,BA
5008,Panelas,PE
5009,Morro do Chapéu,BA
5010,São José da Laje,AL
5011,Maravilha,AL
5012,Vitória da Conquista,BA
5013,Milagres,BA
5014,Campo Mourão,PR
5015,Nísia Floresta,RN
5016,São José do Mipibú,RN
5017,São José do Mipibú,RN
5018,Nísia Floresta,RN
5019,Paulista,PE
5020,Linhares,ES
5021,Santa Teresa,ES
5022,Pombos,PE
5023,Goiana,PE
5024,Rio de Janeiro,RJ
5025,Belo Jardim,PE
5026,Bezerros,PE
5027,Sirinhaém,PE
5028,Cabo de Santo Agostinho,PE
5029,Igarassu,PE
5030,Caracaraí,RR
5031,Amajari,RR
5032,Quebrangulo,AL
5033,Agrestina,PE
5034,Bezerros,PE
5035,Amargosa,BA
5036,Areia Branca,SE
5037,Bezerros,PE
5038,Bonito,PE
5039,Maranguape,CE
5040,Guaramiranga,CE
5041,Areia Branca,SE
5042,Maringá,PR
5043,Maringá,PR
5044,Maringá,PR
5045,Maringá,PR
5046,Maringá,PR
5047,Maringá,PR
5048,Maringá,PR
5049,Maringá,PR
5050,Maringá,PR
5051,Maringá,PR
5052,Maringá,PR
5053,Três Lagoas,MS
5054,Campo Mourão,PR
5055,Nova Cantu,PR
5056,São Vicente do Sul,RS
5057,São Vicente do Sul,RS
5058,Dona Francisca,RS
5059,São Pedro do Sul,RS
5060,Bagé,RS
5061,São Vicente do Sul,RS
5062,Dona Francisca,RS
5063,Santiago,RS
5064,Cambé,PR
5065,Maringá,PR
5066,Maringá,PR
5067,Pinhão,PR
5068,Maringá,PR
5069,Diamante do Norte,PR
5070,Pinhão,PR
5071,Maringá,PR
5072,Cianorte,PR
5073,Faxinal,PR
5074,Sacramento,MG
5075,Maringá,PR
5076,Pinhão,PR
5077,Maringá,PR
5078,Diamante do Norte,PR
5079,Diamante do Norte,PR
5080,Maringá,PR
5081,Diamante do Norte,PR
5082,Diamante do Norte,PR
5083,Diamantina,MG
5084,Maringá,PR
5085,Maringá,PR
5086,Cianorte,PR
5087,Faxinal,PR
5088,Diamante do Norte,PR
5089,Rio de Janeiro,RJ
5090,Belo Vale,MG
5091,Santana do Riacho,MG
5093,Florianópolis,SC
5094,Belo Horizonte,MG
5095,Mangaratiba,RJ
5096,Florianópolis,SC
5097,Santana do Riacho,MG
5098,Santana do Riacho,MG
5099,Caeté,MG
5100,Rio de Janeiro,RJ
5101,Teresópolis,RJ
5102,Vitória,ES
5103,Guapimirim,RJ
5104,Rio de Janeiro,RJ
5105,Florianópolis,SC
5106,Nova Friburgo,RJ
5107,Nova Friburgo,RJ
5108,Mimoso do Sul,ES
5109,Campos do Jordão,SP
5110,Resende,RJ
5111,Rio de Janeiro,RJ
5112,Teresópolis,RJ
5113,São José do Vale do Rio Preto,RJ
5114,Nova Friburgo,RJ
5115,Maricá,RJ
5116,Nova Friburgo,RJ
5117,São José do Vale do Rio Preto,RJ
5118,Maricá,RJ
5119,Itatiaia,RJ
5120,Duas Barras,RJ
5121,Rio de Janeiro,RJ
5122,Santana do Riacho,MG
5123,Rio de Janeiro,RJ
5124,Angra dos Reis,RJ
5125,Cabo Frio,RJ
5126,Canelinha,SC
5127,Brusque,SC
5128,São Bonifácio,SC
5129,Morro Grande,SC
5130,Águas Mornas,SC
5131,Itatiaia,RJ
5132,Morro do Chapéu,BA
5133,Florianópolis,SC
5134,Laguna,SC
5135,Florianópolis,SC
5136,Rio de Janeiro,RJ
5137,Rio de Janeiro,RJ
5138,Campina Verde,GO
5139,Igarassu,PE
5140,Maceió,AL
5141,Jaqueira,PE
5142,Jaqueira,PE
5143,Recife,PE
5144,Maturéia,PB
5145,Areia,PB
5146,Areia,PB
5147,Corupá,SC
5148,Joinville,SC
5149,Jaqueira,PE
5150,Baía Formosa,RN
5151,Jaqueira,PE
5152,Maceió,AL
5153,Jaqueira,PE
5154,Quebrangulo,AL
5155,João Pessoa,PB
5156,Quebrangulo,AL
5157,Quebrangulo,AL
5158,Mataraca,PB
5159,Jaqueira,PE
5160,Santa Rita,PB
5161,Pilar,AL
5162,Florianópolis,SC
5163,Anita Garibaldi,SC
5164,João Pessoa,PB
5165,João Pessoa,PB
5166,Jaqueira,PE
5167,Jaqueira,PE
5168,Maceió,AL
5169,Santa Rita,PB
5170,Conde,PB
5171,Cruz do Espírito Santo,PB
5172,Porto Belo,SC
5173,Capinzal,SC
5174,Turvo,SC
5175,Igarassu,PE
5176,Praia Grande,SC
5177,Otacílio Costa,SC
5178,Rio Fortuna,SC
5179,Itapoá,SC
5180,Biguaçu,SC
5181,São João do Itaperiú,SC
5182,Coronel Domingos Soares,PR
5183,Itambé,PR
5184,Quatro Barras,PR
5185,Florianópolis,SC
5186,Itapema,SC
5188,Rio de Janeiro,RJ
5189,Tefé,AM
5191,Governador Valadares,MG
5192,Sobrália,MG
5193,Santa Cruz do Escalvado,MG
5194,Bom Jesus do Galho,MG
5195,Caratinga,MG
5196,Mariana,MG
5197,Mariana,MG
5198,São José do Goiabal,MG
5199,Itueta,MG
5200,Barra Longa,MG
5201,Marilândia,ES
5202,Conselheiro Pena,MG
5203,Rio de Janeiro,RJ
5204,Morretes,PR
5205,Januária,MG
5206,Sombrio,SC
5207,Palmas,PR
5208,Cristália,MG
5209,Iguatemi,MS
5211,Governador Valadares,MG
5212,Sengés,PR
5213,Rio Casca,MG
5214,Jaguariaíva,PR
5215,Santana do Riacho,MG
5216,Diamantina,MG
5217,Jaguariaíva,PR
5218,Paranaguá,PR
5219,Quatro Barras,PR
5220,Goiânia,GO
5221,Rio Brilhante,MS
5222,Lima Duarte,MG
5223,Lima Duarte,MG
5224,Brasília,DF
5225,Guaratuba,PR
5226,Foz do Iguaçu,PR
5227,Guarapuava,PR
5228,Santo Antônio do Caiuá,PR
5229,Rio de Contas,BA
5230,Piedade,SP
5231,Tibagi,PR
5232,Couto de Magalhães de Minas,MG
5233,Couto de Magalhães de Minas,MG
5234,Guaratuba,PR
5235,Linhares,ES
5236,Almirante Tamandaré,PR
5237,Colatina,ES
5238,Colatina,ES
5239,Santa Cruz do Escalvado,MG
5240,Caxias do Sul,RS
5241,Cambará do Sul,RS
5242,Antônio Prado,RS
5243,Cambará do Sul,RS
5245,Resplendor,MG
5246,Campos Novos,SC
5247,Caxias do Sul,RS
5248,Canela,RS
5249,São Francisco de Paula,RS
5250,Santana do Paraíso,MG
5251,Caxias do Sul,RS
5252,Monte Belo do Sul,RS
5253,Governador Valadares,MG
5254,Monte Alegre dos Campos,RS
5255,Linhares,ES
5256,Linhares,ES
5257,Linhares,ES
5258,Linhares,ES
5259,Aimorés,MG
5260,Aracruz,ES
5261,Marliéria,MG
5262,São José do Goiabal,MG
5263,Colatina,ES
5264,Iapu,MG
5265,Linhares,ES
5266,Caratinga,MG
5267,Itueta,MG
5268,Linhares,ES
5269,Conselheiro Pena,MG
5270,Rio Casca,MG
5271,Mariana,MG
5272,Curitiba,PR
5273,Mato Verde,MG
5274,Grão Mogol,MG
5275,Santana do Riacho,MG
5276,Mato Verde,MG
5277,Rio de Contas,BA
5278,Botumirim,MG
5279,Linhares,ES
5280,Mariana,MG
5281,Mariana,MG
5282,Mariana,MG
5283,Barra Longa,MG
5284,Ponte Nova,MG
5285,Timóteo,MG
5286,Ponte Nova,MG
5287,Rio Doce,MG
5288,Caratinga,MG
5289,Rio Casca,MG
5290,Sem-Peixe,MG
5291,Linhares,ES
5292,Barra Longa,MG
5293,Tumiritinga,MG
5294,Barra Longa,MG
5295,Morretes,PR
5296,Mariana,MG
5297,Caxias do Sul,RS
5298,Monte Belo do Sul,RS
5299,Ouro Preto,MG
5300,Caxias do Sul,RS
5301,Santa Tereza,RS
5302,Caxias do Sul,RS
5303,Itatiaia,RJ
5304,Tibagi,PR
5305,Campo Mourão,PR
5306,Riacho dos Machados,MG
5307,Itapoá,SC
5308,Tibagi,PR
5309,Morretes,PR
5310,Castro,PR
5311,Campo Magro,PR
5312,Palhoça,SC
5313,Altamira,PA
5314,São Mateus do Sul,PR
5315,Palmas,PR
5316,São Mateus do Sul,PR
5317,Tapiraí,SP
5318,São João Batista do Glória,MG
5319,Piumhi,MG
5320,São Pedro da Aldeia,RJ
5321,Cristália,MG
5323,Prado,BA
5324,Delfinópolis,MG
5325,Altônia,PR
5326,Guaraqueçaba,PR
5327,Jundiaí do Sul,PR
5328,Matinhos,PR
5329,Adrianópolis,PR
5331,Candói,PR
5332,Guabiruba,SC
5333,São João Batista do Glória,MG
5334,Jaguariaíva,PR
5335,Tunas do Paraná,PR
5336,Venda Nova do Imigrante,ES
5337,Delfinópolis,MG
5338,Turvo,PR
5339,Barra da Estiva,BA
5340,Tibagi,PR
5341,Rio Brilhante,MS
5342,Guaratuba,PR
5343,Valença,BA
5344,Arapoti,PR
5345,Tibagi,PR
5346,Aquidauana,MS
5348,Ilhéus,BA
5349,Mucugê,BA
5350,Guaratuba,PR
5352,Três Marias,MG
5354,Venda Nova do Imigrante,ES
5355,São José dos Pinhais,PR
5356,Arapoti,PR
5358,Pereira Barreto,SP
5359,Balneário Camboriú,SC
5361,União da Vitória,PR
5362,Buritizeiro,MG
5363,Matinhos,PR
5364,Delfinópolis,MG
5365,Perdizes,MG
5366,Bocaiúva do Sul,PR
5367,Jaguariaíva,PR
5368,Guaraqueçaba,PR
5369,São José dos Pinhais,PR
5370,Palmeira,PR
5371,Campina Grande do Sul,PR
5372,Guaraqueçaba,PR
5373,São João d'Aliança,GO
5374,Porto Murtinho,MS
5375,Franco da Rocha,SP
5376,Caraguatatuba,SP
5377,Paulo Frontin,PR
5379,São Sebastião,SP
5380,Tibagi,PR
5381,Ponta Grossa,PR
5382,Guarapuava,PR
5383,São João do Triunfo,PR
5384,Bocaiúva do Sul,PR
5385,Rio Branco do Sul,PR
5386,São José da Boa Vista,PR
5387,São Miguel Arcanjo,SP
5388,Lindoeste,PR
5389,Matinhos,PR
5390,Rio de Contas,BA
5391,Rio de Janeiro,RJ
5392,Ubatuba,SP
5393,Cocos,BA
5394,Brasília,DF
5395,Nova Venécia,ES
5396,Quatro Barras,PR
5397,Garuva,SC
5398,Guaraqueçaba,PR
5399,Ponta Grossa,PR
5400,Itapoá,SC
5401,Santa Mariana,PR
5402,Alfredo Chaves,ES
5403,Cachoeiro de Itapemirim,ES
5404,Posse,GO
5405,Guarani de Goiás,GO
5406,Nova Roma,GO
5407,Mateiros,TO
5408,Monte Alegre de Goiás,GO
5409,Matinhos,PR
5410,Itapecerica da Serra,SP
5411,Bom Jesus,RS
5412,Piraquara,PR
5413,Tunas do Paraná,PR
5414,Luiz Alves,SC
5415,América Dourada,BA
5416,América Dourada,BA
5417,América Dourada,BA
5418,Paraty,RJ
5419,São Domingos,GO
5420,Pirenópolis,GO
5422,Guarani de Goiás,GO
5423,Cocos,BA
5424,Alto Paraíso de Goiás,GO
5425,Alexânia,GO
5426,Planaltina,GO
5427,Ponte Alta do Tocantins,TO
5428,Alto Paraíso de Goiás,GO
5429,Campos Belos,GO
5430,Brasília,DF
5431,Brasília,DF
5432,Padre Bernardo,GO
5433,Brasília,DF
5434,Rio Paranaíba,MG
5435,Formosa,GO
5436,Formosa,GO
5437,Abadiânia,GO
5438,Padre Bernardo,GO
5439,Morro do Chapéu,BA
5440,América Dourada,BA
5441,América Dourada,BA
5442,Morro do Chapéu,BA
5443,Morro do Chapéu,BA
5444,Mateiros,TO
5445,Cambará do Sul,RS
5446,Itaara,RS
5447,Garuva,SC
5449,São José dos Ausentes,RS
5450,São Joaquim,SC
5451,Tapes,RS
5452,Santo Antônio da Patrulha,RS
5453,São José dos Ausentes,RS
5454,Bom Jesus,RS
5455,Cambará do Sul,RS
5456,Andaraí,BA
5457,São Marcos,RS
5458,São Vicente,SP
5459,Campos Belos,GO
5460,Nova Roma,GO
5461,Cocalzinho de Goiás,GO
5462,Posse,GO
5463,Monte Alegre de Goiás,GO
5464,Brazlândia,DF
5465,Brasília,DF
5466,Viamão,RS
5467,Porto Alegre,RS
5468,Cristal,RS
5469,Ortigueira,PR
5470,Brazlândia,DF
5471,Cristalina,GO
5472,Mateiros,TO
5473,São Félix do Tocantins,TO
5474,Niquelândia,GO
5475,São Miguel do Araguaia,GO
5476,Santo Antônio do Descoberto,GO
5477,Paraúna,GO
5478,Nova Roma,GO
5479,Nova Roma,GO
5480,Nova Roma,GO
5481,Niquelândia,GO
5482,Brasília,DF
5483,Brasília,DF
5484,Brasília,DF
5485,Corumbá de Goiás,GO
5486,Doverlândia,GO
5487,Brasília,DF
5488,Alvorada do Norte,GO
5489,Guarani de Goiás,GO
5490,Cocos,BA
5491,Nova Venécia,ES
5492,Cocalzinho de Goiás,GO
5493,Alexânia,GO
5494,Bento Gonçalves,RS
5495,Itatim,BA
5496,Osório,RS
5497,Santo Ângelo,RS
5498,Palmeiras,BA
5499,Morro do Chapéu,BA
5500,Morro do Chapéu,BA
5501,Torres,RS
5502,Andaraí,BA
5503,Itatim,BA
5504,Itacaré,BA
5505,Mucugê,BA
5506,Osório,RS
5507,Osório,RS
5508,Garibaldi,RS
5509,São Francisco de Paula,RS
5510,Santa Tereza,RS
5511,Iaçu,BA
5512,Campo Mourão,PR
5513,Céu Azul,PR
5514,Campo Mourão,PR
5515,Umuarama,PR
5516,Prudentópolis,PR
5517,Guaraniaçu,PR
5518,Guaraniaçu,PR
5519,Campo Mourão,PR
5520,Campo Mourão,PR
5521,Campo Mourão,PR
5522,Inácio Martins,PR
5523,Inácio Martins,PR
5524,Inácio Martins,PR
5525,Nova Friburgo,RJ
5526,Piraí do Sul,PR
5527,Cabo Frio,RJ
5528,Quatro Barras,PR
5529,Morretes,PR
5530,Alto Paraíso de Goiás,GO
5531,Salinópolis,PA
5532,Morretes,PR
5533,Quatro Barras,PR
5534,Torres,RS
5535,Campos do Jordão,SP
5536,Petrópolis,RJ
5537,Campina Grande do Sul,PR
5538,Guarapuava,PR
5539,Morretes,PR
5540,Adrianópolis,PR
5541,Pontal do Paraná,PR
5542,Colombo,PR
5543,Campo Largo,PR
5544,Itaperuçu,PR
5545,Campos do Jordão,SP
5546,Ipiranga,PR
5547,Morretes,PR
5548,Curitiba,PR
5549,São Joaquim,SC
5550,Candói,PR
5551,Iretama,PR
5552,Corumbá,MS
5553,Campo Largo,PR
5554,Morretes,PR
5555,Adrianópolis,PR
5556,São Francisco de Paula,RS
5557,Torres,RS
5558,Osório,RS
5559,São Francisco de Paula,RS
5560,Vacaria,RS
5561,São Francisco de Paula,RS
5562,Piraquara,PR
5563,Carambeí,PR
5564,Campo Mourão,PR
5565,Campo Largo,PR
5566,Guapiara,SP
5567,Ribeirão Branco,SP
5568,Piraí do Sul,PR
5569,Adrianópolis,PR
5570,Ponta Grossa,PR
5571,Tomazina,PR
5572,Curitiba,PR
5573,Porto Amazonas,PR
5574,Três Coroas,RS
5575,Caxias do Sul,RS
5576,Bom Jesus,RS
5577,Torres,RS
5578,Vacaria,RS
5579,Quilombo,SC
5580,Novo Cabrais,RS
5581,Osório,RS
5582,São José do Norte,RS
5583,Itati,RS
5584,Carlos Barbosa,RS
5585,São Pedro do Sul,RS
5586,Cambará do Sul,RS
5587,Garibaldi,RS
5588,Caxias do Sul,RS
5589,Ijuí,RS
5590,Morrinhos do Sul,RS
5591,Esmeralda,RS
5592,Cidreira,RS
5593,Osório,RS
5594,Caxias do Sul,RS
5595,Alagoa,MG
5596,Palmeira,PR
5597,Ilhabela,SP
5598,Ilhabela,SP
5599,Caxias do Sul,RS
5600,Guarapuava,PR
5601,São Francisco de Paula,RS
5602,Nova Petrópolis,RS
5603,Farroupilha,RS
5604,Nonoai,RS
5605,Osório,RS
5606,Sant'Ana do Livramento,RS
5607,Torres,RS
5608,Bom Jesus,RS
5609,Palmas,PR
5610,Sant'Ana do Livramento,RS
5611,Alcobaça,BA
5612,Sant'Ana do Livramento,RS
5613,Ponta Grossa,PR
5614,Vereda,BA
5615,São Joaquim,SC
5616,Ponta Grossa,PR
5617,Petrópolis,RJ
5618,Guaraqueçaba,PR
5619,Prudentópolis,PR
5620,Morretes,PR
5621,Lapa,PR
5622,Curitiba,PR
5623,Telêmaco Borba,PR
5624,Paranaguá,PR
5625,Castro,PR
5626,Maria Helena,PR
5627,Turvo,PR
5628,Campina do Simão,PR
5629,Marapanim,PA
5630,Carolina,PA
5631,Angico,TO
5632,Cambará do Sul,RS
5633,Belterra,PA
5634,Petrópolis,RJ
5635,Carolina,MA
5636,Morretes,PR
5637,Paranaguá,PR
5638,Paranaguá,PR
5639,Morretes,PR
5640,Guaraqueçaba,PR
5642,Farol,PR
5643,Farol,PR
5644,Farol,PR
5645,Santa Helena,PR
5646,Ronda Alta,RS
5647,Santa Helena,PR
5648,São Manuel,SP
5649,Santa Helena,PR
5650,Jundiaí,SP
5651,Santa Helena,PR
5652,Botucatu,SP
5653,Foz do Iguaçu,PR
5654,Botucatu,SP
5655,Santa Helena,PR
5656,Bofete,SP
5657,Bananal,SP
5658,Santa Helena,PR
5659,Santa Helena,PR
5660,Santa Helena,PR
5661,Santa Helena,PR
5662,Sâo Manuel,SP
5663,Botucatu,SP
5664,Botucatu,SP
5665,Botucatu,SP
5666,Botucatu,SP
5667,Botucatu,SP
5668,Santa Helena,PR
5669,Ronda Alta,RS
5670,Santa Helena,PR
5671,Santa Helena,PR
5672,Santa Helena,PR
5673,Paranaguá,PR
5674,Toledo,PR
5675,Campo Mourão,PR
5676,Chapadão do Sul,MS
5677,Curitiba,PR
5678,São José dos Pinhais,PR
5679,Jaguariaíva,PR
5680,Jaguariaíva,PR
5681,Curitiba,PR
5682,Mangueirinha,PR
5683,Ponta Porã,MS
5684,Coronel Domingos Soares,PR
5685,Peabiru,PR
5686,Chapadão do Sul,MS
5687,Cassilândia,MS
5688,Piraquara,PR
5689,Jaguariaíva,PR
5690,São José da Boa Vista,PR
5691,Porto Amazonas,PR
5692,Porto Amazonas,PR
5693,São José dos Pinhais,PR
5694,Almirante Tamandaré,PR
5695,Curitiba,PR
5696,Itapoá,SC
5697,Guaratuba,PR
5698,Jaguariaíva,PR
5699,Cassilândia,MS
5700,Chapadão do Sul,MS
5701,Piraí do Sul,PR
5702,Coronel Domingos Soares,PR
5703,Piraquara,PR
5704,Palmeira,PR
5705,Jaguariaíva,PR
5706,São José da Boa Vista,PR
5707,Castro,PR
5708,Palmeira,PR
5709,Teixeira Soares,PR
5710,Porto Amazonas,PR
5711,Lapa,PR
5712,Colômbia,SP
5713,Campo Largo,PR
5714,Araquari,SC
5715,Teresópolis,RJ
5716,Marliéria,MG
5717,Toledo,PR
5718,Cascavel,PR
5719,Marliéria,MG
5720,Marliéria,MG
5721,Marliéria,MG
5722,Matelândia,PR
5723,Nova Tebas,PR
5724,Nova Tebas,PR
5725,Fazenda Rio Grande,PR
5726,Fazenda Rio Grande,PR
5727,São José dos Pinhais,PR
5728,Morretes,PR
5729,Lima Duarte,MG
5730,Contenda,PR
5731,Irati,PR
5732,Toledo,PR
5733,São Miguel do Iguaçu,PR
5734,?,PR
5735,Cascavel,PR
5736,Ponta Porã,MS
5737,Itaperuçu,PR
5738,Campo Largo,PR
5739,São José dos Pinhais,PR
5740,Fazenda Rio Grande,PR
5741,Guapiara,SP
5742,Jacarezinho,PR
5743,Jacarezinho,PR
5744,Jacarezinho,PR
5745,Pindorama do Tocantins,TO
5746,Miracema do Tocantins,TO
5747,Porto Nacional,TO
5748,Palmas,TO
5749,Miracema do Tocantins,TO
5750,Palmas,TO
5751,Palmas,TO
5752,Itapiratins,TO
5753,Palmas,TO
5754,Palmas,TO
5755,Palmas,TO
5756,Porto Nacional,TO
5757,Paraíso do Tocantins,TO
5758,Palmas,TO
5759,Porto Nacional,TO
5760,Porto Nacional,TO
5761,Porto Nacional,TO
5762,Porto Nacional,TO
5763,Porto Nacional,TO
5764,Porto Nacional,TO
5765,Porto Nacional,TO
5766,Palmas,TO
5767,Paraíso do Tocantins,TO
5768,Palmas,TO
5769,Porto Nacional,TO
5770,Peixe,TO
5771,Porto Nacional,TO
5772,Itapiratins,TO
5773,Porto Nacional,TO
5774,Lagoa da Confusão,TO
5775,Palmas,TO
5776,Ipueiras,TO
5777,Palmas,TO
5778,Palmas,TO
5779,Paraíso do Tocantins,TO
5780,Brejinho de Nazaré,TO
5781,Porto Nacional,TO
5782,Palmas,TO
5783,Paraíso do Tocantins,TO
5784,Tupiratins,TO
5785,Miracema do Tocantins,TO
5786,Porto Nacional,TO
5787,Guairaçá,PR
5789,Curitiba,PR
5790,São Paulo,SP
5791,Serra do Navio,AP
5792,Itaituba,PA
5793,Pedra Branca do Amapari,AP
5794,Antonina,PR
5795,Palmeira,PR
5796,Castelo,ES
5797,Rio de Janeiro,RJ
5798,Castro,PR
5799,Curitiba,PR
5800,Santa Isabel do Rio Negro,AM
5801,Castelo,ES
5802,Cerro Azul,PR
5803,Londrina,PR
5804,Castelo,ES
5805,Darcinópolis,TO
5806,Carolina,MA
5807,Darcinópolis,TO
5808,São Pedro do Paraná,PR
5809,Apiaí,SP
5810,Ouro Preto,MG
5811,Itaituba,PA
5812,Babaculândia,TO
5813,Ouro Preto,MG
5814,Cingapura,BT
5815,Piraquara,PR
5816,Itaituba,PA
5817,Belterra,PA
5818,Santa Maria do Oeste,PR
5819,Mucugê,BA
5820,Antonina,PR
5821,Antonina,PR
5822,Antonina,PR
5823,Itaituba,PA
5824,Pedra Branca do Amapari,AP
5825,Piraquara,PR
5826,Guaratuba,PR
5827,Matinhos,PR
5828,Guaraqueçaba,PR
5829,Telêmaco Borba,PR
5830,São Bento do Sul,SC
5831,São Bento do Sul,SC
5832,Ilhota,SC
5833,Cachoeira Paulista,SP
5834,Muitos Capões,RS
5835,Garopaba,SC
5836,Nova Petrópolis,RS
5837,Muitos Capões,RS
5838,Itapoá,SC
5839,Nova Petrópolis,RS
5840,São Gabriel,RS
5841,São José do Brarreiro,SP
5842,Boa Nova,BA
5843,Rio de Contas,BA
5844,Lagoa Real,BA
5845,Guaratuba,PR
5846,Caxias do Sul,RS
5847,Sant'Ana do Livramento,RS
5848,Quaraí,RS
5849,São Francisco de Paula,RS
5850,São Francisco de Paula,RS
5851,São Francisco de Paula,RS
5852,Nova Roma do Sul,RS
5853,Santa Tereza,RS
5854,Manoel Viana,RS
5855,Quaraí,RS
5856,Quaraí,RS
5857,São Francisco de Assis,RS
5858,São Francisco de Assis,RS
5859,São Pedro do Sul,RS
5860,São Francisco de Paula,RS
5861,Alegrete,RS
5862,Iraí,RS
5863,Farroupilha,RS
5864,São Francisco de Assis,RS
5865,Caxias do Sul,RS
5866,São Francisco de Assis,RS
5867,Torres,RS
5868,São Francisco de Assis,RS
5869,São Francisco de Assis,RS
5872,Rio Preto,MG
5873,Santiago,RS
5874,Unistalda,RS
5875,Bossoroca,RS
5876,Derrubadas,RS
5877,Vacaria,RS
5878,Caxias do Sul,RS
5879,Santa Rosa de Lima,SC
5880,Cruzeiro,SP
5882,Urubici,SC
5883,Osório,RS
5884,Urubici,SC
5885,São Bonifácio,SC
5886,Urubici,SC
5887,São Francisco de Paula,RS
5888,São Francisco de Paula,RS
5889,Monte Belo do Sul,RS
5890,Antônio Prado,RS
5891,Dom Pedro de Alcântra,RS
5893,Bom Jesus,RS
5894,Campina Grande do Sul,PR
5895,Palmeira,PR
5896,Águas de São Pedro,SP
5897,Morretes,PR
5898,Itapoá,SC
5899,Londrina,PR
5900,Penha,SC
5901,Lavras,MG
5902,Paranaguá,PR
5903,Jaguariaíva,PR
5904,Guaratuba,PR
5905,Curitiba,PR
5906,Guaratuba,PR
5907,Castro,PR
5908,Matinhos,PR
5909,Itapera d'Oeste,PR
5910,Águas de Lindóia,SP
5911,Balsa Nova,PR
5912,Tijucas do Sul,PR
5913,Navegantes,SC
5914,Matinhos,PR
5915,Porto União,SC
5916,Sengés,PR
5917,Guaraqueçaba,PR
5918,Jaguariaíva,PR
5919,Massaranduba,SC
5920,Paranaguá,PR
5921,São João do Triunfo,PR
5922,Garopaba,SC
5923,Nova Cantu,PR
5924,São Bento do Sul,SC
5925,Colombo,PR
5926,Nova Cantu,PR
5927,Rio Branco do Sul,PR
5928,Tibagi,PR
5929,Piraquara,PR
5930,Campo Mourão,PR
5931,Terra Rica,PR
5932,Terra Rica,PR
5933,Piraquara,PR
5934,Nova Cantu,PR
5935,Curitiba,PR
5936,Antonina,PR
5937,São Bento do Sul,SC
5938,São Bento do Sul,SC
5939,São Bento do Sul,SC
5940,São Bento do Sul,SC
5941,São Bento do Sul,SC
5942,São Bento do Sul,SC
5943,Morretes,PR
5944,Balsa Nova,PR
5945,Guaratuba,PR
5946,Piraquara,PR
5947,Araucária,PR
5948,Colombo,PR
5949,Coronel Domingos Soares,PR
5950,Porto Amazonas,PR
5951,Campo Mourão,PR
5952,Touros,RN
5953,São Bento do Sul,SC
5954,São Bento do Sul,SC
5955,São Bento do Sul,SC
5956,São Bento do Sul,SC
5957,Mafra,SC
5958,Paranaguá,PR
5959,São Bento do Sul,SC
5960,São Bento do Sul,SC
5961,Tijucas do Sul,PR
5962,Quinta do Sol,PR
5963,Tomazina,PR
5964,Macaúbas,BA
5965,Gouveia,MG
5966,Bonito,MS
5967,Garuva,SC
5968,Porto Seguro,BA
5969,Posse,GO
5970,Piraquara,PR
5971,Cerro Azul,PR
5972,Curitiba,PR
5973,Piraquara,PR
5974,Palhoça,SC
5975,Curitiba,PR
5976,Guarapuava,PR
5977,Morretes,PR
5978,Araucária,PR
5979,Diamante do Norte,PR
5980,Paranaguá,PR
5981,Miguel Pereira,RJ
5982,Lapa,PR
5983,Matinhos,PR
5984,Turvo,PR
5985,Nazaré,BA
5986,Urandi,BA
5987,Coronel Domingos Soares,PR
5988,Turvo,PR
5989,Prudentópolis,PR
5990,Campo Largo,PR
5991,Antonina,PR
5992,Ponta Porã,MS
5993,Porto Murtinho,MS
5994,Piraquara,PR
5995,Curitiba,PR
5996,Iguatemi,MS
5997,Adrianópolis,PR
5998,Guaraqueçaba,PR
5999,São João d'Aliança,GO
6000,Boquira,BA
6001,Rio de Contas,BA
6002,São Mateus,ES
6003,Datas,MG
6004,Venda Nova do Imigrante,ES
6005,Cristalina,GO
6006,Nossa Senhora das Graças,PR
6007,Arraias,TO
6008,Antonina,PR
6009,Vila Bela da Santíssima Trindade,MT
6010,Senador Mourão,MG
6011,São João d'Aliança,GO
6012,Bodoquena,MS
6013,Campo Largo,PR
6014,Morretes,PR
6015,Rio Branco do Sul,PR
6016,São José dos Pinhais,PR
6017,Piraju,SP
6018,Rio Branco do Sul,PR
6019,Tijucas do Sul,PR
6020,Palmeira,PR
6021,Palmeira,PR
6022,Ponta Grossa,PR
6023,Barra do Piraí,RJ
6024,Cunha,SP
6025,Passa-Vinte,MG
6026,Barão de Monte Alto,MG
6027,Grão Mogol,MG
6028,Paranaguá,PR
6029,Pirenópolis,GO
6030,Capitão Enéas,MG
6031,Felisberto Caldeira,MG
6032,Antonina,PR
6033,Couto de Magalhães de Minas,MG
6034,Serro,MG
6035,Curitiba,PR
6036,Pratânia,SP
6037,Cavalcante,GO
6038,Jaboticatubas,MG
6039,São Luiz do Paraitinga,SP
6040,Matinhos,PR
6041,Antonina,PR
6042,Paranaguá,PR
6043,Castro,PR
6044,Bombinhas,PR
6045,Foz do Iguaçu,PR
6046,São José dos Pinhais,PR
6047,Cascavel,PR
6048,Campo Largo,PR
6049,Paranavaí,PR
6050,Ibirama,SC
6051,Água Fria de Goiás,GO
6052,Terra Rica,PR
6053,Curitiba,PR
6054,Palmeira,PR
6055,Porto Murtinho,MS
6056,Telêmaco Borba,PR
6057,Cerro Azul,PR
6058,Iaçu,BA
6059,Campo Mourão,PR
6060,Teodoro Sampaio,SP
6061,Pinhais,PR
6062,Rio de Contas,BA
6063,Posse,GO
6064,Teresina de Goiás,GO
6065,Cuiabá,MT
6066,Mallhada,BA
6067,Teodoro Sampaio,SP
6068,Paranaguá,PR
6069,Juiz de Fora,MG
6070,Paranaguá,PR
6071,Milagres,BA
6072,Campina Grande do Sul,PR
6073,Botucatu,SP
6074,Verê,PR
6075,Porto Murtinho,MS
6076,Amambai,MS
6077,Pirapora,MG
6078,São Mateus do Sul,PR
6079,São Mateus do Sul,PR
6080,Dourados,MS
6081,Morretes,PR
6082,Maringá,PR
6083,Bonito,MS
6084,Corinto,MG
6085,Valença,RJ
6086,Cachoeira,BA
6087,Rialma,GO
6088,Miranda,MS
6089,Laguna,SC
6090,Toledo,PR
6091,Campo Magro,PR
6092,Itapoá,SC
6093,Coronel Domingos Soares,PR
6094,Campina Grande do Sul,PR
6095,Francisco Dumont,MG
6096,São Luiz do Paraitinga,SP
6097,Urubici,SC
6098,Licínio de Almeida,BA
6099,Cruz das Almas,BA
6100,Igrapiúna,BA
6101,Lençois,BA
6102,Itacaré,BA
6103,Almadina,BA
6104,Conceição do Almeida,BA
6105,Rio de Contas,BA
6106,Licínio de Almeida,BA
6107,Tomazina,PR
6108,Campo do Tenente,PR
6109,Santa Maria da Vitória,BA
6110,Gouveia,MG
6111,Alto Paraíso de Goiás,GO
6112,Datas,MG
6113,Coronel Domingos Soares,PR
6114,Alto Paraíso de Goiás,GO
6115,Curitiba,PR
6116,Pontal do Paraná,PR
6117,Conceição do Mato Dentro,MG
6118,Turvo,PR
6119,Guarapuava,PR
6120,Pedro Leopoldo,MG
6121,Campinas,SP
6122,Santa Maria da Vitória,BA
6123,Itaituba,PA
6124,Abaíra,BA
6125,Cascavel,PR
6126,Igrapiúna,BA
6127,Coaraci,BA
6128,Ponta de Pedras,PA
6129,Entre Rios,BA
6130,Santarém,PA
6131,Abaíra,BA
6132,Mucugê,BA
6133,Rio de Contas,BA
6134,Morro do Chapéu,BA
6135,Feira de Santana,BA
6136,Canaã dos Carajás,PA
6137,Feira de Santana,BA
6138,Parauapebas,PA
6139,Porto Seguro,BA
6140,Santo Antônio de Jesus,BA
6141,Itacambira,MG
6142,Casa Nova,BA
6143,São Gabriel da Cachoeira,AM
6144,Itaituba,PA
6145,Januária,MG
6146,Licínio de Almeida,BA
6147,Prainha,PA
6148,Cametá,PA
6149,Santana do Riacho,MG
6150,Milagres,BA
6151,Entre Rios,BA
6153,Monte Alegre,PA
6154,Grajaú,MA
6155,Lagedo do Tabocal,BA
6156,Xique-Xique,BA
6157,Jacobina,BA
6158,MIguel Calmon,BA
6159,Cafarnaum,BA
6160,Itaberaba,BA
6161,Miguel Calmon,BA
6162,Conceição do Almeida,BA
6163,Datas,MG
6164,Salvaterra,PA
6165,Humaitá,AM
6166,Rio de Contas,BA
6167,Jequié,BA
6168,Jeremoabo,BA
6169,Mucugê,BA
6170,Macaúbas,BA
6171,Dom Basílio,BA
6172,Itaité,BA
6173,Porto Nacional,TO
6174,Morro do Chapéu,BA
6175,Barra,BA
6176,Xique-Xique,BA
6177,Irecê,BA
6178,Macaúbas,BA
6179,Ruy Barbosa,BA
6180,Guaratuba,PR
6181,Macaé,RJ
6182,São Bento do Sul,SC
6183,São Bento do Sul,SC
6184,São Bento do Sul,SC
6185,Curitiba,PR
6186,São Bento do Sul,SC
6187,São Bento do Sul,SC
6188,São Bento do Sul,SC
6189,Piraquara,PR
6190,São Bento do Sul,SC
6191,Londrina,PR
6192,Castro,PR
6193,Curitiba,PR
6194,São Francisco do Sul,PR
6195,Morretes,PR
6196,Morretes,PR
6197,Piraquara,PR
6198,Piraquara,PR
6199,Campo Largo,PR
6200,Cerro Azul,PR
6201,Colombo,PR
6202,Piraquara,PR
6203,Santa Teresa,ES
6204,Quatro Barras,PR
6205,Curitiba,PR
6206,Piraquara,PR
6207,Garopaba,SC
6208,Turvo,PR
6209,Curitiba,PR
6210,Paranaguá,PR
6211,Curitiba,PR
6212,Londrina,PR
6213,Itapejara d'Oeste,PR
6214,Paranaguá,PR
6215,Jesuítas,PR
6216,São Bento do Sul,SC
6217,Curitiba,PR
6218,Balsa Nova,PR
6219,Pinhais,PR
6220,Ponta Grossa,PR
6221,Matinhos,PR
6222,Morretes,PR
6223,Araucária,PR
6224,Campo Alegre,SC
6225,Verê,PR
6226,Honório Serpa,PR
6227,Coronel Domingos Soares,PR
6228,Prudentópolis,PR
6229,Almirante Tamandaré,PR
6230,Alto Paraná,PR
6231,Curitiba,PR
6232,Almirante Tamandaré,PR
6233,Bonito,PE
6234,Itaberaba,BA
6235,Mato Rico,PR
6236,Campo Mourão,PR
6237,Moreira Sales,PR
6238,Buriti de Goiás,GO
6239,Nova Roma,GO
6240,Campo Mourão,PR
6241,Nova Roma,GO
6242,Luziânia,GO
6243,Paraúna,GO
6244,Cocos,BA
6245,Paraúna,GO
6246,Buriti de Goiás,GO
6247,Brasília,DF
6248,Cocos,BA
6249,Buriti de Goiás,GO
6250,Sanclerlândia,GO
6251,Paraúna,GO
6252,Mogi Mirim,SP
6253,Brasília,DF
6254,Brasília,DF
6255,Caldas Novas,GO
6256,Vila Boa,GO
6257,Mossâmedes,GO
6258,Janaúba,MG
6259,Belo Horizonte,MG
6260,Piaçabuçu,AL
6261,Ibateguara,AL
6262,Santa Quitéria do Maranhão,MA
6263,Belo Horizonte,MG
6264,Belo Horizonte,MG
6265,Marechal Deodoro,AL
6266,Boca da Mata,AL
6267,Piaçabuçu,AL
6268,Piaçabuçu,AL
6269,São Luís do Quitunde,AL
6270,Penedo,AL
6271,Piaçabuçu,AL
6272,São Luís do Quitunde,AL
6273,Marechal Deodoro,AL
6274,São José da Laje,AL
6275,Campo Mourão,PR
6276,Roncador,PR
6277,Roncador,PR
6278,Roncador,PR
6279,Quebrangulo,AL
6280,Murici,AL
6281,Arapiraca,AL
6282,Traipu,AL
6283,Colônia Leopoldina,AL
6284,Santana do Ipanema,AL
6285,Palmeira dos Índios,AL
6286,Coruripe,AL
6287,Rio Largo,AL
6288,Chã Preta,AL
6289,Piaçabuçu,AL
6290,Maravilha,AL
6291,Guapiara,SP
6292,Balsa Nova,PR
6293,Umuarama,PR
6294,Macaíba,RN
6295,Natal,RN
6296,Serra Negra do Norte,RN
6297,Tibau do Sul,RN
6298,Natal,RN
6299,Campo Mourão,PR
6300,Nísia Floresta,RN
6301,Macaíba,RN
6302,Natal,RN
6303,Doutor Severiano,RN
6304,Macaíba,RN
6305,Macaíba,RN
6306,Nísia Floresta,RN
6307,Monte Belo do Sul,RS
6308,Cambará do Sul,RS
6309,Sant'Ana do Livramento,RS
6310,Moinhos do Sul,RS
6311,Caxias do Sul,RS
6312,Nova Pádua,RS
6314,Itaberaba,BA
6315,Urubici,SC
6316,Jaquirana,RS
6317,São Mateus do Sul,PR
6318,Urubici,SC
6319,Campo Mourão,PR
6320,Iretama,PR
6321,Luiziana,PR
6322,Candeias do Jamari,RO
6323,Machadinho d'Oeste,RO
6324,Candeias do Jamari,RO
6325,Cerejeiras,RO
6326,Cerejeiras,RO
6327,Campo Novo,RO
6328,Itapuã do Oeste.,RP
6329,Itapuã do Oeste,RO
6330,Praia Grande,SC
6331,Lontras,SC
6332,Nova Prata,RS
6333,Imbituba,SC
6334,Nova Prata,RS
6335,Santa Tereza,RS
6336,Sant'Ana do Livramento,RS
6337,São José dos Ausentes,RS
6338,Caçapava do Sul,RS
6339,Manoel Viana,RS
6340,Turvo,PR
6341,Acará,PA
6342,Campo Mourão,PR
6343,Tanque d'Arca,AL
6344,Paripueira,AL
6345,Pires do Rio,GO
6346,Ipameri,GO
6347,Araucária,PR
6348,Paranaguá,PR
6349,Boa Ventura de São Roque,PR
6350,Londrina,PR
6351,Muqui,ES
6352,Mimoso do Sul,ES
6353,Prudentópolis,PR
6354,São Bernardo do Campo,SP
6355,Barão de Melgaço,MT
6356,Nova Mutum,MT
6357,Lapa,PR
6358,Campo Largo,PR
6359,Orizona,GO
6360,São Bento do Sul,SC
6361,Urataí,GO
6362,Timóteo,MG
6363,Piraquara,PR
6364,Morretes,PR
6365,Coronel Domingos Soares,PR
6366,São Bernardo do Campo,SP
6367,Barrolândia,TO
6368,Anapu,PA
6369,São Vicente de Minas,MG
6370,Itutinga,MG
6371,Ipueiras,TO
6372,Barra do Garças,MT
6373,São Bento do Sul,SC
6374,Mairinque,SP
6375,São Bento do Sul,SC
6376,Arraial do Cabo,RJ
6377,São Bento do Sul,SC
6378,Uruará,PA
6379,Bom Retiro,SC
6380,Andradas,MG
6381,Brasilândia,MS
6382,Campo Mourão,PR
6383,Brasilândia,MS
6384,Campo Mourão,PR
6385,Campo Mourão,PR
6386,Morretes,PR
6387,Campo Mourão,PR
6388,Bom Jardim da Serra,SC
6389,Imbaú,PR
6390,Boa Ventura de São Roque,PR
6391,Turvo,PR
6392,Pitanga,PR
6393,Murici,AL
6394,Ouro Verde,SP
6395,Penedo,AL
6396,Paripueira,AL
6397,Coruripe,AL
6398,Satuba,AL
6399,Quebrangulo,AL
6400,São Paulo,SP
6401,Jundiaí,SP
6402,Agudos,SP
6403,Bertioga,SP
6404,Iperó,SP
6405,Santa Helena,PR
6406,Toledo,PR
6407,Marechal Cândido Rondon,PR
6408,Santa Helena,PR
6409,Jundiaí,SP
6410,Iperó,SP
6411,Iperó,SP
6412,Iperó,SP
6413,Campo Mourão,PR
6414,Rolândia,PR
6415,Santa Helena,PR
6416,Gonçalves,MG
6417,Campinas,SP
6418,Jundiaí,SP
6419,Timburi,SP
6420,Botucatu,SP
6421,Santa Helena,PR
6422,Foz do Iguaçu,PR
6423,Paranaguá,PR
6424,Cachoeiro do Itapemirim,ES
6425,Linhares,ES
6426,Linhares,ES
6428,Quatro Barras,PR
6429,São Carlos,SP
6430,Quatro Barras,PR
6431,Paranaguá,PR
6432,Itapoá,SC
6433,Campo Magro,PR
6434,Paraty,RJ
6435,Itamonte,MG
6436,Ibitiara,BA
6437,Lapa,PR
6438,Ubatuba,SP
6439,Ibitiara,BA
6440,Ubatuba,SP
6441,Itamonte,MG
6442,Rio do Pires,BA
6443,Analândia,SP
6444,Cunha,SP
6445,Cunha,SP
6446,Guarapuava,PR
6447,São Bento do Sul,SC
6448,Linhares,ES
6449,Salesópolis,SP
6450,Piranguçu,MG
6451,Virmond,PR
6452,Ipiranga do Sul,RS
6453,Carlinda,MT
6454,Passo de Camaragibe,AL
6455,Rio Largo,AL
6456,Flexeiras,AL
6457,Água Branca,AL
6458,Teotônio Vilela,AL
6459,Piaçabuçu,AL
6460,Igaci,AL
6461,Rio Largo,AL
6462,Mar Vermelho,AL
6463,Coruripe,AL
6464,São Bento do Sul,SC
6465,Linhares,ES
6466,Venta Nova do Imigrante,ES
6467,Ouro Preto,MG
6468,Sooretama,ES
6469,Linhares,ES
6470,Santarém,PA
6471,Turvo,PR
6472,Linhares,ES
6473,Santarém,PA
6474,Porto Amazonas,PR
6475,Porto Amazonas,PR
6476,Laranjeiras do Sul,PR
6477,Corumbá de Goiás,GO
6478,Caiapônia,GO
6479,Buriti de Goiás,GO
6480,Buriti de Goiás,GO
6481,Cocos,BA
6482,Buriti de Goiás,GO
6483,Caiapônia,GO
6484,Buriti de Goiás,GO
6485,Buriti de Goiás,GO
6486,Caiapônia,GO
6487,Buriti de Goiás,GO
6488,Mossâmedes,GO
6489,Campo Mourão,PR
6490,Reserva do Iguaçu,PR
6491,São Manoel do Paraná,PR
6492,Cianorte,PR
6493,Cianorte,PR
6494,Campo Mourão,PR
6495,Goiânia,GO
6496,Goiânia,GO
6497,Goiânia,GO
6498,Goiânia,GO
6499,Goiânia,GO
6500,Goiânia,GO
6501,Guarulhos,SP
6502,Boituva,SP
6503,Botucatu,SP
6504,Botucatu,SP
6505,Botucatu,SP
6506,Goiânia,GO
6507,Goiânia,GO
6508,Goiânia,GO
6509,Goiânia,GO
6510,Goiânia,GO
6511,Boa Esperança do Sul,SP
6512,Botucatu,SP
6513,São Pedro do Ivaí,PR
6514,São Pedro do Ivaí,PR
6515,São Pedro do Ivaí,PR
6516,São Pedro do Ivaí,PR
6517,São Pedro do Ivaí,PR
6518,São Pedro do Ivaí,PR
6519,Campo Magro,PR
6520,Campo Magro,PR
6521,Morretes,PR
6522,Vila Bela da Santíssima Trindade,MT
6523,Vila Bela da Santíssima Trindade,MT
6524,Cruz Machado,PR
6525,Pato Branco,PR
6526,Porto Murtinho,MS
6527,Pato Branco,PR
6528,Inácio Martins,PR
6529,Coronel Domingos Soares,PR
6530,Coronel Domingos Soares,PR
6531,Palmeira,PR
6532,Balneário Camboriú,SC
6533,Balsas,MA
6534,Pato Branco,PR
6535,Paranaguá,PR
6536,Teresina de Goiás,GO
6537,Nova Fátima,PR
6538,Capitão Enéas,MG
6539,Buritizeiro,MB
6540,Caparaó,MG
6541,Joaquim Felício,MG
6542,Jaguariaíva,PR
6543,Ponte Alta do Tocantins,TO
6544,São Vicente de Minas,MG
6545,Cerro Azul,PR
6546,Telêmaco Borba,PR
6547,Corumbá,MS
6548,Telêmaco Borba,PR
6549,Campo Largo,PR
6550,Porto Amazonas,PR
6551,Campos do Jordão,SP
6552,Quedas do Iguaçu,PR
6553,Morretes,PR
6554,Uruará,PA
6555,Santarém,PA
6556,Pacaembu,SP
6557,Carambeí,PR
6558,Cajati,SP
6559,Lapa,PR
6560,Guaratuba,PR
6561,Conselheiro Mairinck,PR
6562,Uruguaiana,RS
6563,São Borja,RS
6564,Clevelândia,PR
6565,Curitiba,PR
6566,Sengés,PR
6567,Doutor Ulysses,PR
6568,Clevelândia,PR
6569,Ribeirão do Pinhal,PR
6570,Jataizinho,PR
6571,Pinhão,PR
6572,Rio Grande,RS
6573,Guaraqueçaba,PR
6574,Cruzeiro do Iguaçu,PR
6575,Coronel Domingos Soares,PR
6576,Sengés,PR
6577,Sombrio,SC
6578,Almirante Tamandaré,PR
6579,Antonia,PR
6580,Cumari,GO
6581,Curitiba,PR
6582,Paranaguá,PR
6583,Jaguariaíva,PR
6584,Ortigueira,PR
6585,Céu Azul,PR
6586,Diamante do Norte,PR
6587,Jaguariaíva,PR
6588,Foz do Jordão,PR
6589,Mafra,SC
6590,Amambai,MS
6591,Guarapuava,PR
6592,São José dos Pinhais,PR
6593,Telêmaco Borba,PR
6594,Coronel Domingos Soares,PR
6595,Iúna,ES
6596,Corumbá,MS
6597,Ladário,MS
6598,Ladário,MS
6599,Campo Magro,PR
6600,Dracena,SP
6601,Itapoá,SC
6602,Campo Largo,PR
6603,Campo Magro,PR
6604,Itapoá,SC
6605,Paranaguá,PR
6606,Antonina,PR
6607,Antonina,PR
6608,Antonina,PR
6609,Candói,PR
6610,Campo Largo,PR
6611,Guaraqueçaba,PR
6612,Itapoá,SC
6613,Piraí do Sul,PR
6614,Morretes,PR
6615,Guaraqueçaba,PR
6616,Anastácio,MS
6617,Garuva,SC
6618,Porto Esperidião,MS
6619,Cidreira,RS
6620,Nova Friburgo,RJ
6621,Tijucas do Sul,PR
6622,Morretes,PR
6623,Uruaçu,GO
6624,Prudentópolis,PR
6625,Piraí do Sul,PR
6626,Colombo,PR
6627,Coronel Domingos Soares,PR
6628,Palmas,PR
6629,Honório Serpa,PR
6630,Sengés,PR
6631,Coronel Domingos Soares,PR
6632,Clevelândia,PR
6633,Piraquara,PR
6634,Arroio do Sal,RS
6635,Arataca,BA
6636,Palmeira,PR
6637,São Joaquim,SC
6638,Ortigueira,PR
6639,Bocaiúva do Sul,PR
6640,Ponta Grossa,PR
6641,Tibagi,PR
6642,Turvo,PR
6643,Turvo,PR
6644,Guarapuava,PR
6645,Bom Jardim da Serra,SC
6646,Lapa,PR
6647,Itambé,PR
6648,Clevelândia,PR
6649,Porto Amazonas,PR
6650,Clevelândia,PR
6651,Paranaguá,PR
6652,Lapa,PR
6653,Indiana,SP
6654,Porto Amazonas,PR
6655,Assis Chateubriand,PR
6656,Santa Helena,PR
6657,Santa Helena,PR
6658,Santa Helena,PR
6659,Santa Helena,PR
6660,Diamante D'Oeste,PR
6661,Santa Helena,PR
6662,Santa Terezinha de Itaipu,PR
6663,Santa Helena,PR
6664,Santa Helena,PR
6665,Miranda,MS
6666,Jundiaí do Sul,PR
6667,Campo Largo,PR
6668,Campo Largo,PR
6669,União da Vitória,PR
6670,Santo Antônio do Leverger,MT
6671,São Francisco de Paula,RS
6673,Iguatemi,MS
6674,Guaraqueçaba,PR
6675,Quatro Barras,PR
6676,Quatro Barras,PR
6677,Nova Laranjeiras,PR
6678,Laranjeiras do Sul,PR
6679,Quatro Barras,PR
6680,Quatro Barras,PR
6681,Virmond,PR
6682,Mallet,PR
6683,Morretes,PR
6684,Guarapuava,PR
6685,Bituruna,PR
6686,Gouveia,MG
6687,Ventania,PR
6688,Guarapuava,PR
6689,Guapirama,PR
6690,Gouveia,MG
6691,Campo Largo,PR
6692,Nova Fátima,PR
6693,Bela Vista,MS
6694,Paranaguá,PR
6695,Campo Largo,PR
6696,Curitiba,PR
6697,Campo Largo,PR
6698,Coronel Domingos Soares,PR
6699,Barra do Quaraí,RS
6700,São José dos Pinhais,PR
6701,Curitiba,PR
6702,Coronel Domingos Soares,PR
6703,Londrina,PR
6704,Gurinhatã,MG
6705,Guaratuba,PR
6706,Bom Jardim da Serra,SC
6707,Palmas,PR
6708,Piraquara,PR
6709,Grão Mogol,MG
6710,Campo Largo,PR
6711,Campo Largo,PR
6712,Paranaguá,PR
6713,Ortigueira,PR
6714,Rio Branco do Ivaí,PR
6715,Telêmaco Borba,PR
6716,Ortigueira,PR
6717,São Joaquim,SC
6718,Lages,SC
6719,Alto Paraíso de Goiás,GO
6720,São Domingos,GO
6721,Rio Brilhante,MS
6722,Doutor Ulysses,PR
6723,Telêmaco Borba,PR
6724,Lapa,PR
6725,Guaratuba,PR
6726,Antonina,PR
6727,Campo Mourão,PR
6728,Ponte Alta do Tocantins,TO
6729,Guaraqueçaba,PR
6730,São Sebastião do Uatumã,AM
6731,Cáceres,MT
6732,Buritizeiro,MG
6733,Jundiaí do Sul,PR
6734,Jundiaí do Sul,PR
6735,Cajati,SP
6736,Bela Vista,MS
6737,Jaguariaíva,PR
6738,Bela Vista,MS
6739,Curitiba,PR
6740,Itapiranga,SC
6741,Guaratuba,PR
6742,Telêmaco Borba,PR
6743,Telêmaco Borba,PR
6744,Tijucas do Sul,PR
6745,Morretes,PR
6746,São João do Triunfo,PR
6747,Piraquara,PR
6748,Morretes,PR
6749,Bocaiúva do Sul,PR
6750,Bocaiúva,MG
6751,Morretes,PR
6752,Paiçandu,PR
6753,Faxinal,PR
6754,Diamante do Norte,PR
6755,Diamante do Norte,PR
6756,Maringá,PR
6757,Ortigueira,PR
6758,Sâo Joaquim,SC
6759,Piraquara,PR
6760,Capitão Enéas,MG
6761,Vila Bela da Santíssima Trindade,MT
6762,Adrianópolis,PR
6763,São Mateus do Sul,PR
6764,Telêmaco Borba,PR
6765,São José dos PInhais,PR
6766,Barra do Turvo,SP
6767,Rosana,SP
6768,Guarapuava,PR
6769,Chuí,RS
6770,Curitiba,PR
6771,Palmas,PR
6772,Uruguaiana,RS
6773,Morretes,PR
6774,Céu Azul,PR
6775,Palmas,PR
6776,Prudentópolis,PR
6777,Panorama,SP
6778,Corumbá,MS
6779,Diamantina,MG
6780,Diamantina,MG
6781,Datas,MG
6782,Gouveia,MG
6783,Gouveia,MG
6784,Campo Mourão,PR
6785,Morretes,PR
6786,Lapa,PR
6787,Roncador,PR
6788,Roncador,PR
6789,Roncador,PR
6790,Piraquara,PR
6791,Paraúna,GO
6792,São Miguel do Araguaia,GO
6793,São Miguel do Araguaia,GO
6794,Planaltina,GO
6795,Brasília,DF
6796,São Miguel do Araguaia,GO
6797,Antonina,PR
6798,São Miguel do Araguaia,GO
6799,São Miguel do Araguaia,GO
6800,São Miguel do Araguaia,GO
6801,Caiapônia,GO
6802,Caiapônia,GO
6803,São Miguel do Araguaia,GO
6804,Planaltina,GO
6805,Planaltina,GO
6806,Caiapônia,GO
6807,Paraúna,GO
6808,Paraúna,GO
6809,Caiapônia,GO
6810,Wanderley,BA
6811,Paraúna,GO
6812,Buenópolis,MG
6813,Buenópolis,MG
6814,Caiapônia,GO
6815,São Miguel do Araguaia,GO
6816,São Miguel do Araguaia,GO
6817,São Miguel do Araguaia,GO
6818,Wanderley,BA
6819,Almirante Tamandaré,PR
6820,Curitiba,PR
6821,Nova Cantu,PR
6822,Palmas,PR
6823,Campo Largo,PR
6824,Campina Grande do Sul,PR
6825,Campo Mourão,PR
6826,Prudentópolis,PR
6827,Bituruna,PR
6828,São José dos PInhais,PR
6829,Missal,PR
6830,Medianeira,PR
6831,Pato Bragado,PR
6832,Sâo Miguel do Iguaçu,PR
6833,São Miguel do Iguaçu,PR
6834,São Miguel do Iguaçu,PR
6835,Missal,PR
6836,Marechal Cândido Rondon,PR
6837,Pato Bragado,PR
6838,Lages,SC
6839,Timbó do Sul,RS
6840,Dom Pedrito,RS
6841,Lapa,PR
6842,São José dos Pinhais,PR
6843,Telêmaco Borba,PR
6844,Cerro Azul,PR
6845,Maracaju,MS
6846,Bodoquena,MS
6847,Miranda,MS
6848,Nova Viçosa,BA
6849,Sidrolândia,MS
6850,Corumbá,MS
6851,Corumbá,MS
6852,Corumbá,MS
6853,Alto Paraíso de Goiás,GO
6854,Lucas do Rio Verde,MT
6855,Itu,SP
6856,São José dos Pinhais,PR
6857,Tibagi,PR
6858,Inajá,PR
6859,Teodoro Sampaio,SP
6860,Diamantino,MT
6861,Astorga,PR
6862,Peabiru,PR
6863,Mandirituba,PR
6864,Tangará,SC
6865,Treze Tílias,SC
6866,Piraquara,PR
6867,Barra,BA
6868,Iguatú,PR
6869,Umburanas,BA
6870,Vargem Bonita,SC
6871,Cambará do Sul,RS
6872,Urupema,SC
6873,Rio Pardo,RS
6874,Imbituba,SC
6875,Quaraí,RS
6876,Monte Belo do Sul,RS
6877,Caxias do Sul,RS
6878,Farroupilha,RS
6879,Bom Jesus,RS
6880,Esmeralda,RS
6881,Farroupilha,RS
6882,Morrinhos do Sul,RS
6883,Caraá,RS
6884,Caxias do Sul,RS
6885,São José dos Ausentes,RS
6886,Bento Gonçalves,RS
6887,Caxias do Sul,RS
6888,Palhoça,SC
6889,Cambará do Sul,RS
6890,Palhoça,SC
6891,Caxias do Sul,RS
6892,Farroupilha,RS
6893,Campina Grande do Sul,PR
6894,Praia Grande,SC
6895,Santa Tereza,RS
6896,Urubici,SC
6897,Imbituba,SC
6898,Imbituba,SC
6899,Unistalda,RS
6900,Três Cachoeiras,RS
6901,Palhoça,SC
6902,Paranaguá,PR
6903,Cuiabá,MT
6904,Brotas de Macaúbas,BA
6905,Colombo,PR
6906,Guapimirim,RJ
6907,Teresópolis,RJ
6908,Morretes,PR
6909,Morretes,PR
6910,Nova Laranjeira,PR
6911,Itaúba,MT
6912,Vacaria,RS
6913,Palhoça,SC
6914,São José dos Pinhais,PR
6915,Lapa,PR
6916,Torres,RS
6917,Balsa Nova,PR
6918,Maquiné,RS
6919,Cotiporã,RS
6920,São Borja,RS
6921,Ibaiti,PR
6922,Pato Bragado,PR
6923,Tomazina,PR
6924,Morretes,PR
6925,Cambará do Sul,RS
6926,Cruz Machado,PR
6927,Ventania,PR
6928,Turvo,PR
6929,Rio Branco do Sul,PR
6930,Garopaba,SC
6931,Brasília,DF
6932,Guarapuava,PR
6933,Turvo,PR
6934,Guarapuava,PR
6935,Colombo,PR
6936,Turvo,PR
6937,Tibagi,PR
6938,Curitiba,PR
6939,Caçador,SC
6940,Balsa Nova,PR
6941,Palmeira,PR
6942,Campo Alegre,SC
6943,Campo Largo,PR
6944,Mandirituba,PR
6945,Curitiba,PR
6946,Campo Largo,PR
6947,São Sebastião do Passé,BA
6948,Xique-Xique,BA
6949,Curitiba,PR
6950,Itaúba,MT
6951,Timon,MA
6952,Balsa Nova,PR
6953,Colombo,PR
6954,Corbélia,PR
6955,Xique-Xique,BA
6956,Itaguaçú da Bahia,BA
6957,Igrapiúna,BA
6958,Ilhéus,BA
6959,Uruçuca,BA
6960,Uruçuca,BA
6961,Uruçuca,BA
6962,Descoberto,MG
6963,Congonhas,MG
6964,Ibicoara,BA
6965,Camaçari,BA
6966,Igrapiúna,BA
6967,Casa Nova,BA
6968,Casa Nova,BA
6969,Ibicoara,BA
6970,Ibicoara,BA
6971,Licínio de Almeida,BA
6972,Igrapiúna,BA
6973,Camaçari,BA
6974,São João do Piauí,PI
6975,Licínio de Almeida,BA
6976,Mucugê,BA
6977,Rio Branco do Sul,PR
6978,Quedas do Iguaçu,PR
6979,Paranaguá,PR
6980,Curitiba,PR
6981,João Pessoa,PB
6982,Guarapuava,PR
6983,Paranaguá,PR
6984,Santa Terezinha de Itaipu,PR
6985,Quatro Barras,PR
6986,Curitiba,PR
6987,Quatro Barras,PR
6988,Paranaguá,PR
6989,Matinhos,PR
6990,Jaguariaíva,PR
6991,Santa Terezinha de Itaipu,PR
6992,São José dos Pinhais,PR
6993,Paranaguá,PR
6994,Quatro Barras,PR
6995,Paranaguá,PR
6996,Paranaguá,PR
6997,Adrianópolis,PR
6998,Morretes,PR
6999,Adrianópolis,PR
7000,Antonina,PR
7001,Foz do Iguaçu,PR
7002,Almirante Tamandaré,PR
7003,Turvo,PR
7004,Barra Velha,SC
7005,Curitibanos,SC
7006,Foz do Iguaçu,PR
7007,Tapiraí,SP
7008,Borrazópolis,PR
7009,Foz do Iguaçu,PR
7010,Foz do Iguaçu,PR
7011,Foz do Iguaçu,PR
7012,Foz do Iguaçu,PR
7013,Foz do Iguaçu,PR
7014,Foz do Iguaçu,PR
7015,Paranaguá,PR
7016,Curitiba,PR
7017,Guarapuava,PR
7018,Guarapuava,PR
7019,Conceição do Mato Dentro,MG
7020,Turvo,PR
7021,Morretes,PR
7022,Santa Terezinha de Itaipu,PR
7023,Quatro Barras,PR
7024,Clevelândia,PR
7025,Guaraqueçaba,PR
7026,Iperó,SP
7027,Bonito,MS
7028,Mutuípe,BA
7029,Paranaguá,PR
7030,Prado,BA
7031,Praia Grande,SP
7032,Tunas do Paraná,PR
7033,Quatro Barras,PR
7034,Porto Seguro,BA
7035,Prado,BA
7036,Quatro Barras,PR
7037,São Francisco do Sul,SC
7038,Piedade,SP
7039,Porto Amazonas,PR
7040,Céu Azul,PR
7041,Foz do Iguaçu,PR
7042,Foz do Iguaçu,PR
7043,Matelândia,PR
7044,Foz do Iguaçu,PR
7045,Foz do Iguaçu,PR
7046,Foz do Iguaçu,PR
7047,Foz do Iguaçu,PR
7048,Corumbá,MS
7049,Cambará do Sul,RS
7050,Manoel Viana,RS
7051,Miranda,MS
7052,Miranda,MS
7053,Corumbá,MS
7054,Costa Rica,MS
7055,Foz do Iguaçu,PR
7056,Valença,RJ
7057,Ouro Preto,MG
7058,Carambeí,PR
7059,Lapa,PR
7060,Curitiba,PR
7061,Juiz de Fora,MG
7062,Lima Duarte,MG
7063,Piumhi,MG
7064,Rio de Janeiro,RJ
7065,Piumhi,MG
7066,Ouro Preto,MG
7067,Campo Grande,MS
7068,Cruzeiro do Iguaçu,PR
7069,Quirinópolis,GO
7070,Campo Largo,PR
7071,Bocaiúva do Sul,PR
7072,Igrapiúna,BA
7073,Mutuípe,BA
7074,Ituberá,BA
7075,Maricá,RJ
7076,Santo Antônio de Pádua,RJ
7077,Duas Barras,RJ
7078,Timon,MA
7079,Rio das Antas,SC
7080,Tangará,SC
7081,Juiz de Fora,MG
7082,Tefé,AM
7083,Entre Rios de Minas,MG
7084,?,MG
7085,Belo Horizonte,MG
7086,Congonhas,MG
7087,Itambé do Mato Dentro,MG
7088,Caxambu,MG
7089,Juiz de Fora,MG
7090,Tefé,AM
7091,Porto Velho,RO
7092,Lima Duarte,MG
7093,Guarapuava,PR
7094,São José da Boa Vista,PR
7095,Rio Bonito do Iguaçu,PR
7096,Quedas do Iguaçu,PR
7097,Morretes,PR
7099,Guaratuba,PR
7100,Igaporã,BA
7101,Cerro Azul,PR
7102,Indiana,SP
7103,Morretes,PR
7104,Palmas,PR
7105,Toledo,PR
7106,Campo Largo,PR
7107,Guaratuba,PR
7108,Morretes,PR
7109,Campina Grande do Sul,PR
7110,Guarapuava,PR
7111,Campina Grande do Sul,PR
7112,Jundiaí do Sul,PR
7113,São Miguel do Iguaçu,PR
7114,São Miguel do Iguaçu,PR
7115,São Miguel do Iguaçu,PR
7116,Mercedes,PR
7117,Marechal Cândido Rondon,PR
7118,Entre Rios do Oeste,PR
7119,Santa Helena,PR
7120,Itaipulândia,PR
7121,São Miguel do Iguaçu,PR
7122,Santa Helena,PR
7123,Itaipulândia,PR
7124,Marechal Cândido Rondon,PR
7125,Missal,PR
7126,São Miguel do Iguaçu,PR
7127,Entre Rios do Oeste,PR
7128,Quinta do Sol,PR
7129,Engenheiro Beltrão,PR
7130,Peabiru,PR
7131,Engenheiro Beltrão,PR
7132,Peabiru,PR
7133,Peabiru,PR
7134,Peabiru,PR
7135,Peabiru,PR
7136,Foz do Iguaçu,PR
7137,Guaratuba,PR
7138,Campina Grande do Sul,PR
7139,Iretama,PR
7140,Rio Grande,RS
7141,Tunas do Paraná,PR
7142,Guaratuba,PR
7143,Curitiba,PR
7144,Nova Andradina,MS
7145,São Bernardo do Campo,SP
7146,Santo André,SP
7147,Carambeí,PR
7148,Garuva,SC
7149,Paranaguá,PR
7150,Paranaguá,PR
7151,Jaguariaíva,PR
7152,Itapema,SC
7153,Foz do Iguaçu,PR
7154,Jeceaba,MG
7155,Caratinga,PR
7156,Alfredo Wagner,SC
7157,Alto Caparaó,MG
7158,Rafael Jambeiro,BA
7159,Guaraqueçaba,PR
7160,Douradina,PR
7161,Douradina,PR
7162,Antonina,PR
7163,Sengés,PR
7164,Garuva,SC
7165,Curitiba,PR
7166,Piraquara,PR
7167,Palmeira,PR
7168,Porto Vitória,PR
7169,Carambeí,PR
7170,Domingos Martins,ES
7171,Porto Murtinho,MS
7172,Bonito,MS
7173,Guaratba,PR
7174,Marmeleiro,PR
7175,Piraquara,PR
7176,Curitiba,PR
7177,Bocaiúva do Sul,PR
7178,Bodoquena,MS
7179,Guaratuba,PR
7180,Teixeira Soares,PR
7181,Londrina,PR
7182,Tunas do Paraná,PR
7183,Ortigueira,PR
7184,Tomazina,PR
7185,Ortigueira,PR
7186,Alto Paraíso de Goiás,GO
7187,Alto Paraíso de Goiás,GO
7188,Alto Paraíso de Goiás,GO
7189,Alto Paraíso de Goiás,GO
