codigo,cidade_fb,estado_fb,uf_resolvida,cidade_slug
1,Moreira Sales,PR,PR,moreira sales
2,Campo Mourão,PR,PR,campo mourao
3,Tuneiras do Oeste,PR,PR,tuneiras do oeste
4,Campo Mourão,PR,PR,campo mourao
5,Campo Mourão,PR,PR,campo mourao
6,Campo Mourão,PR,PR,campo mourao
7,Campo Mourão,PR,PR,campo mourao
8,Campo Mourão,PR,PR,campo mourao
9,Bombinhas,SC,SC,bombinhas
10,Bocaiúva do Sul,PR,PR,bocaiuva do sul
11,Bombinhas,SC,SC,bombinhas
12,Campo Mourão,PR,PR,campo mourao
13,Peabiru,PR,PR,peabiru
14,Vila Propício,GO,GO,vila propicio
15,Araruna,PR,PR,araruna
16,Brejo São Mateus,GO,GO,brejo sao mateus
17,Campo Mourão,PR,PR,campo mourao
18,Brejo São Mateus,GO,GO,brejo sao mateus
19,Campo Mourão,PR,PR,campo mourao
20,Engenheiro Beltrão,PR,PR,engenheiro beltrao
21,Palmeira,PR,PR,palmeira
22,Peabiru,PR,PR,peabiru
23,Farol,PR,PR,farol
24,Cianorte,PR,PR,cianorte
25,Campo Mourão,PR,PR,campo mourao
75,Corumbataí do Sul,PR,PR,corumbatai do sul
27,Campina da Lagoa,PR,PR,campina da lagoa
28,Campo Mourão,PR,PR,campo mourao
29,Vila Propício,GO,GO,vila propicio
30,Santa Quitéria do Maranhão,MA,MA,santa quiteria do maranhao
31,Boa Esperança,MG,MG,boa esperanca
32,Boa Esperança,MG,MG,boa esperanca
33,Colinas do Sul,GO,GO,colinas do sul
34,Vila Propício,GO,GO,vila propicio
35,Colinas do Sul,GO,GO,colinas do sul
36,Morretes,PR,PR,morretes
37,Correntina,BA,BA,correntina
38,Jandaia do Sul,PR,PR,jandaia do sul
39,Morretes,PR,PR,morretes
40,Luiziana,PR,PR,luiziana
41,Piraquara,PR,PR,piraquara
42,Curitiba,PR,PR,curitiba
43,Pitanga,PR,PR,pitanga
44,São Pedro do Ivaí,PR,PR,sao pedro do ivai
45,Campo Mourão,PR,PR,campo mourao
46,Peabiru,PR,PR,peabiru
47,Guarapuava,PR,PR,guarapuava
48,Campo Mourão,PR,PR,campo mourao
49,Morretes,PR,PR,morretes
50,Campo Mourão,PR,PR,campo mourao
51,Lidianópolis,PR,PR,lidianopolis
52,Moreira Sales,PR,PR,moreira sales
53,Campo Mourão,PR,PR,campo mourao
54,Porto Rico,PR,PR,porto rico
55,Engenheiro Beltrão,PR,PR,engenheiro beltrao
56,Campo Mourão,PR,PR,campo mourao
57,Campo Mourão,PR,PR,campo mourao
58,Brasília,DF,DF,brasilia
59,Pontal do Paraná,PR,PR,pontal do parana
60,Pontal do Paraná,PR,PR,pontal do parana
61,Campo Alegre,SC,SC,campo alegre
62,Pitanga,PR,PR,pitanga
63,Campo Mourão,PR,PR,campo mourao
64,Vera Cruz do Oeste,PR,PR,vera cruz do oeste
65,Farol,PR,PR,farol
66,Campo Mourão,PR,PR,campo mourao
67,Pontal do Paraná,PR,PR,pontal do parana
68,Boa Esperança,MG,MG,boa esperanca
69,Janiópolis,PR,PR,janiopolis
70,Janiópolis,PR,PR,janiopolis
71,Campo Mourão,PR,PR,campo mourao
72,Ubiratã,PR,PR,ubirata
73,Campo Mourão,PR,PR,campo mourao
74,Guaraqueçaba,PR,PR,guaraquecaba
76,São Francisco de Paula,RS,RS,sao francisco de paula
77,Riozinho,RS,RS,riozinho
78,Maquiné,RS,RS,maquine
79,Florianópolis,SC,SC,florianopolis
80,Bombinhas,SC,SC,bombinhas
81,Vera Cruz do Oeste,PR,PR,vera cruz do oeste
82,Itanhaém,SP,SP,itanhaem
83,Itaju,SP,SP,itaju
84,Curitiba,PR,PR,curitiba
85,Campo Mourão,PR,PR,campo mourao
86,Brasília,DF,DF,brasilia
87,Colinas do Sul,GO,GO,colinas do sul
88,Brasília,DF,DF,brasilia
89,Colinas do Sul,GO,GO,colinas do sul
90,Itaquiraí,MS,MS,itaquirai
91,Piraquara,PR,PR,piraquara
92,Tuneiras do Oeste,PR,PR,tuneiras do oeste
93,Quatro Barras,PR,PR,quatro barras
94,Pitanga,PR,PR,pitanga
95,Luiziana,PR,PR,luiziana
96,Mamborê,PR,PR,mambore
97,Corumbataí do Sul,PR,PR,corumbatai do sul
98,Corumbataí do Sul,PR,PR,corumbatai do sul
99,Flores de Goiás,GO,GO,flores de goias
100,Loanda,PR,PR,loanda
101,Goioerê,PR,PR,goioere
102,Campo Mourão,PR,PR,campo mourao
103,Céu Azul,PR,PR,ceu azul
104,Engenheiro Beltrão,PR,PR,engenheiro beltrao
105,Janiópolis,PR,PR,janiopolis
106,Campo Mourão,PR,PR,campo mourao
107,Campina Grande do Sul,PR,PR,campina grande do sul
108,Morretes,PR,PR,morretes
109,Campina Grande do Sul,PR,PR,campina grande do sul
110,Moreira Sales,PR,PR,moreira sales
111,Campo Mourão,PR,PR,campo mourao
112,Goioerê,PR,PR,goioere
113,Engenheiro Beltrão,PR,PR,engenheiro beltrao
114,Engenheiro Beltrão,PR,PR,engenheiro beltrao
115,Goioerê,PR,PR,goioere
116,Sapucaia,PA,PA,sapucaia
117,Campo Mourão,PR,PR,campo mourao
118,Engenheiro Beltrão,PR,PR,engenheiro beltrao
119,Campina da Lagoa,PR,PR,campina da lagoa
120,Mamborê,PR,PR,mambore
121,Farol,PR,PR,farol
122,Roncador,PR,PR,roncador
123,Porto Iguazú,MI,MI,porto iguazu
124,Peabiru,PR,PR,peabiru
125,Fênix,PR,PR,fenix
126,Araruna,PR,PR,araruna
127,Luiziana,PR,PR,luiziana
128,Peabiru,PR,PR,peabiru
129,Engenheiro Beltrão,PR,PR,engenheiro beltrao
130,Marialva,PR,PR,marialva
131,Telêmaco Borba,PR,PR,telemaco borba
132,Araruna,PR,PR,araruna
133,Coronel Martins,SC,SC,coronel martins
134,Roncador,PR,PR,roncador
135,Campo Mourão,PR,PR,campo mourao
136,Ubiratã,PR,PR,ubirata
137,Campo Mourão,PR,PR,campo mourao
138,Janiópolis,PR,PR,janiopolis
139,Luiziana,PR,PR,luiziana
140,Jaraguá do Sul,SC,SC,jaragua do sul
141,Santo Antônio do Sudoeste,PR,PR,santo antonio do sudoeste
142,Ubiratã,PR,PR,ubirata
143,Moreira Sales,PR,PR,moreira sales
144,Araruna,PR,PR,araruna
145,Francisco Beltrão,PR,PR,francisco beltrao
146,Paiçandu,PR,PR,paicandu
147,Corumbataí do Sul,PR,PR,corumbatai do sul
148,Piraquara,PR,PR,piraquara
149,Piên,PR,PR,pien
150,Luiziana,PR,PR,luiziana
151,Teixeira Soares,PR,PR,teixeira soares
152,Adrianópolis,PR,PR,adrianopolis
153,Foz do Iguaçu,PR,PR,foz do iguacu
154,Campo Mourão,PR,PR,campo mourao
155,Medianeira,PR,PR,medianeira
156,Jaguariaíva,PR,PR,jaguariaiva
157,Campo Mourão,PR,PR,campo mourao
158,Quinta do Sol,PR,PR,quinta do sol
159,Santa Isabel do Ivaí,PR,PR,santa isabel do ivai
160,Parque Nacional de Ilha Grande,MS,MS,parque nacional de ilha grande
161,Mamborê,PR,PR,mambore
162,Pontal do Paraná,PR,PR,pontal do parana
163,Peabiru,PR,PR,peabiru
164,Campo Mourão,PR,PR,campo mourao
165,Engenheiro Beltrão,PR,PR,engenheiro beltrao
166,Foz do Iguaçu,PR,PR,foz do iguacu
167,Ubiratã,PR,PR,ubirata
168,Campo Mourão,PR,PR,campo mourao
169,Quarto Centenário,PR,PR,quarto centenario
170,Goioerê,PR,PR,goioere
171,Luiziana,PR,PR,luiziana
172,Mangueirinha,PR,PR,mangueirinha
173,Campo Mourão,PR,PR,campo mourao
175,Adrianópolis,PR,PR,adrianopolis
176,Araruna,PR,PR,araruna
177,Ponta Grossa,PR,PR,ponta grossa
253,Guaratuba,PR,PR,guaratuba
179,São José dos Pinhais,PR,PR,sao jose dos pinhais
180,Cavalcante,GO,GO,cavalcante
181,Campo Mourão,PR,PR,campo mourao
182,Moreira Sales,PR,PR,moreira sales
183,Antonina,PR,PR,antonina
184,Arinos,MG,MG,arinos
185,Brasília,DF,DF,brasilia
186,Brasília,DF,DF,brasilia
187,Campo Mourão,PR,PR,campo mourao
188,Cianorte,PR,PR,cianorte
189,Cianorte,PR,PR,cianorte
190,Cristália,MG,MG,cristalia
191,Joaquim Felício,MG,MG,joaquim felicio
192,Atibaia,SP,SP,atibaia
193,Almas,TO,TO,almas
194,Campo Mourão,PR,PR,campo mourao
195,Lapa,PR,PR,lapa
196,Turvo,PR,PR,turvo
197,Santa Luzia,BA,BA,santa luzia
198,Mamborê,PR,PR,mambore
199,Iretama,PR,PR,iretama
200,Pitanga,PR,PR,pitanga
201,Campo Mourão,PR,PR,campo mourao
202,Goioerê,PR,PR,goioere
203,Goioerê,PR,PR,goioere
204,Ribeirão do Pinhal,PR,PR,ribeirao do pinhal
205,Farol,PR,PR,farol
206,Barbosa Ferraz,PR,PR,barbosa ferraz
207,Dourados,MS,MS,dourados
208,Paranaguá,PR,PR,paranagua
209,Farol,PR,PR,farol
210,Atibaia,SP,SP,atibaia
211,Campo Mourão,PR,PR,campo mourao
212,Janiópolis,PR,PR,janiopolis
213,Peabiru,PR,PR,peabiru
214,Janiópolis,PR,PR,janiopolis
215,Cornélio Procópio,PR,PR,cornelio procopio
216,Medianeira,PR,PR,medianeira
217,Engenheiro Beltrão,PR,PR,engenheiro beltrao
218,Cerro Azul,PR,PR,cerro azul
219,Tuneiras do Oeste,PR,PR,tuneiras do oeste
220,Bombinhas,SC,SC,bombinhas
221,Paranaguá,PR,PR,paranagua
222,Araruna,PR,PR,araruna
223,Toledo,PR,PR,toledo
224,Farol,PR,PR,farol
225,Mata de São João,BA,BA,mata de sao joao
226,Campina da Lagoa,PR,PR,campina da lagoa
227,Boa Esperança,PR,PR,boa esperanca
228,Mamborê,PR,PR,mambore
229,Arapoti,PR,PR,arapoti
230,Loanda,PR,PR,loanda
231,Cianorte,PR,PR,cianorte
232,Maringá,PR,PR,maringa
233,Terra Roxa,PR,PR,terra roxa
234,Campo Mourão,PR,PR,campo mourao
235,Quinta do Sol,PR,PR,quinta do sol
236,Presidente Castelo Branco,PR,PR,presidente castelo branco
237,Moreira Sales,PR,PR,moreira sales
238,Goioerê,PR,PR,goioere
239,Araruna,PR,PR,araruna
240,Campo Mourão,PR,PR,campo mourao
241,Campo Mourão,PR,PR,campo mourao
242,Campina Grande do Sul,PR,PR,campina grande do sul
243,Janiópolis,PR,PR,janiopolis
244,Araruna,PR,PR,araruna
245,Almas,TO,TO,almas
246,Jaguariaíva,PR,PR,jaguariaiva
247,Araruna,PR,PR,araruna
248,Campina da Lagoa,PR,PR,campina da lagoa
249,Pirenópolis,GO,GO,pirenopolis
250,Alto Palmital,PR,PR,alto palmital
251,Maringá,PR,PR,maringa
252,Cianorte,PR,PR,cianorte
254,Cavalcante,GO,GO,cavalcante
255,São José dos Pinhais,PR,PR,sao jose dos pinhais
256,Engenheiro Beltrão,PR,PR,engenheiro beltrao
257,Corumbataí do Sul,PR,PR,corumbatai do sul
258,Maringá,PR,PR,maringa
259,Guarapuava,PR,PR,guarapuava
260,Fênix,PR,PR,fenix
261,Moreira Sales,PR,PR,moreira sales
262,Campo Mourão,PR,PR,campo mourao
263,Goiânia,GO,GO,goiania
264,Peabiru,PR,PR,peabiru
265,Campo Mourão,PR,PR,campo mourao
266,Mamborê,PR,PR,mambore
267,Batayporã,MS,MS,bataypora
268,Peabiru,PR,PR,peabiru
269,Itaquiraí,MS,MS,itaquirai
270,Jacarezinho,PR,PR,jacarezinho
271,Mirandópolis,SP,SP,mirandopolis
272,Bombinhas,SC,SC,bombinhas
273,Cavalcante,GO,GO,cavalcante
274,Teresina de Goiás,GO,GO,teresina de goias
275,Arroio Grande,RS,RS,arroio grande
276,Colinas do Sul,GO,GO,colinas do sul
277,Telêmaco Borba,PR,PR,telemaco borba
278,Campo Mourão,PR,PR,campo mourao
279,Atibaia,SP,SP,atibaia
280,Cavalcante,GO,GO,cavalcante
281,Goianápolis,GO,GO,goianapolis
282,Roncador,PR,PR,roncador
481,Peabiru,PR,PR,peabiru
284,Tijucas do Sul,PR,PR,tijucas do sul
285,Ponta Grossa,PR,PR,ponta grossa
286,Sapucaia,PA,PA,sapucaia
287,Corumbataí do Sul,PR,PR,corumbatai do sul
288,Bourbonia,PR,PR,bourbonia
289,Bourbônia,PR,PR,bourbonia
290,Luiziana,PR,PR,luiziana
291,Boa Esperança,MG,MG,boa esperanca
292,Nova Tebas,PR,PR,nova tebas
293,Imbaú,PR,PR,imbau
294,Corumbataí do Sul,PR,PR,corumbatai do sul
295,Corumbataí do Sul,PR,PR,corumbatai do sul
296,Quatro Barras,PR,PR,quatro barras
297,Farol,PR,PR,farol
298,Peabiru,PR,PR,peabiru
299,Teresina de Goiás,GO,GO,teresina de goias
300,Niquelândia,GO,GO,niquelandia
301,Teresina de Goiás,GO,GO,teresina de goias
302,Engenheiro Beltrão,PR,PR,engenheiro beltrao
303,Campo Mourão,PR,PR,campo mourao
304,Brasília,DF,DF,brasilia
305,Pico do Itacolomi,MG,MG,pico do itacolomi
306,Bocaiúva do Sul,PR,PR,bocaiuva do sul
307,Uberlândia,MG,MG,uberlandia
308,Cavalcante,GO,GO,cavalcante
309,Cavalcante,GO,GO,cavalcante
310,Jaraguá do Sul,SC,SC,jaragua do sul
311,Jacarezinho,PR,PR,jacarezinho
312,Cavalcante,GO,GO,cavalcante
313,Peabiru,PR,PR,peabiru
314,Campo Mourão,PR,PR,campo mourao
315,Boa Esperança,PR,PR,boa esperanca
316,Jaraguá do Sul,SC,SC,jaragua do sul
317,Cruzeiro do Oeste,PR,PR,cruzeiro do oeste
318,Goioerê,PR,PR,goioere
319,Guaraqueçaba,PR,PR,guaraquecaba
321,Aquidauana,MS,MS,aquidauana
322,Jundiaí do Sul,PR,PR,jundiai do sul
323,Palmeira,PR,PR,palmeira
324,Ponta Grossa,PR,PR,ponta grossa
325,Francisco Dumont,MG,MG,francisco dumont
326,Curitiba,PR,PR,curitiba
327,Piraquara,PR,PR,piraquara
328,Antonina,PR,PR,antonina
329,Congonhas do Norte,MG,MG,congonhas do norte
330,Balsa Nova,PR,PR,balsa nova
331,Palmeira,PR,PR,palmeira
332,Candói,PR,PR,candoi
333,Antonina,PR,PR,antonina
334,Foz do Iguaçu,PR,PR,foz do iguacu
335,Tibagi,PR,PR,tibagi
336,Morretes,PR,PR,morretes
337,Balsa Nova,PR,PR,balsa nova
338,Urubici,SC,SC,urubici
339,Adrianópolis,PR,PR,adrianopolis
340,Pontal do Paraná,PR,PR,pontal do parana
341,Curitiba,PR,PR,curitiba
342,Joaquim Felício,MG,MG,joaquim felicio
343,Bocaiúva do Sul,PR,PR,bocaiuva do sul
344,Tibagi,PR,PR,tibagi
345,Conceição da Barra,ES,ES,conceicao da barra
346,Lapa,PR,PR,lapa
347,Guaraqueçaba,PR,PR,guaraquecaba
348,Bocaiúva do Sul,PR,PR,bocaiuva do sul
349,Porto Amazonas,PR,PR,porto amazonas
350,Guaratuba,PR,PR,guaratuba
351,Jaguariaíva,PR,PR,jaguariaiva
352,Garuva,PR,PR,garuva
353,Apiaí,SP,SP,apiai
354,Bonito,MS,MS,bonito
355,Antonina,PR,PR,antonina
356,Barra do Turvo,SP,SP,barra do turvo
357,Bocaiúva do Sul,PR,PR,bocaiuva do sul
358,Laranjeiras do Sul,PR,PR,laranjeiras do sul
359,Guaraqueçaba,PR,PR,guaraquecaba
360,Aquidauana,MS,MS,aquidauana
361,Mocambinho,BA,BA,mocambinho
362,Curitiba,PR,PR,curitiba
363,Macaúbas,BA,BA,macaubas
364,Frutal,MG,MG,frutal
365,Campina Grande do Sul,PR,PR,campina grande do sul
366,São Joaquim,SC,SC,sao joaquim
367,Fênix,PR,PR,fenix
368,Palotina,PR,PR,palotina
369,Tunas do Paraná,PR,PR,tunas do parana
370,Campo Magro,PR,PR,campo magro
371,Quatro Barras,PR,PR,quatro barras
372,Jundiaí do Sul,PR,PR,jundiai do sul
373,Balsa Nova,PR,PR,balsa nova
374,Curitiba,PR,PR,curitiba
375,Bonito,MS,MS,bonito
376,Janaúba,MG,MG,janauba
377,Itaperuçu,PR,PR,itaperucu
378,Campo Largo,PR,PR,campo largo
379,Adrianópolis,PR,PR,adrianopolis
380,Campina Grande do Sul,PR,PR,campina grande do sul
381,Tanque Novo,BA,BA,tanque novo
382,Palmeira,PR,PR,palmeira
383,Urandi,BA,BA,urandi
384,Catalão,GO,GO,catalao
385,Macaúbas,BA,BA,macaubas
386,Palmeira,PR,PR,palmeira
387,João Pinheiro,MG,MG,joao pinheiro
388,Laguna,SC,SC,laguna
389,Paranaguá,PR,PR,paranagua
390,Bocaiúva do Sul,PR,PR,bocaiuva do sul
391,Doutor Ulysses,PR,PR,doutor ulysses
392,Curitiba,PR,PR,curitiba
393,Antonina,PR,PR,antonina
394,Joaquim Felício,MG,MG,joaquim felicio
395,Bonito,MS,MS,bonito
396,Guaratuba,PR,PR,guaratuba
397,Guaratuba,PR,PR,guaratuba
398,Tijucas do Sul,PR,PR,tijucas do sul
399,Garuva,SC,SC,garuva
400,Garuva,SC,SC,garuva
401,Piraquara,PR,PR,piraquara
402,Garuva,SC,SC,garuva
403,Palmas,PR,PR,palmas
404,Urubici,SC,SC,urubici
405,Pericó,SC,SC,perico
406,Apiúna,SC,SC,apiuna
407,Garuva,SC,SC,garuva
408,Doutor Ulysses,PR,PR,doutor ulysses
409,Colombo,PR,PR,colombo
410,São Mateus do Sul,PR,PR,sao mateus do sul
411,Grão Pará,SC,SC,grao para
412,Ponta Grossa,PR,PR,ponta grossa
413,Aquidauana,MS,MS,aquidauana
414,Pontal do Paraná,PR,PR,pontal do parana
415,Guaraqueçaba,PR,PR,guaraquecaba
416,Bocaiúva do Sul,PR,PR,bocaiuva do sul
417,Conde,BA,BA,conde
418,Niquelândia,GO,GO,niquelandia
419,São José dos Pinhais,PR,PR,sao jose dos pinhais
420,Bocaiúva do Sul,PR,PR,bocaiuva do sul
421,São Joaquim,SC,SC,sao joaquim
422,Laguna,SC,SC,laguna
423,Una,BA,BA,una
424,Araruna,PR,PR,araruna
425,Campo Mourão,PR,PR,campo mourao
426,Imbituba,SC,SC,imbituba
427,Guaraí,TO,TO,guarai
428,Campo Mourão,PR,PR,campo mourao
429,Inácio Martins,PR,PR,inacio martins
430,Barbosa Ferraz,PR,PR,barbosa ferraz
431,Campo Mourão,PR,PR,campo mourao
432,Santo Antônio do Caiuá,PR,PR,santo antonio do caiua
433,Campo Mourão,PR,PR,campo mourao
434,Campo Mourão,PR,PR,campo mourao
435,Piraquara,PR,PR,piraquara
436,Vila Propício,GO,GO,vila propicio
437,Balsa Nova,PR,PR,balsa nova
438,Piraquara,PR,PR,piraquara
439,Colombo,PR,PR,colombo
440,Brasília,DF,DF,brasilia
441,Brasília,DF,DF,brasilia
442,Cavalcante,GO,GO,cavalcante
443,Cavalcante,GO,GO,cavalcante
444,Curitiba,PR,PR,curitiba
445,Cocalzinho,GO,GO,cocalzinho
446,Antonina,PR,PR,antonina
447,Mamborê,PR,PR,mambore
448,Rosário do Ivaí,PR,PR,rosario do ivai
449,Jaguariaíva,PR,PR,jaguariaiva
450,Campo Mourão,PR,PR,campo mourao
451,Ventania,PR,PR,ventania
452,Cascavel,PR,PR,cascavel
453,Roncador,PR,PR,roncador
454,Marília,SP,SP,marilia
455,Campo Mourão,PR,PR,campo mourao
482,Coronel Vivida,PR,PR,coronel vivida
457,Porto Amazonas,PR,PR,porto amazonas
458,Itajai,SC,SC,itajai
459,Campo Alegre,SC,SC,campo alegre
460,Mamborê,PR,PR,mambore
461,Campo Mourão,PR,PR,campo mourao
462,Ponta Grossa,PR,PR,ponta grossa
463,Boa Esperança,MG,MG,boa esperanca
464,Ventania,PR,PR,ventania
465,Antônio João,MS,MS,antonio joao
466,Campo Mourão,PR,PR,campo mourao
467,Campo Mourão,PR,PR,campo mourao
468,Colinas do Sul,GO,GO,colinas do sul
469,Porto Murtinho,MS,MS,porto murtinho
470,Quinta do Sol,PR,PR,quinta do sol
471,Brasília,DF,DF,brasilia
472,Ilha Carióca,PR,PR,ilha carioca
473,Ilha Grande,MS,MS,ilha grande
474,Porto Figueira,PR,PR,porto figueira
475,Sapucaia,PA,PA,sapucaia
476,Peabiru,PR,PR,peabiru
477,Moreira Sales,PR,PR,moreira sales
478,Palmeira,PR,PR,palmeira
479,Curitiba,PR,PR,curitiba
483,Prudentópolis,PR,PR,prudentopolis
480,Pirenópolis,GO,GO,pirenopolis
484,Atibaia,SP,SP,atibaia
485,Araruna,PR,PR,araruna
486,Engenheiro Beltrão,PR,PR,engenheiro beltrao
487,Jaguariaíva,PR,PR,jaguariaiva
488,Jaguariaíva,PR,PR,jaguariaiva
489,Paranaguá,PR,PR,paranagua
490,Vila Propício,GO,GO,vila propicio
491,Cianorte,PR,PR,cianorte
492,Cianorte,PR,PR,cianorte
493,Iretama,PR,PR,iretama
494,Alto Paraíso de Goiás,GO,GO,alto paraiso de goias
495,Correntina,BA,BA,correntina
496,Luiziana,PR,PR,luiziana
497,Mandaguari,PR,PR,mandaguari
498,Roncador,PR,PR,roncador
499,Porto Barreiro,PR,PR,porto barreiro
500,Santa Izabel do Oeste,PR,PR,santa izabel do oeste
501,Boa Esperança,PR,PR,boa esperanca
502,Campo Mourão,PR,PR,campo mourao
503,Moreira Sales,PR,PR,moreira sales
504,Flórida,PR,PR,florida
505,Guaraniaçú,PR,PR,guaraniacu
506,São Mateus do Sul,PR,PR,sao mateus do sul
507,Antonina,PR,PR,antonina
508,Porto Murtinho,MS,MS,porto murtinho
509,Antonina,PR,PR,antonina
510,São Bento do Sul,SC,SC,sao bento do sul
511,Guaratuba,PR,PR,guaratuba
512,Curitiba,PR,PR,curitiba
513,Morretes,PR,PR,morretes
514,Curitiba,PR,PR,curitiba
515,Macaúbas,BA,BA,macaubas
516,São José dos Ausentes,RS,RS,sao jose dos ausentes
517,Urubici,SC,SC,urubici
518,Mamborê,PR,PR,mambore
519,Itapemirim,ES,ES,itapemirim
520,Rio Verde,MS,MS,rio verde
521,Antônio João,MS,MS,antonio joao
522,Campo Largo,PR,PR,campo largo
523,Palmeira,PR,PR,palmeira
524,Timbé do Sul,SC,SC,timbe do sul
525,Colônia San Lázaro,,,colonia san lazaro
526,Itaperuçu,PR,PR,itaperucu
527,Bonito,MS,MS,bonito
528,Morretes,PR,PR,morretes
529,Alto Paraíso de Goiás,GO,GO,alto paraiso de goias
530,Ponta Porã,MS,MS,ponta pora
531,Laguna,SC,SC,laguna
532,Bela Vista,MS,MS,bela vista
533,Urubici,SC,SC,urubici
534,Bodoquena,MS,MS,bodoquena
535,Morretes,PR,PR,morretes
536,Balsa Nova,PR,PR,balsa nova
537,Porto Murtinho,MS,MS,porto murtinho
538,Guaraqueçaba,PR,PR,guaraquecaba
539,Teixeira Soares,PR,PR,teixeira soares
540,Nova Tebas,PR,PR,nova tebas
541,Bonito,MS,MS,bonito
542,Campo Mourão,PR,PR,campo mourao
543,Colinas do Sul,GO,GO,colinas do sul
544,Mamborê,PR,PR,mambore
545,Itajaí,SC,SC,itajai
546,São Pedro do Ivaí,PR,PR,sao pedro do ivai
547,Paranaguá,PR,PR,paranagua
548,Almas,TO,TO,almas
549,Campo Mourão,PR,PR,campo mourao
550,Santo Inácio,SP,SP,santo inacio
551,Campo Mourão,PR,PR,campo mourao
552,Cianorte,PR,PR,cianorte
553,Cianorte,PR,PR,cianorte
554,Cianorte,PR,PR,cianorte
555,Colinas do Sul,GO,GO,colinas do sul
556,Boa Esperança,MG,MG,boa esperanca
557,Cavalcante,GO,GO,cavalcante
558,Vila Propício,GO,GO,vila propicio
559,Grão Mogol,MG,MG,grao mogol
560,Araruna,PR,PR,araruna
561,Corumbá,MS,MS,corumba
562,Corumbá,MS,MS,corumba
563,Corumbá,MS,MS,corumba
564,Corumbá,MS,MS,corumba
565,Corumbá,MS,MS,corumba
566,Pirenópolis,GO,GO,pirenopolis
567,Goioerê,PR,PR,goioere
568,Cerro Azul,PR,PR,cerro azul
569,Araruna,PR,PR,araruna
570,Quatro Barras,PR,PR,quatro barras
571,Cerro Azul,PR,PR,cerro azul
572,Arapoti,PR,PR,arapoti
573,Santo Antônio do Sudoeste,PR,PR,santo antonio do sudoeste
574,Rio Branco do Sul,PR,PR,rio branco do sul
575,Araquari,SC,SC,araquari
576,Janiópolis,PR,PR,janiopolis
577,Formoso,MG,MG,formoso
578,Miranda,MS,MS,miranda
579,Miranda,MS,MS,miranda
580,Miranda,MS,MS,miranda
581,Miranda,MS,MS,miranda
582,Campo Mourão,PR,PR,campo mourao
586,Bela Vista,MS,MS,bela vista
584,Colinas do Sul,GO,GO,colinas do sul
587,Cavalcante,GO,GO,cavalcante
588,Alto Paraíso de Goiás,GO,GO,alto paraiso de goias
589,Juranda,PR,PR,juranda
585,São José dos Pinhais,PR,PR,sao jose dos pinhais
590,Engenheiro Beltrão,PR,PR,engenheiro beltrao
591,Bataguaçu,MS,MS,bataguacu
592,Cuiabá,MT,MT,cuiaba
593,Várzea Grande,MT,MT,varzea grande
594,Cuiabá,MT,MT,cuiaba
595,Cuiabá,MT,MT,cuiaba
596,Poconé,MT,MT,pocone
597,Brasilândia,MS,MS,brasilandia
598,Novo Eldorado,MT,MT,novo eldorado
599,Anaurilândia,MS,MS,anaurilandia
600,São Félix do Araguaia,MT,MT,sao felix do araguaia
601,SESC Pantanal,MT,MT,sesc pantanal
602,Barão de Melgaço,MT,MT,barao de melgaco
607,Poconé,MT,MT,pocone
603,Barão de Melgaço,MT,MT,barao de melgaco
604,Barão de Melgaço,MT,MT,barao de melgaco
605,Vila Bela da Santíssima Trindade,MT,MT,vila bela da santissima trindade
606,Acorizal,MT,MT,acorizal
608,Rosário Oeste,MT,MT,rosario oeste
609,Rosário Oeste,MT,MT,rosario oeste
610,Barão de Melgaço,MT,MT,barao de melgaco
611,Bataguaçu,MS,MS,bataguacu
612,Nova Brasilândia,MT,MT,nova brasilandia
613,Campo Verde,MT,MT,campo verde
614,Barão de Melgaço,MT,MT,barao de melgaco
615,estrada da Cascata-Água Boa.,MT,MT,estrada da cascata agua boa
616,Barão de Melgaço,MT,MT,barao de melgaco
617,Chapada dos Guimarães,MT,MT,chapada dos guimaraes
618,Nobres,MT,MT,nobres
619,Bataguaçu,MS,MS,bataguacu
620,Apiácas,MT,MT,apiacas
621,Chapada dos Guimarães,MT,MT,chapada dos guimaraes
622,Campo Mourão,PR,PR,campo mourao
623,Janiópolis,PR,PR,janiopolis
624,Goioerê,PR,PR,goioere
625,Lapa,PR,PR,lapa
626,Janiópolis,PR,PR,janiopolis
627,Campo Mourão,PR,PR,campo mourao
628,Curitiba,PR,PR,curitiba
629,Grão Mogol,MG,MG,grao mogol
630,Campo Mourão,PR,PR,campo mourao
631,Porto Figueira,PR,PR,porto figueira
632,Aquidauana,MS,MS,aquidauana
633,Palmas,PR,PR,palmas
634,Flores,GO,GO,flores
635,Flores,GO,GO,flores
636,Umuarama,PR,PR,umuarama
637,Campo Mourão,PR,PR,campo mourao
638,Ubiratã,PR,PR,ubirata
639,Florianópolis,SC,SC,florianopolis
640,Foz do Iguaçu,PR,PR,foz do iguacu
641,Pitanga,PR,PR,pitanga
642,Pitanga,PR,PR,pitanga
643,Moreira Sales,PR,PR,moreira sales
644,Mamborê,PR,PR,mambore
645,Pitanga,PR,PR,pitanga
646,Morretes,PR,PR,morretes
647,Ponta Grossa,PR,PR,ponta grossa
648,Caetité,BA,BA,caetite
649,Capitão Leônidas Marques,PR,PR,capitao leonidas marques
650,Curitiba,PR,PR,curitiba
651,Tijucas do Sul,PR,PR,tijucas do sul
652,Camaçari,BA,BA,camacari
653,Campo Mourão,PR,PR,campo mourao
654,Campina Grande do Sul,PR,PR,campina grande do sul
655,Morretes,PR,PR,morretes
656,Bocaiúva do Sul,PR,PR,bocaiuva do sul
657,Santa Luzia,BA,BA,santa luzia
658,Pitanga,PR,PR,pitanga
659,Porto Barreiro,PR,PR,porto barreiro
660,Iretama,PR,PR,iretama
661,Carmo do Rio Claro,MG,MG,carmo do rio claro
663,Carmo do Rio Claro,MG,MG,carmo do rio claro
662,Carmo do Rio Claro,MG,MG,carmo do rio claro
664,Carmo do Rio Claro,MG,MG,carmo do rio claro
665,Ponta Grossa,PR,PR,ponta grossa
666,Ponta Grossa,PR,PR,ponta grossa
667,Arapoti,PR,PR,arapoti
668,Dois Vizinhos,PR,PR,dois vizinhos
669,Ubiratã,PR,PR,ubirata
670,Nerópolis,GO,GO,neropolis
671,Luiziana,PR,PR,luiziana
672,Medianeira,PR,PR,medianeira
673,Ubiratã,PR,PR,ubirata
674,Campo Mourão,PR,PR,campo mourao
675,Campo Mourão,PR,PR,campo mourao
676,Pontal do Paraná,PR,PR,pontal do parana
677,Flores,GO,GO,flores
678,Almas,TO,TO,almas
679,Macaúbas,BA,BA,macaubas
680,Matinhos,PR,PR,matinhos
681,Campina Grande do Sul,PR,PR,campina grande do sul
682,Padre Bernardo,GO,GO,padre bernardo
683,São Desidério,BA,BA,sao desiderio
684,Ibipeba,BA,BA,ibipeba
685,Dois Vizinhos,PR,PR,dois vizinhos
686,Ventania,PR,PR,ventania
687,Campo Mourão,PR,PR,campo mourao
688,Niquelândia,GO,GO,niquelandia
689,Niquelândia,GO,GO,niquelandia
690,Arinos,MG,MG,arinos
691,Niquelândia,GO,GO,niquelandia
692,Teresina de Goiás,GO,GO,teresina de goias
693,Niquelândia,GO,GO,niquelandia
694,Campos Belos,GO,GO,campos belos
695,Farol,PR,PR,farol
696,Farol,PR,PR,farol
697,Farol,PR,PR,farol
698,Campo Mourão,PR,PR,campo mourao
699,Campo Mourão,PR,PR,campo mourao
700,Campo Mourão,PR,PR,campo mourao
701,Tunas do Paraná,PR,PR,tunas do parana
702,Araruna,PR,PR,araruna
703,Arinos,MG,MG,arinos
704,Tuneiras do Oeste,PR,PR,tuneiras do oeste
705,Caracol,MS,MS,caracol
706,Luiziana,PR,PR,luiziana
707,Campo Mourão,PR,PR,campo mourao
708,Campo Mourão,PR,PR,campo mourao
709,Janiópolis,PR,PR,janiopolis
710,Campo Mourão,PR,PR,campo mourao
711,Foz do Iguaçú,PR,PR,foz do iguacu
712,Ubiratã,PR,PR,ubirata
713,Goioerê,PR,PR,goioere
714,Luiziana,PR,PR,luiziana
715,Curitiba,PR,PR,curitiba
716,Garuva,SC,SC,garuva
717,Campo Largo,PR,PR,campo largo
718,Campo Mourão,PR,PR,campo mourao
719,Romaria,MG,MG,romaria
720,Cavalcante,GO,GO,cavalcante
721,Lapa,PR,PR,lapa
722,Tanque Novo,BA,BA,tanque novo
723,Alto Paraíso-Cruzeiro,GO,GO,alto paraiso cruzeiro
724,Campo Mourão,PR,PR,campo mourao
725,Campo Mourão,PR,PR,campo mourao
726,Guaratuba,PR,PR,guaratuba
727,Bonito,MS,MS,bonito
728,Campo Alegre,SC,SC,campo alegre
729,Peabiru,PR,PR,peabiru
730,Corumbataí do Sul,PR,PR,corumbatai do sul
731,Campo Mourão,PR,PR,campo mourao
732,Oliveira dos Brejinhos,PR,PR,oliveira dos brejinhos
733,Barra do Sul,SC,SC,barra do sul
734,Lapa,PR,PR,lapa
735,Engenheiro Beltrão,PR,PR,engenheiro beltrao
736,São José dos Pinhais,PR,PR,sao jose dos pinhais
737,Goioerê,PR,PR,goioere
738,Telêmaco Borba,PR,PR,telemaco borba
739,Campo Mourão,PR,PR,campo mourao
740,Cocalzinho,GO,GO,cocalzinho
741,Corumbataí do Sul,PR,PR,corumbatai do sul
742,Campo Mourão,PR,PR,campo mourao
743,Campo Magro,PR,PR,campo magro
744,Campina Grande do Sul,PR,PR,campina grande do sul
745,Laranjeiras do Sul,PR,PR,laranjeiras do sul
746,Campo Mourão,PR,PR,campo mourao
747,Campo Largo,PR,PR,campo largo
748,Campo Magro,PR,PR,campo magro
749,Campo Magro,PR,PR,campo magro
750,Campo Magro,PR,PR,campo magro
751,Campo Magro,PR,PR,campo magro
752,Campo Mourão,PR,PR,campo mourao
753,Campo Mourão,PR,PR,campo mourao
754,Peabiru,PR,PR,peabiru
755,Engenheiro Beltrão,PR,PR,engenheiro beltrao
756,Campo Mourão,PR,PR,campo mourao
757,Bombinhas,SC,SC,bombinhas
758,Bombinhas,SC,SC,bombinhas
759,Bombinhas,SC,SC,bombinhas
760,Bombinhas,SC,SC,bombinhas
761,Bombinhas,SC,SC,bombinhas
762,Bombinhas,SC,SC,bombinhas
763,União da Vitória,PR,PR,uniao da vitoria
764,Porto União,SC,SC,porto uniao
765,Porto Vitória,PR,PR,porto vitoria
766,Porto União,SC,SC,porto uniao
767,União da Vitória,PR,PR,uniao da vitoria
768,Londrina,PR,PR,londrina
769,Rancharia,SP,SP,rancharia
770,Guarapari,ES,ES,guarapari
771,Londrina,PR,PR,londrina
772,Ventania,PR,PR,ventania
773,Londrina,PR,PR,londrina
774,Ibiporã,PR,PR,ibipora
775,Marialva,PR,PR,marialva
776,São Gonçalo do Rio Abaixo,MG,MG,sao goncalo do rio abaixo
777,Londrina,PR,PR,londrina
778,Ventania,PR,PR,ventania
779,Ventania,PR,PR,ventania
780,Londrina,PR,PR,londrina
781,Guaraqueçaba,PR,PR,guaraquecaba
782,Londrina,PR,PR,londrina
783,Ventania,PR,PR,ventania
784,Londrina,PR,PR,londrina
785,Tibagi,PR,PR,tibagi
786,Rancho Alegre,PR,PR,rancho alegre
787,Ventania,PR,PR,ventania
788,Itararé,SP,SP,itarare
789,São Jerônimo da Serra,PR,PR,sao jeronimo da serra
790,Londrina,PR,PR,londrina
791,Londrina,PR,PR,londrina
792,Londrina,PR,PR,londrina
793,Londrina,PR,PR,londrina
794,Londrina,PR,PR,londrina
795,Londrina,PR,PR,londrina
796,Ibiporã,PR,PR,ibipora
797,Rolândia,PR,PR,rolandia
798,São Jerônimo da Serra,PR,PR,sao jeronimo da serra
799,Arapongas,PR,PR,arapongas
800,São Jerônimo da Serra,PR,PR,sao jeronimo da serra
801,Porto Rico,PR,PR,porto rico
802,Santo Antônio do Paraíso,PR,PR,santo antonio do paraiso
803,Leópolis,PR,PR,leopolis
804,Porto Murtinho,MS,MS,porto murtinho
805,Porto Murtinho,MS,MS,porto murtinho
806,Porto Murtinho,MS,MS,porto murtinho
807,Coxim,MS,MS,coxim
808,Campo Grande,MS,MS,campo grande
809,Costa Rica,MS,MS,costa rica
810,Campo Grande,MS,MS,campo grande
811,Chapadão do Sul,MS,MS,chapadao do sul
812,Piraputanga,MS,MS,piraputanga
813,Corumbá,MS,MS,corumba
814,Porto Murtinho,MS,MS,porto murtinho
815,Porto Murtinho,MS,MS,porto murtinho
816,Porto Murtinho,MS,MS,porto murtinho
817,Porto Murtinho,MS,MS,porto murtinho
818,Porto Murtinho,MS,MS,porto murtinho
819,Porto Murtinho,MS,MS,porto murtinho
820,Corumbá,MS,MS,corumba
821,Maracajú,MS,MS,maracaju
822,Campo Grande,MS,MS,campo grande
823,Corumbá,MS,MS,corumba
824,Miranda,MS,MS,miranda
825,Sonora,MS,MS,sonora
826,Campo Grande,MS,MS,campo grande
827,Sidrolândia,MS,MS,sidrolandia
828,Aquidauana,MS,MS,aquidauana
829,Rio Verde,MS,MS,rio verde
830,Campo Grande,MS,MS,campo grande
831,Alcinópolis,MS,MS,alcinopolis
832,Piraputanga,MS,MS,piraputanga
833,Piraputanga,MS,MS,piraputanga
834,Jardim,MS,MS,jardim
835,Piraputanga,MS,MS,piraputanga
836,Piraputanga,MS,MS,piraputanga
837,Piraputanga,MS,MS,piraputanga
838,Porto Murtinho,MS,MS,porto murtinho
839,Porto Murtinho,MS,MS,porto murtinho
840,Piraputanga,MS,MS,piraputanga
841,Campo Grande,MS,MS,campo grande
842,Terenos,MS,MS,terenos
843,Piraputanga,MS,MS,piraputanga
844,São José dos Pinhais,PR,PR,sao jose dos pinhais
845,Miranda,MS,MS,miranda
846,Campo Grande,MS,MS,campo grande
847,Chapadão do Sul,MS,MS,chapadao do sul
848,Rio Negro,MS,MS,rio negro
849,Chapadão do Sul,MS,MS,chapadao do sul
850,Campo Grande,MS,MS,campo grande
851,Campo Grande,MS,MS,campo grande
852,?,MS,MS,
853,Campo Grande,MS,MS,campo grande
854,Campo Grande,MS,MS,campo grande
855,Água Clara,MS,MS,agua clara
856,Jardim,MS,MS,jardim
857,Aquidauana,MS,MS,aquidauana
858,Campo Grande,MS,MS,campo grande
859,Corumbá,MS,MS,corumba
860,Porto Murtinho,MS,MS,porto murtinho
861,Campo Grande,MS,MS,campo grande
862,Aquidauana,MS,MS,aquidauana
863,Bonito,MS,MS,bonito
864,Miranda,MS,MS,miranda
865,Porto Murtinho,MS,MS,porto murtinho
866,Piraputanga,MS,MS,piraputanga
867,Nioaque,MS,MS,nioaque
868,?,MS,MS,
869,Nioaque,MS,MS,nioaque
870,Porto Murtinho,MS,MS,porto murtinho
871,Bonito,MS,MS,bonito
872,Porto Murtinho,MS,MS,porto murtinho
873,Nioaque,MS,MS,nioaque
874,Corumbá,MS,MS,corumba
875,Campo Grande,MS,MS,campo grande
876,Aquidauana,MS,MS,aquidauana
877,Miranda,MS,MS,miranda
878,Campo Grande,MS,MS,campo grande
879,Corumbá,MS,MS,corumba
880,Aquidauana,MS,MS,aquidauana
881,Campo Grande,MS,MS,campo grande
882,Campo Grande,MS,MS,campo grande
883,Campo Mourão,PR,PR,campo mourao
884,Campo Mourão,PR,PR,campo mourao
885,Campo Mourão,PR,PR,campo mourao
886,Corumbá,MS,MS,corumba
887,Campo Grande,MS,MS,campo grande
888,Corumbá,MS,MS,corumba
889,Ubiratã,PR,PR,ubirata
890,Ubiratã,PR,PR,ubirata
891,Nova Aurora,PR,PR,nova aurora
892,Luiziana,PR,PR,luiziana
893,Ubiratã,PR,PR,ubirata
894,Campo Mourão,PR,PR,campo mourao
895,Turvo,PR,PR,turvo
896,Turvo,PR,PR,turvo
897,Campo Mourão,PR,PR,campo mourao
898,Jandaia do Sul,PR,PR,jandaia do sul
899,Cianorte,PR,PR,cianorte
900,Nova Tebas,PR,PR,nova tebas
901,Iretama,PR,PR,iretama
902,Recursolândia,TO,TO,recursolandia
903,Ponta Grossa,PR,PR,ponta grossa
904,Ponta Grossa,PR,PR,ponta grossa
905,Ponta Grossa,PR,PR,ponta grossa
906,Ponta Grossa,PR,PR,ponta grossa
907,Ponta Grossa,PR,PR,ponta grossa
908,Corumbá,MS,MS,corumba
909,Luiziana,PR,PR,luiziana
910,Assis Chateaubriand,PR,PR,assis chateaubriand
911,Ponta Grossa,PR,PR,ponta grossa
912,Ponta Grossa,PR,PR,ponta grossa
913,Ponta Grossa,PR,PR,ponta grossa
914,Agudos do Sul,PR,PR,agudos do sul
915,Campina Grande do Sul,PR,PR,campina grande do sul
916,Canela,RS,RS,canela
917,Venda Nova do Imigrante,ES,ES,venda nova do imigrante
918,Buenópolis,MG,MG,buenopolis
919,Vargem Bonita,SC,SC,vargem bonita
920,Aquidauana,MS,MS,aquidauana
921,Alfredo Chaves,ES,ES,alfredo chaves
922,Adrianópolis,PR,PR,adrianopolis
923,São Joaquim,SC,SC,sao joaquim
924,Urubici,SC,SC,urubici
925,Garuva,SC,SC,garuva
926,Porto Murtinho,MS,MS,porto murtinho
927,Bocaiúva do Sul,PR,PR,bocaiuva do sul
928,Jaguariaíva,PR,PR,jaguariaiva
929,Bonito,MS,MS,bonito
930,Porto Murtinho,MS,MS,porto murtinho
931,Balsa Nova,PR,PR,balsa nova
932,Guaraqueçaba,PR,PR,guaraquecaba
933,Mandirituba,PR,PR,mandirituba
934,Buritizeiro,MG,MG,buritizeiro
935,Doutor Ulysses,PR,PR,doutor ulysses
936,Palmeira,PR,PR,palmeira
937,Mallet,PR,PR,mallet
938,Bonito,MS,MS,bonito
939,Porto Murtinho,MS,MS,porto murtinho
940,Campina Grande do Sul,PR,PR,campina grande do sul
941,Jaguariaíva,PR,PR,jaguariaiva
942,Jaguariaíva,PR,PR,jaguariaiva
943,Jaíba,MG,MG,jaiba
944,Palmeira,PR,PR,palmeira
945,Antonina,PR,PR,antonina
946,Conceição da Barra,BA,BA,conceicao da barra
947,Guaratuba,PR,PR,guaratuba
948,Palmeira,PR,PR,palmeira
949,Macaúbas,BA,BA,macaubas
950,Quatro Barras,PR,PR,quatro barras
951,Lapa,PR,PR,lapa
952,Campina Grande do Sul,PR,PR,campina grande do sul
953,Miranda,MS,MS,miranda
954,Alfredo Wagner,SC,SC,alfredo wagner
955,Boquira,BA,BA,boquira
956,Pontal do Paraná,PR,PR,pontal do parana
957,Milagres,BA,BA,milagres
958,Piên,PR,PR,pien
959,Laguna,SC,SC,laguna
960,Porto Murtinho,MS,MS,porto murtinho
961,Joaquim Felício,MG,MG,joaquim felicio
962,Bonito,MS,MS,bonito
963,Joaquim Felício,MG,MG,joaquim felicio
964,Morretes,PR,PR,morretes
965,Lages,SC,SC,lages
966,Macaúbas,BA,BA,macaubas
967,Adrianópolis,PR,PR,adrianopolis
968,Jaguariaíva,PR,PR,jaguariaiva
969,Porteirinha,MG,MG,porteirinha
970,Antonina,PR,PR,antonina
971,Morretes,PR,PR,morretes
972,Paranaguá,PR,PR,paranagua
973,Piraquara,PR,PR,piraquara
974,Buritizeiro,MG,MG,buritizeiro
975,Tunas do Paraná,PR,PR,tunas do parana
976,Piraquara,PR,PR,piraquara
977,Tijucas do Sul,PR,PR,tijucas do sul
978,Mandirituba,PR,PR,mandirituba
979,Adrianópolis,PR,PR,adrianopolis
980,Joaquim Felício,MG,MG,joaquim felicio
981,São Domingos,GO,GO,sao domingos
982,Tijucas do Sul,PR,PR,tijucas do sul
983,Capitão Leônidas Marques,PR,PR,capitao leonidas marques
984,Diamantina,MG,MG,diamantina
985,Cristalina,GO,GO,cristalina
986,Carlos Chagas,MG,MG,carlos chagas
987,São Mateus do Sul,PR,PR,sao mateus do sul
988,Pontal do Paraná,PR,PR,pontal do parana
989,Guarapuava,PR,PR,guarapuava
990,Tunas do Paraná,PR,PR,tunas do parana
991,Antonina,PR,PR,antonina
992,Guaratuba,PR,PR,guaratuba
993,Curitiba,PR,PR,curitiba
994,Guaraqueçaba,PR,PR,guaraquecaba
995,Lapa,PR,PR,lapa
996,Itaiópolis,SC,SC,itaiopolis
997,Lassance,MG,MG,lassance
998,Urubici,SC,SC,urubici
999,Patos de Minas,MG,MG,patos de minas
1000,Jaguariaíva,PR,PR,jaguariaiva
1001,Serranópolis de Minas,MG,MG,serranopolis de minas
1002,Lapa,PR,PR,lapa
1003,Curitiba,PR,PR,curitiba
1004,Palmeira,PR,PR,palmeira
1005,Curitiba,PR,PR,curitiba
1006,Curitiba,PR,PR,curitiba
1007,Jaguariaíva,PR,PR,jaguariaiva
1008,Ponta Grossa,PR,PR,ponta grossa
1009,Urubici,SC,SC,urubici
1010,Urubici,SC,SC,urubici
1011,Morretes,PR,PR,morretes
1012,Morretes,PR,PR,morretes
1013,Perdizes,MG,MG,perdizes
1014,Cerro Azul,PR,PR,cerro azul
1015,Mateiros,TO,TO,mateiros
1016,Mateiros,TO,TO,mateiros
1017,Mateiros,TO,TO,mateiros
1018,Mateiros,TO,TO,mateiros
1019,Mateiros,TO,TO,mateiros
1020,Mateiros,TO,TO,mateiros
1021,Alvorada do Tocantins,TO,TO,alvorada do tocantins
1022,Campo Mourão,PR,PR,campo mourao
1023,Nova Esperança,PR,PR,nova esperanca
1024,Tuneiras do Oeste,PR,PR,tuneiras do oeste
1025,Tuneiras do Oeste,PR,PR,tuneiras do oeste
1026,Tuneiras do Oeste,PR,PR,tuneiras do oeste
1027,Tibagi,PR,PR,tibagi
1028,Lábrea,AM,AM,labrea
1029,Luiziana,PR,PR,luiziana
1030,Assis Chateaubriand,PR,PR,assis chateaubriand
1031,Colorado,PR,PR,colorado
1032,Itaí,SP,SP,itai
1033,Itaí,SP,SP,itai
1034,Pinhalzinho,SC,SC,pinhalzinho
1035,Umuarama,PR,PR,umuarama
1036,Chapada dos Guimarães,MT,MT,chapada dos guimaraes
1037,Campo Mourão,PR,PR,campo mourao
1038,Japurá,PR,PR,japura
1039,América de Campos,SP,SP,america de campos
1040,Cascavel,PR,PR,cascavel
1041,Cândido de Abreu,PR,PR,candido de abreu
1042,Gaspar,SC,SC,gaspar
5629,Marapanim,PA,PA,marapanim
1043,Santa Helena,PR,PR,santa helena
1044,Cascavel,PR,PR,cascavel
1045,Apucarana,PR,PR,apucarana
1046,Paraguaçu Paulista,SP,SP,paraguacu paulista
1047,Campo Mourão,PR,PR,campo mourao
1048,Centenário do Sul,PR,PR,centenario do sul
1049,Centenário do Sul,PR,PR,centenario do sul
1050,Centenário do Sul,PR,PR,centenario do sul
1051,Centenário do Sul,PR,PR,centenario do sul
1052,Peabiru,PR,PR,peabiru
1053,Peabiru,PR,PR,peabiru
1054,Arapongas,PR,PR,arapongas
1055,Sabáudia,PR,PR,sabaudia
1056,Arapongas,PR,PR,arapongas
1057,Engenheiro Beltrão,PR,PR,engenheiro beltrao
1058,Engenheiro Beltrão,PR,PR,engenheiro beltrao
5630,Carolina,PA,PA,carolina
1059,Araruna,PR,PR,araruna
1060,Araruna,PR,PR,araruna
1061,Garuva,SC,SC,garuva
1062,Barra Velha,SC,SC,barra velha
1063,Londrina,PR,PR,londrina
1064,Sertaneja,PR,PR,sertaneja
1065,Tibagi,PR,PR,tibagi
1066,Jundiaí,SP,SP,jundiai
1067,Iporanga,SP,SP,iporanga
1068,Castro,PR,PR,castro
1069,Reserva,PR,PR,reserva
1070,Poconé,MT,MT,pocone
1071,Curiúva,PR,PR,curiuva
1072,Tamarana,PR,PR,tamarana
1073,Sapopema,PR,PR,sapopema
1074,Iporanga,SP,SP,iporanga
1075,Arapongas,PR,PR,arapongas
1076,Bela Vista do Paraíso,PR,PR,bela vista do paraiso
1077,Iporanga,SP,SP,iporanga
1078,Londrina,PR,PR,londrina
1079,São Jerônimo da Serra,PR,PR,sao jeronimo da serra
1080,Londrina,PR,PR,londrina
1081,Sapopema,PR,PR,sapopema
1082,Assaí,PR,PR,assai
1083,Guaraqueçaba,PR,PR,guaraquecaba
1084,Sertanópolis,PR,PR,sertanopolis
1085,Tamarana,PR,PR,tamarana
1086,Sapopema,PR,PR,sapopema
1087,Londrina,PR,PR,londrina
1088,Ibiporã,PR,PR,ibipora
1089,Ventania,PR,PR,ventania
1090,Teixeira Soares,PR,PR,teixeira soares
1091,Londrina,PR,PR,londrina
1092,Londrina,PR,PR,londrina
1093,Primeiro de Maio,PR,PR,primeiro de maio
1094,Londrina,PR,PR,londrina
1095,São Jerônimo da Serra,PR,PR,sao jeronimo da serra
1096,Primeiro de Maio,PR,PR,primeiro de maio
1097,Rolândia,PR,PR,rolandia
1098,Londrina,PR,PR,londrina
1099,Ortigueira,PR,PR,ortigueira
1100,Londrina,PR,PR,londrina
1101,Curiúva,PR,PR,curiuva
1102,Teixeira Soares,PR,PR,teixeira soares
1103,Londrina,PR,PR,londrina
1104,Londrina,PR,PR,londrina
1105,Ibiporã,PR,PR,ibipora
1106,Londrina,PR,PR,londrina
5631,Angico,TO,TO,angico
1107,Londrina,PR,PR,londrina
1108,Sertanópolis,PR,PR,sertanopolis
1109,Arapongas,PR,PR,arapongas
1110,Cambé,PR,PR,cambe
1111,Londrina,PR,PR,londrina
1112,Londrina,PR,PR,londrina
1113,Carambeí,PR,PR,carambei
1114,Assaí,PR,PR,assai
1115,Ortigueira,PR,PR,ortigueira
1116,Jataizinho,PR,PR,jataizinho
1117,Primeiro de Maio,PR,PR,primeiro de maio
1118,Ibiporã,PR,PR,ibipora
1119,Jataizinho,PR,PR,jataizinho
1120,Tibagi,PR,PR,tibagi
1121,Ipiranga,PR,PR,ipiranga
1122,Londrina,PR,PR,londrina
1123,Ibiporã,PR,PR,ibipora
1124,Tibagi,PR,PR,tibagi
1125,Tamarana,PR,PR,tamarana
1126,Teixeira Soares,PR,PR,teixeira soares
1127,Jaguariaíva,PR,PR,jaguariaiva
1128,Londrina,PR,PR,londrina
1129,Paranaguá,PR,PR,paranagua
1130,Lupionópolis,PR,PR,lupionopolis
1131,Ibiporã,PR,PR,ibipora
1132,Mauá da Serra,PR,PR,maua da serra
1133,Arapongas,PR,PR,arapongas
1134,Tuneiras do Oeste,PR,PR,tuneiras do oeste
1135,Tuneiras do Oeste,PR,PR,tuneiras do oeste
1136,Guia Lopes da Laguna,MS,MS,guia lopes da laguna
1137,Jardim,MS,MS,jardim
1138,Balsa Nova,PR,PR,balsa nova
1139,Balsa Nova,PR,PR,balsa nova
1140,Guaratuba,PR,PR,guaratuba
1141,Tijucas do Sul,PR,PR,tijucas do sul
1142,Tuneiras do Oeste,PR,PR,tuneiras do oeste
1143,Tuneiras do Oeste,PR,PR,tuneiras do oeste
1144,Cambé,PR,PR,cambe
1145,Ortigueira,PR,PR,ortigueira
1146,Tibagi,PR,PR,tibagi
1147,Sertanópolis,PR,PR,sertanopolis
1148,Londrina,PR,PR,londrina
1149,Sertanópolis,PR,PR,sertanopolis
1150,Ibiporã,PR,PR,ibipora
1151,São Jerônimo da Serra,PR,PR,sao jeronimo da serra
1152,Leópolis,PR,PR,leopolis
1153,Londrina,PR,PR,londrina
1154,Batayporã,MS,MS,bataypora
1155,Cornélio Procópio,PR,PR,cornelio procopio
1156,Cornélio Procópio,PR,PR,cornelio procopio
1157,Reserva,PR,PR,reserva
1158,Formosa do Oeste,PR,PR,formosa do oeste
1159,Nova Fátima,PR,PR,nova fatima
1160,Laranjeiras do Sul,PR,PR,laranjeiras do sul
1161,Jussara,PR,PR,jussara
1162,Reserva,PR,PR,reserva
1163,Maringá,PR,PR,maringa
1164,Iguaraçu,PR,PR,iguaracu
1165,Godoy Moreira,PR,PR,godoy moreira
1166,Sabaudia,PR,PR,sabaudia
1167,Sabaudia,PR,PR,sabaudia
1168,Sabaudia,PR,PR,sabaudia
1169,Corbélia,PR,PR,corbelia
1170,Mogi das Cruzes,SP,SP,mogi das cruzes
1171,Corbélia,PR,PR,corbelia
1172,Mogi das Cruzes,SP,SP,mogi das cruzes
1173,Astorga,PR,PR,astorga
1174,Santa Helena,PR,PR,santa helena
1175,Santa Helena,PR,PR,santa helena
1176,Nova Esperança,PR,PR,nova esperanca
1177,Maringá,PR,PR,maringa
1178,Seara,SC,SC,seara
1179,Assis,SP,SP,assis
1180,Assis Chateaubriand,PR,PR,assis chateaubriand
1181,Mariluz,PR,PR,mariluz
1182,Balneário Camboriu,SC,SC,balneario camboriu
1183,Sabaudia,PR,PR,sabaudia
1184,Sabaudia,PR,PR,sabaudia
1185,Sabaudia,PR,PR,sabaudia
1186,Assis Chateaubriand,PR,PR,assis chateaubriand
1187,Balneário Camboriu,SC,SC,balneario camboriu
1188,Balneário Camboriu,SC,SC,balneario camboriu
1189,Balneário Camboriu,SC,SC,balneario camboriu
1190,Sabaudia,PR,PR,sabaudia
1191,Jardim,MS,MS,jardim
1192,Campina Grande do Sul,PR,PR,campina grande do sul
1193,Campina Grande do Sul,PR,PR,campina grande do sul
1194,Campina Grande do Sul,PR,PR,campina grande do sul
1195,Guaratuba,PR,PR,guaratuba
1196,Guaratuba,PR,PR,guaratuba
1197,Campina Grande do Sul,PR,PR,campina grande do sul
1198,Renascença,PR,PR,renascenca
1199,Douradina,PR,PR,douradina
1200,Douradina,PR,PR,douradina
1201,Ariquemes,RO,RO,ariquemes
1202,Ariquemes,RO,RO,ariquemes
1203,Ilha Floresta,MS,MS,ilha floresta
1204,Pariquera-Açu,SP,SP,pariquera acu
1205,Cananéia,SP,SP,cananeia
1208,Pariquera-Açu,SP,SP,pariquera acu
1207,Ilha Comprida,SP,SP,ilha comprida
1209,Pontal do Paraná,PR,PR,pontal do parana
1210,Pontal do Paraná,PR,PR,pontal do parana
1211,Tuneiras do Oeste,PR,PR,tuneiras do oeste
1212,Doutor Ulysses,PR,PR,doutor ulysses
1213,Poconé,MT,MT,pocone
1214,Campo Verde,MT,MT,campo verde
1215,Barra dos Bugres,MT,MT,barra dos bugres
1216,Poconé,MT,MT,pocone
1217,Chapada dos Guimarães,MT,MT,chapada dos guimaraes
1218,Sinop,MT,MT,sinop
1219,Barão de Melgaço,MT,MT,barao de melgaco
1220,Poconé,MT,MT,pocone
1221,Cáceres,MT,MT,caceres
1222,Nova Marilândia,MT,MT,nova marilandia
1223,Nova Marilândia,MT,MT,nova marilandia
1224,Porto Estrela,MT,MT,porto estrela
1225,Nossa Senhora do Livramento,MT,MT,nossa senhora do livramento
1226,Cáceres,MT,MT,caceres
1227,Poconé,MT,MT,pocone
1228,Nova Marilândia,MT,MT,nova marilandia
1229,Poconé,MT,MT,pocone
1230,Rosário Oeste,MT,MT,rosario oeste
1231,Poconé,MT,MT,pocone
1232,Claudia,MT,MT,claudia
1233,Cuiabá,MT,MT,cuiaba
1234,Nova Marilândia,MT,MT,nova marilandia
1235,Poconé,MT,MT,pocone
1236,Poconé,MT,MT,pocone
1237,Nova Marilândia,MT,MT,nova marilandia
1238,Poconé,MT,MT,pocone
1239,Claudia,MT,MT,claudia
1240,Sinop,MT,MT,sinop
1241,Cuiabá,MT,MT,cuiaba
1242,Poconé,MT,MT,pocone
1243,Cuiabá,MT,MT,cuiaba
1244,Nova Marilândia,MT,MT,nova marilandia
1245,Barão de Melgaço,MT,MT,barao de melgaco
1246,Campo Verde,MT,MT,campo verde
1247,Poconé,MT,MT,pocone
1248,Nova Marilândia,MT,MT,nova marilandia
1249,Claudia,MT,MT,claudia
1250,Cuiabá,MT,MT,cuiaba
1251,Campo Verde,MT,MT,campo verde
1252,Tapurah,MT,MT,tapurah
1253,Poconé,MT,MT,pocone
1254,Cuiabá,MT,MT,cuiaba
1255,Barão de Melgaço,MT,MT,barao de melgaco
1256,Rosário Oeste,MT,MT,rosario oeste
1257,Estrela do Norte,SP,SP,estrela do norte
1258,Ponta Grossa,PR,PR,ponta grossa
1259,Rio Branco do Sul,PR,PR,rio branco do sul
1260,Itapecerica da Serra,SP,SP,itapecerica da serra
1261,Cotia,SP,SP,cotia
1262,Mairinque,SP,SP,mairinque
1263,Ponta Grossa,PR,PR,ponta grossa
1264,Matinhos,PR,PR,matinhos
1265,Campo Magro,PR,PR,campo magro
1266,Rio Branco do Sul,PR,PR,rio branco do sul
1267,Curitiba,PR,PR,curitiba
1268,Campo Magro,PR,PR,campo magro
1269,Vargem Bonita,SC,SC,vargem bonita
1270,Vargem Bonita,SC,SC,vargem bonita
1271,Bituruna,PR,PR,bituruna
1272,São Paulo,SP,SP,sao paulo
1273,Guarapuava,PR,PR,guarapuava
1274,Herval,RS,RS,herval
6111,Alto Paraíso de Goiás,GO,GO,alto paraiso de goias
1276,Campina Grande do Sul,PR,PR,campina grande do sul
1277,Xanxerê,SC,SC,xanxere
1278,Cascavel,PR,PR,cascavel
1279,Carmópolis de Minas,MG,MG,carmopolis de minas
1280,Narandiba,SP,SP,narandiba
1281,Campina Grande do Sul,PR,PR,campina grande do sul
1282,Vargem Bonita,SC,SC,vargem bonita
1283,Curitiba,PR,PR,curitiba
3668,Cáceres,MT,MT,caceres
1284,Curitiba,PR,PR,curitiba
1285,Nova Friburgo,RJ,RJ,nova friburgo
1286,Jaguariaíva,PR,PR,jaguariaiva
1287,Foz do Iguaçu,PR,PR,foz do iguacu
1288,São José do Barreiro,SP,SP,sao jose do barreiro
1289,Três Lagoas,MS,MS,tres lagoas
1290,Miranda,MS,MS,miranda
1291,Miranda,MS,MS,miranda
1292,Tapurah,MT,MT,tapurah
1293,Cláudia,MT,MT,claudia
1294,Tangará da Serra,MT,MT,tangara da serra
1295,Chapada dos Guimarães,MT,MT,chapada dos guimaraes
1296,Cuiabá,MT,MT,cuiaba
1297,Cuiabá,MT,MT,cuiaba
1298,Cláudia,MT,MT,claudia
1299,Chapada dos Guimarães,MT,MT,chapada dos guimaraes
1300,Tangará da Serra,MT,MT,tangara da serra
1301,Campo Verde,MT,MT,campo verde
1398,São José do Couto,MT,MT,sao jose do couto
1303,Acorizal,MT,MT,acorizal
1304,Cuiabá,MT,MT,cuiaba
1305,Santo Antônio do Leverger,MT,MT,santo antonio do leverger
1306,Campo Verde,MT,MT,campo verde
1307,Cláudia,MT,MT,claudia
1308,Barão de Melgaço,MT,MT,barao de melgaco
1309,Barão de Melgaço,MT,MT,barao de melgaco
1310,Chapada dos Guimarães,MT,MT,chapada dos guimaraes
1311,Acorizal,MT,MT,acorizal
1312,Cuiabá,MT,MT,cuiaba
1313,Sinop,MT,MT,sinop
1314,Poconé,MT,MT,pocone
1315,Barão de Melgaço,MT,MT,barao de melgaco
1316,Chapada dos Guimarães,MT,MT,chapada dos guimaraes
1317,Barão de Melgaço,MT,MT,barao de melgaco
3669,Barão de Melgaço,MT,MT,barao de melgaco
1318,Cuiabá,MT,MT,cuiaba
1319,Acorizal,MT,MT,acorizal
1320,Cotriguaçu,MT,MT,cotriguacu
1321,Curupira,MT,MT,curupira
1322,Aripuanã,MT,MT,aripuana
1323,Cuiabá,MT,MT,cuiaba
1324,Cuiabá,MT,MT,cuiaba
1325,Cláudia,MT,MT,claudia
1326,Guarapuava,PR,PR,guarapuava
1327,Sâo Vicente,SP,SP,sao vicente
1328,Grisons,,,grisons
1329,Parada Nueva - Depto de Montevideo,,,parada nueva depto de montevideo
1330,Terra Roxa,PR,PR,terra roxa
1331,"Cerro, Departamento de Montevideo",,,cerro departamento de montevideo
1332,San José- Departamento de San José,,,san jose departamento de san jose
1333,Itatiaia,RJ,RJ,itatiaia
1334,Limeira,SP,SP,limeira
1335,Almirante Tamandaré,PR,PR,almirante tamandare
1336,Curitiba,PR,PR,curitiba
1337,Gouveia,MG,MG,gouveia
1338,Carambeí,PR,PR,carambei
1339,São José dos Pinhais,PR,PR,sao jose dos pinhais
1340,Pontal do Paraná,PR,PR,pontal do parana
1341,Campo Largo,PR,PR,campo largo
1342,Curitiba,PR,PR,curitiba
1343,Almirante Tamandaré,PR,PR,almirante tamandare
1344,São José dos Pinhais,PR,PR,sao jose dos pinhais
1345,Balsa Nova,PR,PR,balsa nova
1346,Belo Horizonte,MG,MG,belo horizonte
1347,Chapadão do Lageado,SC,SC,chapadao do lageado
1348,Paranaguá,PR,PR,paranagua
1349,Itatiaia,RJ,RJ,itatiaia
1350,Chapada Diamantina,BA,BA,chapada diamantina
1351,Baião,PA,PA,baiao
1352,Santa Tereza,RS,RS,santa tereza
1353,Pontal do Paraná,PR,PR,pontal do parana
1354,Itapema do Norte,SC,SC,itapema do norte
1355,São Francisco do Sul,SC,SC,sao francisco do sul
1356,Guarapuava,PR,PR,guarapuava
1357,Guarapuava,PR,PR,guarapuava
1358,Prudentópolis,PR,PR,prudentopolis
1359,Fênix,PR,PR,fenix
1360,Rio Verde de Mato Grosso,MS,MS,rio verde de mato grosso
1361,Puerto Isabel,,,puerto isabel
1362,Naviraí,MS,MS,navirai
1363,Campo Grande,MS,MS,campo grande
1364,Naviraí,MS,MS,navirai
1365,Nioaque,MS,MS,nioaque
1366,Corumbá,MS,MS,corumba
1367,Corumbá,MS,MS,corumba
1368,Corumbá,MS,MS,corumba
1369,Rio Verde de Mato Grosso,MS,MS,rio verde de mato grosso
1370,Rio Verde de Mato Grosso,MS,MS,rio verde de mato grosso
1371,Rio Verde de Mato Grosso,MS,MS,rio verde de mato grosso
1372,Rio Verde de Mato Grosso,MS,MS,rio verde de mato grosso
1373,Rio Verde de Mato Grosso,MS,MS,rio verde de mato grosso
1374,Corumbá,MS,MS,corumba
1375,Corumbá,MS,MS,corumba
1376,Campo Grande,MS,MS,campo grande
1377,Campo Grande,MS,MS,campo grande
1378,Rio Verde de Mato Grosso,MS,MS,rio verde de mato grosso
1379,Corumbá,MS,MS,corumba
1380,Corumbá,MS,MS,corumba
1381,Corumbá,MS,MS,corumba
1382,Corumbá,MS,MS,corumba
1383,Campo Grande,MS,MS,campo grande
1384,Corumbá,MS,MS,corumba
1385,Terenos,MS,MS,terenos
1386,Corumbá,MS,MS,corumba
1387,Corumbá,MS,MS,corumba
1388,Corumbá,MS,MS,corumba
1389,Sooretama,ES,ES,sooretama
1390,Barão de Melgaço,MT,MT,barao de melgaco
1391,Barão de Melgaço,MT,MT,barao de melgaco
1392,Rosário Oeste,MT,MT,rosario oeste
1393,Aripuanã,MT,MT,aripuana
1394,Barão de Melgaço,MT,MT,barao de melgaco
1395,Cuiabá,MT,MT,cuiaba
1396,Livramento,MT,MT,livramento
1397,Poconé,MT,MT,pocone
1399,,MT,MT,
1400,Cáceres,MT,MT,caceres
1401,Vila Bela da Santíssima Trindade,MT,MT,vila bela da santissima trindade
1402,Cáceres,MT,MT,caceres
1403,Cáceres,MT,MT,caceres
1404,Jaciara,MT,MT,jaciara
1405,Cuiabá,MT,MT,cuiaba
1406,Rondonópolis,MT,MT,rondonopolis
1407,Juruena,MT,MT,juruena
1408,Cáceres,MT,MT,caceres
1409,Poconé,MT,MT,pocone
1410,Santo Antônio do Leverger,MT,MT,santo antonio do leverger
1411,Paranatinga,MT,MT,paranatinga
1412,Sinop,MT,MT,sinop
1413,Cuiabá,MT,MT,cuiaba
1414,Cuiabá,MT,MT,cuiaba
1415,Cuiabá,MT,MT,cuiaba
1416,Cuiabá,MT,MT,cuiaba
1417,Cuiabá,MT,MT,cuiaba
1418,,MT,MT,
1419,Cuiabá,MT,MT,cuiaba
1420,Poconé,MT,MT,pocone
1421,Cuiabá,MT,MT,cuiaba
1422,Vila Bela da Santíssima Trindade,MT,MT,vila bela da santissima trindade
1423,Rosário Oeste,MT,MT,rosario oeste
1424,Chapada dos Guimarães,MT,MT,chapada dos guimaraes
1425,Rondonópolis,MT,MT,rondonopolis
1426,Poconé,MT,MT,pocone
1427,Tangará da Serra,MT,MT,tangara da serra
1428,Cáceres,MT,MT,caceres
1429,São Tomé,PR,PR,sao tome
1430,Campo Mourão,PR,PR,campo mourao
1431,Avanhandava,SP,SP,avanhandava
1432,Assis,SP,SP,assis
1433,Avanhandava,SP,SP,avanhandava
1434,Ponta Grossa,PR,PR,ponta grossa
1435,São José dos Pinhais,PR,PR,sao jose dos pinhais
1436,Cruz Machado,PR,PR,cruz machado
1437,Reserva do Iguaçu,PR,PR,reserva do iguacu
1438,Joinville,SC,SC,joinville
1439,Telêmaco Borba,PR,PR,telemaco borba
1440,Bituruna,PR,PR,bituruna
1441,Piraí do Sul,PR,PR,pirai do sul
1442,Campo Largo,PR,PR,campo largo
1443,Guaratuba,PR,PR,guaratuba
1444,Ortigueira,PR,PR,ortigueira
1445,União da Vitória,PR,PR,uniao da vitoria
1446,Maracaju,MS,MS,maracaju
1447,Maracaju,MS,MS,maracaju
1448,Ventania,PR,PR,ventania
1449,Ventania,PR,PR,ventania
1450,Ventania,PR,PR,ventania
1451,Sengés,PR,PR,senges
1452,Kaloré,PR,PR,kalore
1453,Primeiro de Maio,PR,PR,primeiro de maio
1454,Caarapó,MS,MS,caarapo
1455,Corumbataí do Sul,PR,PR,corumbatai do sul
1456,Jaguariaíva,PR,PR,jaguariaiva
1457,Jaguariaíva,PR,PR,jaguariaiva
1458,Porto Rico,PR,PR,porto rico
1459,Taquarussu,MS,MS,taquarussu
1460,Porto Rico,PR,PR,porto rico
1461,Jateí,MS,MS,jatei
1462,Jateí,MS,MS,jatei
1463,Porto Rico,PR,PR,porto rico
1464,Batayporã,MS,MS,bataypora
1465,Taquarussu,MS,MS,taquarussu
1466,Taquarussu,MS,MS,taquarussu
1467,Batayporã,MS,MS,bataypora
1468,Porto Rico,PR,PR,porto rico
1469,São Pedro do Paraná,PR,PR,sao pedro do parana
1470,São Pedro do Paraná,PR,PR,sao pedro do parana
1471,Marilena,PR,PR,marilena
1472,Marilena,PR,PR,marilena
1473,Porto Rico,PR,PR,porto rico
1474,Taquarussu,MS,MS,taquarussu
1475,Batayporã,MS,MS,bataypora
1476,Iretama,PR,PR,iretama
1477,Piraquara,PR,PR,piraquara
1478,Telêmaco Borba,PR,PR,telemaco borba
1479,Ortigueira,PR,PR,ortigueira
1480,Ortigueira,PR,PR,ortigueira
1481,Telêmaco Borba,PR,PR,telemaco borba
1482,Ponta Grossa,PR,PR,ponta grossa
1483,Morretes,PR,PR,morretes
1484,Ortigueira,PR,PR,ortigueira
1485,Ortigueira,PR,PR,ortigueira
1486,Telêmaco Borba,PR,PR,telemaco borba
1487,Ortigueira,PR,PR,ortigueira
1488,Ortigueira,PR,PR,ortigueira
1489,Guaratuba,PR,PR,guaratuba
1490,Valparaiso,SP,SP,valparaiso
1491,Tibagi,PR,PR,tibagi
1492,Quatro Barras,PR,PR,quatro barras
1493,Telêmaco Borba,PR,PR,telemaco borba
1494,Telêmaco Borba,PR,PR,telemaco borba
1495,Telêmaco Borba,PR,PR,telemaco borba
1496,Guaratuba,PR,PR,guaratuba
1497,Telêmaco Borba,PR,PR,telemaco borba
1498,Telêmaco Borba,PR,PR,telemaco borba
1499,Ortigueira,PR,PR,ortigueira
1500,Telêmaco Borba,PR,PR,telemaco borba
1501,Ortigueira,PR,PR,ortigueira
1502,Telêmaco Borba,PR,PR,telemaco borba
1503,Ortigueira,PR,PR,ortigueira
1504,Curitiba,PR,PR,curitiba
1505,São José dos Pinhais,PR,PR,sao jose dos pinhais
1506,Boa Ventura de São Roque,PR,PR,boa ventura de sao roque
1507,Curitiba,PR,PR,curitiba
1508,Ipira,SC,SC,ipira
1509,Niterói,RJ,RJ,niteroi
1510,Quatro Barras,PR,PR,quatro barras
1511,Ipira,SC,SC,ipira
1512,Ipira,SC,SC,ipira
1513,Ortigueira,PR,PR,ortigueira
1514,Telêmaco Borba,PR,PR,telemaco borba
1515,Telêmaco Borba,PR,PR,telemaco borba
1516,Telêmaco Borba,PR,PR,telemaco borba
1517,Piraí do Sul,PR,PR,pirai do sul
1518,São José dos Pinhais,PR,PR,sao jose dos pinhais
1519,Garuva,SC,SC,garuva
1520,Palmeira,PR,PR,palmeira
1521,Piraí do Sul,PR,PR,pirai do sul
1522,Tijucas do Sul,PR,PR,tijucas do sul
1523,Balsa Nova,PR,PR,balsa nova
1524,Candelária,RS,RS,candelaria
1525,Guaíra,PR,PR,guaira
1526,Blumenau,SC,SC,blumenau
1527,Dionísio Cerqueira,SC,SC,dionisio cerqueira
1528,São Borja,RS,RS,sao borja
1529,Telêmaco Borba,PR,PR,telemaco borba
1530,Telêmaco Borba,PR,PR,telemaco borba
1531,Telêmaco Borba,PR,PR,telemaco borba
1532,Pontal do Paraná,PR,PR,pontal do parana
1533,União da Vitória,PR,PR,uniao da vitoria
1534,Tijucas do Sul,PR,PR,tijucas do sul
1535,Telêmaco Borba,PR,PR,telemaco borba
1536,Tijucas do Sul,PR,PR,tijucas do sul
1537,Guarapuava,PR,PR,guarapuava
1538,São José dos Pinhais,PR,PR,sao jose dos pinhais
1539,São José dos PInhais,PR,PR,sao jose dos pinhais
1540,São José dos Pinhais,PR,PR,sao jose dos pinhais
1541,São José dos Pinhais,PR,PR,sao jose dos pinhais
1542,São José dos Pinhais,PR,PR,sao jose dos pinhais
1543,Telêmaco Borba,PR,PR,telemaco borba
1544,Brasília,DF,DF,brasilia
1545,Brasília,DF,DF,brasilia
1546,Arenópolis,GO,GO,arenopolis
1547,Brasília,DF,DF,brasilia
1548,Caiapônia,GO,GO,caiaponia
1549,Brasília,DF,DF,brasilia
1550,Mambaí,GO,GO,mambai
1551,Montes Claros de Goiás,GO,GO,montes claros de goias
1552,Novo Alegre,TO,TO,novo alegre
1553,Conceição do Tocantins,TO,TO,conceicao do tocantins
1554,Sandolândia,TO,TO,sandolandia
1555,Formoso do Araguaia,TO,TO,formoso do araguaia
1556,Itapiratins,TO,TO,itapiratins
1557,Darcinópolis,TO,TO,darcinopolis
1558,Araguatins,TO,TO,araguatins
1559,Araguatins,TO,TO,araguatins
1560,Correntina,BA,BA,correntina
1561,Januária,MG,MG,januaria
1562,Brejinho de Nazaré,TO,TO,brejinho de nazare
1563,Araguacema,TO,TO,araguacema
1564,Santa Maria do Tocantins,TO,TO,santa maria do tocantins
1565,Gurupi,TO,TO,gurupi
1566,Dianópolis,TO,TO,dianopolis
1567,Passos,MG,MG,passos
1568,Passos,MG,MG,passos
1569,Passos,MG,MG,passos
1570,Passos,MG,MG,passos
1571,São José da Barra,MG,MG,sao jose da barra
1572,São José da Barra,MG,MG,sao jose da barra
1573,Delfinópolis,MG,MG,delfinopolis
1574,Corumbataí do Sul,PR,PR,corumbatai do sul
1575,Campo Mourão,PR,PR,campo mourao
1576,Ivailândia,PR,PR,ivailandia
1577,Loanda,PR,PR,loanda
1578,Jussara,PR,PR,jussara
1579,Ivailândia,PR,PR,ivailandia
1580,Irati,PR,PR,irati
1581,Glória de Dourados,MS,MS,gloria de dourados
1582,Nova Alvorada do Sul,MS,MS,nova alvorada do sul
1583,Glória de Dourados,MS,MS,gloria de dourados
1584,Nova Alvorada do Sul,MS,MS,nova alvorada do sul
1585,Nova Alvorada do Sul,MS,MS,nova alvorada do sul
1586,Nova Alvorada do Sul,MS,MS,nova alvorada do sul
1587,Campo Grande,MS,MS,campo grande
1588,Ladário,MS,MS,ladario
1589,Nioaque,MS,MS,nioaque
1590,Ladário,MS,MS,ladario
1591,Corumbá,MS,MS,corumba
1592,Guaíba,RS,RS,guaiba
1593,Corumbá,MS,MS,corumba
1594,Corumbá,MS,MS,corumba
1595,Ladário,MS,MS,ladario
1596,Caarapó,MS,MS,caarapo
1597,Tacuru,MS,MS,tacuru
1598,Ladário,MS,MS,ladario
1599,Ladário,MS,MS,ladario
1600,Corumbá,MS,MS,corumba
1601,Corumbá,MS,MS,corumba
1602,Corumbá,MS,MS,corumba
1603,Cruz das Almas,BA,BA,cruz das almas
1604,Miranda,MS,MS,miranda
1605,Corguinho,MS,MS,corguinho
1606,Guaíba,RS,RS,guaiba
1607,Campo Grande,MS,MS,campo grande
1608,Corumbá,MS,MS,corumba
1609,Campo Grande,MS,MS,campo grande
1610,Três Lagoas,MS,MS,tres lagoas
1611,Sidrolândia,MS,MS,sidrolandia
1612,Encruzilhada,BA,BA,encruzilhada
1613,Encruzilhada,BA,BA,encruzilhada
1614,Divisópolis,MG,MG,divisopolis
1615,Cananéia,SP,SP,cananeia
1616,Cananéia,SP,SP,cananeia
1617,Corumbataí do Sul,PR,PR,corumbatai do sul
1618,Tibagi,PR,PR,tibagi
1619,Campos do Jordão,SP,SP,campos do jordao
1620,Alto Paraíso de Goiás,GO,GO,alto paraiso de goias
1621,Niquelândia,GO,GO,niquelandia
1622,Niquelândia,GO,GO,niquelandia
1623,Cristalina,GO,GO,cristalina
1624,Formoso,MG,MG,formoso
1625,Brasília,DF,DF,brasilia
1626,Brasília,DF,DF,brasilia
1627,Formosa do Rio Preto,BA,BA,formosa do rio preto
1628,Niquelândia,GO,GO,niquelandia
1629,Corumbá de Goiás,GO,GO,corumba de goias
1630,Marliéria,MG,MG,marlieria
1631,Brasília,DF,DF,brasilia
3670,Santa Maria Madalena,RJ,RJ,santa maria madalena
1632,Brasília,DF,DF,brasilia
1633,Brasília,DF,DF,brasilia
1634,Brasília,DF,DF,brasilia
1635,Buritis,MG,MG,buritis
1636,Corumbá de Goiás,GO,GO,corumba de goias
1637,Buritis,MG,MG,buritis
1638,Nova Roma,GO,GO,nova roma
1639,Niquelândia,GO,GO,niquelandia
1640,Brasília,DF,DF,brasilia
1641,Brasília,DF,DF,brasilia
1642,Cavalcante,GO,GO,cavalcante
1643,Brasília,DF,DF,brasilia
1644,Brasília,DF,DF,brasilia
1645,Cocos,BA,BA,cocos
1646,Formosa,GO,GO,formosa
1647,Campo Largo,PR,PR,campo largo
1648,São Domingos,GO,GO,sao domingos
1649,São Martinho da Serra,RS,RS,sao martinho da serra
1650,Barra do Quaraí,RS,RS,barra do quarai
1651,Caçapava do Sul,RS,RS,cacapava do sul
1652,Morretes,PR,PR,morretes
1653,Curitiba,PR,PR,curitiba
1654,Campo Largo,PR,PR,campo largo
1655,Paranaguá,PR,PR,paranagua
1656,Matinhos,PR,PR,matinhos
1657,Ponta Grossa,PR,PR,ponta grossa
1658,Balsa Nova,PR,PR,balsa nova
1659,Itapoá,SC,SC,itapoa
1660,Guaratuba,PR,PR,guaratuba
1661,Ponta Grossa,PR,PR,ponta grossa
1662,Campina Grande do Sul,PR,PR,campina grande do sul
1663,Morretes,PR,PR,morretes
1664,Piraí do Sul,PR,PR,pirai do sul
1665,Colombo,PR,PR,colombo
1666,São Francisco do Sul,SC,SC,sao francisco do sul
1667,Campina Grande do Sul,PR,PR,campina grande do sul
1668,Morretes,PR,PR,morretes
1669,Candói,PR,PR,candoi
1670,Antonina,PR,PR,antonina
1671,São José dos Pinhais,PR,PR,sao jose dos pinhais
1672,Palmas,PR,PR,palmas
1673,Morretes,PR,PR,morretes
1674,Quatro Barras,PR,PR,quatro barras
1675,Adrianópolis,PR,PR,adrianopolis
1676,Guaratuba,PR,PR,guaratuba
1677,Campina Grande do Sul,PR,PR,campina grande do sul
1678,Morretes,PR,PR,morretes
1679,Irati,PR,PR,irati
1680,Matinhos,PR,PR,matinhos
1681,Curitiba,PR,PR,curitiba
1682,Curitiba,PR,PR,curitiba
1683,Foz do Areia,PR,PR,foz do areia
1684,Lages,SC,SC,lages
1685,Campo Mourão,PR,PR,campo mourao
1686,Morretes,PR,PR,morretes
1687,Morretes,PR,PR,morretes
1688,Paranaguá,PR,PR,paranagua
1689,Fernandes Pinheiro,PR,PR,fernandes pinheiro
1690,Bocaiúva do Sul,PR,PR,bocaiuva do sul
1691,Irati,PR,PR,irati
1692,Tunas do Paraná,PR,PR,tunas do parana
1693,Morretes,PR,PR,morretes
1694,Arapoti,PR,PR,arapoti
1695,Morretes,PR,PR,morretes
1696,Antonina,PR,PR,antonina
1697,Paranaguá,PR,PR,paranagua
1698,Pontal do Paraná,PR,PR,pontal do parana
1699,Guaratuba,PR,PR,guaratuba
1700,São Francisco do Sul,PR,PR,sao francisco do sul
1701,Paranaguá,PR,PR,paranagua
1702,Antonina,PR,PR,antonina
1703,Imbituba,SC,SC,imbituba
1704,Campo Mourão,PR,PR,campo mourao
1705,Mamborê,PR,PR,mambore
1706,Imbituba,SC,SC,imbituba
1707,Mandaguaçu,PR,PR,mandaguacu
1708,Mandaguaçu,PR,PR,mandaguacu
1709,Nova Aurora,PR,PR,nova aurora
1710,Mandaguaçu,PR,PR,mandaguacu
1711,Iguatemi,PR,PR,iguatemi
1712,Campo Mourão,PR,PR,campo mourao
1713,Cáceres,MT,MT,caceres
1714,Corumbá,MS,MS,corumba
1715,,MT,MT,
1716,,MT,MT,
1717,Córrego do Retiro,MT,MT,corrego do retiro
1718,Diamantino,MT,MT,diamantino
1719,Diamantino,MT,MT,diamantino
1720,Diamantino,MT,MT,diamantino
1721,Poconé,MT,MT,pocone
1722,Novo Santo Antônio,MT,MT,novo santo antonio
1723,Jaciara,MT,MT,jaciara
1724,Novo Santo Antônio,MT,MT,novo santo antonio
1725,Novo Santo Antônio,MT,MT,novo santo antonio
1726,Novo Santo Antônio,MT,MT,novo santo antonio
1727,Poconé,MT,MT,pocone
1728,Cuiabá,MT,MT,cuiaba
1729,Poconé,MT,MT,pocone
1730,Cotriguaçu,MT,MT,cotriguacu
1731,Cuiabá,MT,MT,cuiaba
1732,Cuiabá,MT,MT,cuiaba
1733,Nova Marilândia,MT,MT,nova marilandia
1734,Pitanga,PR,PR,pitanga
1735,Paraíso do Norte,PR,PR,paraiso do norte
1736,Guaraqueçaba,PR,PR,guaraquecaba
1737,Guaraqueçaba,PR,PR,guaraquecaba
1738,Guaraqueçaba,PR,PR,guaraquecaba
1739,Guaraqueçaba,PR,PR,guaraquecaba
1740,Fênix,PR,PR,fenix
1741,Cianorte,PR,PR,cianorte
1742,Cerro Azul,PR,PR,cerro azul
1743,Guaratuba,PR,PR,guaratuba
1744,Piraquara,PR,PR,piraquara
1745,Rio Branco do Sul,PR,PR,rio branco do sul
1746,Guaratuba,PR,PR,guaratuba
1747,Piraquara,PR,PR,piraquara
1748,Cerro Azul,PR,PR,cerro azul
1749,Cerro Azul,PR,PR,cerro azul
1750,Coronel Domingos Soares,PR,PR,coronel domingos soares
1751,Garuva,PR,PR,garuva
1752,Jundiaí do Sul,PR,PR,jundiai do sul
1753,Verdelândia,MG,MG,verdelandia
1754,São Jorge d'Oeste,PR,PR,sao jorge d oeste
1755,Paulo Frontin,PR,PR,paulo frontin
1756,Monte Alegre de Goiás,GO,GO,monte alegre de goias
1757,Jundiaí do Sul,PR,PR,jundiai do sul
1758,Campina Grande do Sul,PR,PR,campina grande do sul
1759,Campina Grande do Sul,PR,PR,campina grande do sul
1760,São Miguel das Matas,BA,BA,sao miguel das matas
1761,Ponta Grossa,PR,PR,ponta grossa
1762,Londrina,PR,PR,londrina
1763,Água Doce,SC,SC,agua doce
1764,Guaraqueçaba,PR,PR,guaraquecaba
1765,Curitiba,PR,PR,curitiba
1766,Adrianópolis,PR,PR,adrianopolis
1767,Valparaíso,SP,SP,valparaiso
1768,Valparaíso,SP,SP,valparaiso
1769,Ilha Solteira,SP,SP,ilha solteira
1770,São José dos Pinhais,PR,PR,sao jose dos pinhais
1771,Rio Verde de Mato Grosso,MS,MS,rio verde de mato grosso
1772,Jequitaí,MG,MG,jequitai
1773,Urubici,SC,SC,urubici
1774,Palmas,PR,PR,palmas
1775,Aquidauana,MS,MS,aquidauana
1776,São Domingos,GO,GO,sao domingos
1777,Buenópolis,MG,MG,buenopolis
1778,Santa Filomena,PI,PI,santa filomena
1779,Palmas,PR,PR,palmas
1780,Garuva,SC,SC,garuva
1781,Buritizeiro,MG,MG,buritizeiro
1782,Esmeralda,RS,RS,esmeralda
1783,Caxias do Sul,RS,RS,caxias do sul
1784,Alto Parnaíba,MA,MA,alto parnaiba
1785,Caxias do Sul,RS,RS,caxias do sul
1786,Nova Venécia,ES,ES,nova venecia
1787,Blumenau,SC,SC,blumenau
1788,Piemonte da Diamantina,BA,BA,piemonte da diamantina
1789,Piemonte da Diamantina,BA,BA,piemonte da diamantina
1790,Raso da Catarina,BA,BA,raso da catarina
1791,Tibagi,PR,PR,tibagi
1792,,,,
1793,Provincia de Catamarca,,,provincia de catamarca
1794,Lima Duarte,MG,MG,lima duarte
1795,Jaguariaíva,PR,PR,jaguariaiva
1796,Depto Rio Cuarto - Córdoba,,,depto rio cuarto cordoba
1797,Elísio Medrado,BA,BA,elisio medrado
1798,Corrientes,,,corrientes
1799,Córdoba,,,cordoba
1800,Paulo Lopes,SC,SC,paulo lopes
1801,Córdoba,,,cordoba
1802,Venda Nova do Imigrante,ES,ES,venda nova do imigrante
1803,Mafra,SC,SC,mafra
1804,Apucarana,PR,PR,apucarana
1805,,,,
1806,,,,
1807,,,,
1808,,,,
1809,,,,
1810,Antônio Carlos,MG,MG,antonio carlos
1811,,,,
1812,,,,
1813,,,,
1814,,,,
1815,,,,
1816,,,,
1817,,,,
1818,,,,
1819,,,,
1820,,,,
1821,,,,
1822,,,,
1823,,,,
1824,Alto Parnaíba,MA,MA,alto parnaiba
1825,Teresópolis,RJ,RJ,teresopolis
1826,Garuva,PR,PR,garuva
1827,Piraquara,PR,PR,piraquara
1828,Tijucas do Sul,PR,PR,tijucas do sul
1829,São José dos Pinhais,PR,PR,sao jose dos pinhais
1830,Balneário Camboriú,SC,SC,balneario camboriu
1831,Ponte Alta do Tocantins,TO,TO,ponte alta do tocantins
1832,Paula Freitas,PR,PR,paula freitas
1833,Ponta Grossa,PR,PR,ponta grossa
1834,Palmeira,PR,PR,palmeira
1835,Joinville,SC,SC,joinville
1836,Quatro Barras,PR,PR,quatro barras
1837,São Mateus do Sul,PR,PR,sao mateus do sul
1838,Campina da Lagoa,PR,PR,campina da lagoa
1839,Guaraqueçaba,PR,PR,guaraquecaba
1840,Palmas,PR,PR,palmas
1841,Cáceres,MT,MT,caceres
1842,Diamantina,MG,MG,diamantina
1843,Japonvar,MG,MG,japonvar
1844,Brotas,SP,SP,brotas
1845,Loanda,PR,PR,loanda
1846,Aquidauana,MS,MS,aquidauana
1847,Vila Bela da Santíssima Trindade,MT,MT,vila bela da santissima trindade
1848,Porto Murtinho,MS,MS,porto murtinho
1849,Candói,PR,PR,candoi
1850,Vila Bela da Santíssima Trindade,MT,MT,vila bela da santissima trindade
1851,Porto Murtinho,MS,MS,porto murtinho
1852,Foz do Iguaçu,PR,PR,foz do iguacu
1853,Vilhena,RO,RO,vilhena
1854,Coxim,MS,MS,coxim
1855,Caracol,MS,MS,caracol
1856,São Mateus do Sul,PR,PR,sao mateus do sul
2917,Porto Murtinho,MS,MS,porto murtinho
1858,Tijucas do Sul,PR,PR,tijucas do sul
1859,Campo Alegre,SC,SC,campo alegre
1860,Cajati,SP,SP,cajati
1861,Ponta Grossa,PR,PR,ponta grossa
1862,Buenópolis,MG,MG,buenopolis
1863,Conceição da Barra,ES,ES,conceicao da barra
1864,Urubici,SC,SC,urubici
1865,Bonito,MS,MS,bonito
1866,Campina Grande do Sul,PR,PR,campina grande do sul
1867,Caetité,BA,BA,caetite
1868,Várzea da Palma,MG,MG,varzea da palma
1869,Reserva do Cabaçal,MT,MT,reserva do cabacal
1870,MIsiones (Parque Prov. Urugua-í),,,misiones parque prov urugua i
1871,Ambato,,,ambato
1872,Rio Primeiro,,,rio primeiro
1873,São Joaquim,SC,SC,sao joaquim
1874,Curitiba,PR,PR,curitiba
1875,Ambato,,,ambato
1876,Belém,PA,PA,belem
1877,Punilla-Província de Cordoba,,,punilla provincia de cordoba
1878,Palotina,PR,PR,palotina
1879,Lavras do Sul,RS,RS,lavras do sul
1880,Juiz de Fora,MG,MG,juiz de fora
1881,Francisco Dumont,MG,MG,francisco dumont
1882,Céu Azul,PR,PR,ceu azul
1883,São João Del Rey,MG,MG,sao joao del rey
1884,Miranda,MS,MS,miranda
1885,Nova LIma,MG,MG,nova lima
1886,Lima Duarte,MG,MG,lima duarte
1887,Piraí do Sul,PR,PR,pirai do sul
1888,General Carneiro,PR,PR,general carneiro
1889,Candói,PR,PR,candoi
1890,São José dos Ausentes,RS,RS,sao jose dos ausentes
1891,Porto Vitória,PR,PR,porto vitoria
1892,Guaraqueçaba,PR,PR,guaraquecaba
1893,Três Barras do Paraná,PR,PR,tres barras do parana
1894,Mucugê,BA,BA,mucuge
1895,Monte Belo do Sul,RS,RS,monte belo do sul
1896,Alagoa,MG,MG,alagoa
1897,Macaúbas,BA,BA,macaubas
1898,Jaguariaíva,PR,PR,jaguariaiva
1899,Barroso,MG,MG,barroso
1900,Guaraniaçu,PR,PR,guaraniacu
1901,Bocaiúva do Sul,PR,PR,bocaiuva do sul
1902,Porto Murtinho,MS,MS,porto murtinho
1903,Florianópolis,SC,SC,florianopolis
1904,Córdoba,,,cordoba
1905,"Departamento Punilla, Província Córdoba",,,departamento punilla provincia cordoba
1906,Córdoba,,,cordoba
1907,"Departamento Rio Segundo, Prov. Córdoba",,,departamento rio segundo prov cordoba
1908,Guapimirim,RJ,RJ,guapimirim
1909,Subaúma,BA,BA,subauma
1910,Monte Belo do Sul,RS,RS,monte belo do sul
1911,Campina Grande do Sul.,PR,PR,campina grande do sul
1912,Palmeira,PR,PR,palmeira
1913,Mucugê,BA,BA,mucuge
1914,"Depto. de Juarez Celman, Prov. deCórdoba",,,depto de juarez celman prov decordoba
1915,Guaratuba,PR,PR,guaratuba
1916,Caxias do Sul,RS,RS,caxias do sul
1917,Santo André,SP,SP,santo andre
1918,,MT,MT,
1919,Medina,MG,MG,medina
1920,Mucugê,BA,BA,mucuge
1921,São Gonçalo do Rio Preto,MG,MG,sao goncalo do rio preto
1922,Canavieiras,BA,BA,canavieiras
1923,Curitiba,PR,PR,curitiba
1924,Santa Maria do Oeste,PR,PR,santa maria do oeste
1925,Itatiaia,RJ,RJ,itatiaia
1926,Juiz de Fora,MG,MG,juiz de fora
1927,Lima Duarte,MG,MG,lima duarte
1928,Balneário Camboriú,SC,SC,balneario camboriu
1929,Palmeira,PR,PR,palmeira
1930,Iporã do Oeste,SC,SC,ipora do oeste
1931,Vitor Meireles,SC,SC,vitor meireles
1932,Antonina,PR,PR,antonina
1933,Itu,SP,SP,itu
1934,Lima Duarte,MG,MG,lima duarte
1935,Aquidauana,MS,MS,aquidauana
1936,Porto Murtinho,MS,MS,porto murtinho
1937,Adrianópolis,PR,PR,adrianopolis
1938,Buenópolis,MG,MG,buenopolis
1939,Miranda,MS,MS,miranda
1940,Caracol,MS,MS,caracol
1941,Laguna,SC,SC,laguna
1942,Urubici,SC,SC,urubici
1943,São Joaquim,SC,SC,sao joaquim
1944,Grão Pará,SC,SC,grao para
1945,Guaratuba,PR,PR,guaratuba
1946,Iaçu,BA,BA,iacu
1947,Vitória da Conquista,BA,BA,vitoria da conquista
1948,Guaraqueçaba,PR,PR,guaraquecaba
1949,Garuva,SC,SC,garuva
1950,Porto Murtinho,MS,MS,porto murtinho
1951,Dom Bosco,MG,MG,dom bosco
1952,Datas,MG,MG,datas
1953,Miranda,MS,MS,miranda
1954,Santa Filomena,PI,PI,santa filomena
1955,Mirandópolis,SP,SP,mirandopolis
1956,Campo Largo,PR,PR,campo largo
1957,Piraquara,PR,PR,piraquara
1958,,,,
1959,Capital. Provincia de Catamarca,,,capital provincia de catamarca
1960,Depto General Roca. Prov. Córdoba,,,depto general roca prov cordoba
1961,Córdoba. Depto Rio Primero,,,cordoba depto rio primero
1962,Córdoba. Depto Rio Segundo,,,cordoba depto rio segundo
1963,Córdoba. Depto Colón,,,cordoba depto colon
1964,Jujuy. Departamento San Pedro,,,jujuy departamento san pedro
1965,Córdoba. Depto Pres. Roque Sáenz Peña,,,cordoba depto pres roque saenz pena
1966,Navarro Co. - Texas,,,navarro co texas
1967,Córdoba. Depto R. Vera Peñalosa,,,cordoba depto r vera penalosa
1968,Depto de Ambato. Prov. de Catamarca,,,depto de ambato prov de catamarca
1969,Depto de San Martin. Prov. San Luis,,,depto de san martin prov san luis
1970,Depto San Javier. Prov. de Córdoba,,,depto san javier prov de cordoba
1971,Bandeirantes,PR,PR,bandeirantes
1972,Tibagi,PR,PR,tibagi
1973,Vilhena,RO,RO,vilhena
1974,Vilhena,RO,RO,vilhena
1975,Cabixi,RO,RO,cabixi
1976,Cabixi,RO,RO,cabixi
1981,Fênix,PR,PR,fenix
1978,Rio Verde de Mato Grosso,MS,MS,rio verde de mato grosso
1979,Campo Mourão,PR,PR,campo mourao
1980,Fênix,PR,PR,fenix
1982,Loanda,PR,PR,loanda
1983,Manoel Ribas,PR,PR,manoel ribas
1984,Paraíso do Norte,PR,PR,paraiso do norte
1985,Loanda,PR,PR,loanda
1986,Fênix,PR,PR,fenix
1987,Fênix,PR,PR,fenix
1988,Ortigueira,PR,PR,ortigueira
1989,Tamarana,PR,PR,tamarana
1990,Ortigueira,PR,PR,ortigueira
1991,Ortigueira,PR,PR,ortigueira
1992,Ortigueira,PR,PR,ortigueira
1993,Ortigueira,PR,PR,ortigueira
1994,Ortigueira,PR,PR,ortigueira
1995,Ortigueira,PR,PR,ortigueira
1996,Pelotas,RS,RS,pelotas
1997,Turuçu,RS,RS,turucu
1998,Manoel Viana,RS,RS,manoel viana
1999,Xavantina,SC,SC,xavantina
2000,Caçapava do Sul,RS,RS,cacapava do sul
2001,Porto Xavier,RS,RS,porto xavier
2002,Porto Lucena,RS,RS,porto lucena
2003,Mariópolis,PR,PR,mariopolis
2004,São Francisco de Assis,RS,RS,sao francisco de assis
2005,Morrinhos do Sul,RS,RS,morrinhos do sul
2006,Guaíba,RS,RS,guaiba
2007,Quaraí,RS,RS,quarai
2008,Rio Bonito do Iguaçu,PR,PR,rio bonito do iguacu
2009,Engenheiro Beltrão,PR,PR,engenheiro beltrao
2010,Laranjal,PR,PR,laranjal
2011,Quarto Centenário,PR,PR,quarto centenario
2012,Saudade do Iguaçu,PR,PR,saudade do iguacu
2013,Coronel Vivida,PR,PR,coronel vivida
2014,Aratiba,RS,RS,aratiba
2015,Descanso,SC,SC,descanso
2016,Flor da Serra do Sul,SC,SC,flor da serra do sul
2017,Catanduvas,PR,PR,catanduvas
2018,Sâo Domingos,SC,SC,sao domingos
2019,Harval do Sul,RS,RS,harval do sul
2020,Itati,RS,RS,itati
2021,Assis Chateaubriand,PR,PR,assis chateaubriand
2022,Sant'Ana do Livramento,RS,RS,sant ana do livramento
2023,Uruguainana,RS,RS,uruguainana
2024,Iporã do Oeste,SC,SC,ipora do oeste
2025,Amaral Ferrador,RS,RS,amaral ferrador
2026,São João,PR,PR,sao joao
2027,Lavras do Sul,RS,RS,lavras do sul
2028,Cascavel,PR,PR,cascavel
2029,Três Barras do Paraná,PR,PR,tres barras do parana
2030,Ivorá,RS,RS,ivora
2031,Maringá,PR,PR,maringa
2032,Vicente Dutra,RS,RS,vicente dutra
2033,São Francisco de Assis,RS,RS,sao francisco de assis
2034,Nova Veneza,SC,SC,nova veneza
2035,Francisco Beltrão,PR,PR,francisco beltrao
2036,Altônia,PR,PR,altonia
2037,São Jorge do Patrocínio,PR,PR,sao jorge do patrocinio
2038,Porto Camargo,PR,PR,porto camargo
2039,Campina Grande do Sul,PR,PR,campina grande do sul
2040,Campina Grande do Sul,PR,PR,campina grande do sul
2041,Campina Grande do Sul,PR,PR,campina grande do sul
2042,Curitiba,PR,PR,curitiba
2043,Campina Grande do Sul,PR,PR,campina grande do sul
2044,Campina Grande do Sul,PR,PR,campina grande do sul
2045,Araucaria,PR,PR,araucaria
2046,Joinville,SC,SC,joinville
2047,Curitiba,PR,PR,curitiba
2048,Piraquara,PR,PR,piraquara
2049,Guaraqueçaba,PR,PR,guaraquecaba
2050,Guaraqueçaba,PR,PR,guaraquecaba
2051,Campina Grande do Sul,PR,PR,campina grande do sul
2052,Curitiba,PR,PR,curitiba
2053,Ponta Grossa,PR,PR,ponta grossa
2054,Campina Grande do Sul,PR,PR,campina grande do sul
2055,Morretes,PR,PR,morretes
2056,Morretes,PR,PR,morretes
2057,São Francisco de Paula,RS,RS,sao francisco de paula
2058,Flores da Cunha,RS,RS,flores da cunha
2059,Passa Quatro,MG,MG,passa quatro
2060,Antonina,PR,PR,antonina
2061,Pinhão,PR,PR,pinhao
2062,Quatro Barras,PR,PR,quatro barras
2063,Guaraqueçaba,PR,PR,guaraquecaba
2064,Pinhão,PR,PR,pinhao
2065,Fraiburgo,SC,SC,fraiburgo
2066,Morretes,PR,PR,morretes
2067,Matinhos,PR,PR,matinhos
2068,Francisco Beltrão,PR,PR,francisco beltrao
2069,Piraquara,PR,PR,piraquara
2070,Piraquara,PR,PR,piraquara
2071,Vacaria,RS,RS,vacaria
2072,Fraiburgo,SC,SC,fraiburgo
2073,Guaratuba,PR,PR,guaratuba
2074,Juazeiro,BA,BA,juazeiro
2075,Cariacica,ES,ES,cariacica
2076,São José dos Ausentes,RS,RS,sao jose dos ausentes
2077,Novo Repartimento,PA,PA,novo repartimento
2078,Major Gercino,SC,SC,major gercino
2079,Paulo Lopes,SC,SC,paulo lopes
2080,Orleans,SC,SC,orleans
2081,Florianópolis,SC,SC,florianopolis
2082,Bom Jardim da Serra,SC,SC,bom jardim da serra
2083,Mucugê,BA,BA,mucuge
2084,Águas Mornas,SC,SC,aguas mornas
2085,Céu Azul,PR,PR,ceu azul
2086,São José dos Ausentes,RS,RS,sao jose dos ausentes
2087,Londrina,PR,PR,londrina
2088,São Joaquim,SC,SC,sao joaquim
2089,Balsa Nova,PR,PR,balsa nova
2090,Castelo,ES,ES,castelo
2091,São Raimundo Nonato,PI,PI,sao raimundo nonato
2092,Santa Isabel do Rio Negro,AM,AM,santa isabel do rio negro
2093,Colombo,PR,PR,colombo
2094,Guabiruba,SC,SC,guabiruba
2095,Treviso,SC,SC,treviso
2096,Morro da Fumaça,SC,SC,morro da fumaca
2097,Siderópolis,SC,SC,sideropolis
2098,Major Gercino,SC,SC,major gercino
2099,Trombudo Central,SC,SC,trombudo central
2100,Matinhos,PR,PR,matinhos
2101,Campo Belo do Sul,SC,SC,campo belo do sul
2102,Piemonte da Diamantina,BA,BA,piemonte da diamantina
2103,Piemonte da Diamantina,BA,BA,piemonte da diamantina
2104,São Bonifácio,SC,SC,sao bonifacio
2105,Jaborá,SC,SC,jabora
2106,Águas Mornas,SC,SC,aguas mornas
2107,Pitanga,PR,PR,pitanga
2108,Orleans,SC,SC,orleans
2109,Conceição do Almeida,BA,BA,conceicao do almeida
2110,Nova Petrópolis,RS,RS,nova petropolis
2111,Delfinópolis,MG,MG,delfinopolis
2112,Bom Jesus,RS,RS,bom jesus
2113,Viamão,RS,RS,viamao
2114,Fazenda Rio Grande,PR,PR,fazenda rio grande
2115,Mateiros,TO,TO,mateiros
2116,Rancho Queimado,SC,SC,rancho queimado
2117,Cabo Frio,RJ,RJ,cabo frio
2118,Mauá da Serra,PR,PR,maua da serra
2119,Campo Grande,MS,MS,campo grande
2120,Garuva,SC,SC,garuva
2121,Coronel Domingos Soares,PR,PR,coronel domingos soares
2122,Caxias do Sul,RS,RS,caxias do sul
2123,Guaraqueçaba,PR,PR,guaraquecaba
2124,Guaraqueçaba,PR,PR,guaraquecaba
2125,São Desidério,BA,BA,sao desiderio
2126,Piraquara,PR,PR,piraquara
2127,Piraí do Sul,PR,PR,pirai do sul
2128,Balsa Nova,PR,PR,balsa nova
2129,Piraí do Sul,PR,PR,pirai do sul
2130,Sengés,PR,PR,senges
2131,Piraí do Sul,PR,PR,pirai do sul
2132,Guarapuava,PR,PR,guarapuava
2133,Campo Mourão,PR,PR,campo mourao
2134,Morretes,PR,PR,morretes
2135,Carambeí,PR,PR,carambei
2136,Iretama,PR,PR,iretama
2137,Luiziana,PR,PR,luiziana
2138,Palmeira,PR,PR,palmeira
2139,Sengés,PR,PR,senges
2140,São Desidério,BA,BA,sao desiderio
2141,Quatro Barras,PR,PR,quatro barras
2142,Campo Mourão,PR,PR,campo mourao
2143,Morretes,PR,PR,morretes
2144,Antônio Olinto,PR,PR,antonio olinto
2145,Caracol,MS,MS,caracol
2146,Curitiba,PR,PR,curitiba
2147,Piraí do Sul,PR,PR,pirai do sul
2148,Balsa Nova,PR,PR,balsa nova
2149,Campina Grande do Sul,PR,PR,campina grande do sul
2150,Uruguaiana,RS,RS,uruguaiana
2151,Palmeira,PR,PR,palmeira
2152,Palmas,PR,PR,palmas
2153,Palmeira,PR,PR,palmeira
2154,Carambeí,PR,PR,carambei
2155,Candói,PR,PR,candoi
2156,Carambeí,PR,PR,carambei
2157,Ponta Grossa,PR,PR,ponta grossa
2158,Itapoá,SC,SC,itapoa
2159,Diamante do Norte,PR,PR,diamante do norte
2160,Rio Branco do Sul,PR,PR,rio branco do sul
2161,Piraí do Sul,PR,PR,pirai do sul
2162,Piraí do Sul,PR,PR,pirai do sul
2163,Buenópolis,MG,MG,buenopolis
2164,Tibagi,PR,PR,tibagi
2165,São José dos Pinhais,PR,PR,sao jose dos pinhais
2166,Morretes,PR,PR,morretes
2167,Lapa,PR,PR,lapa
2168,Campina Grande do Sul,PR,PR,campina grande do sul
2169,Porto Amazonas,PR,PR,porto amazonas
2170,Curitiba,PR,PR,curitiba
2171,Adrianópolis,PR,PR,adrianopolis
2172,Manga,MG,MG,manga
2173,Quatro Barras,PR,PR,quatro barras
2174,Guarapuava,PR,PR,guarapuava
2175,Curitiba,PR,PR,curitiba
2176,Guaratuba,PR,PR,guaratuba
2177,Caravelas,BA,BA,caravelas
2178,Campina Grande do Sul,PR,PR,campina grande do sul
2179,Urubici,SC,SC,urubici
2180,Arroio do Sal,RS,RS,arroio do sal
2181,Adrianópolis,PR,PR,adrianopolis
2182,Icaraíma,PR,PR,icaraima
2183,Curitiba,PR,PR,curitiba
2184,Tibagi,PR,PR,tibagi
2185,Morretes,PR,PR,morretes
2186,Tunas do Paraná,PR,PR,tunas do parana
2187,Buenópolis,MG,MG,buenopolis
2188,Buritizeiro,MG,MG,buritizeiro
2189,Ortigueira,PR,PR,ortigueira
2190,São José dos Pinhais,PR,PR,sao jose dos pinhais
2191,Guarapuava,PR,PR,guarapuava
2192,Turvo,PR,PR,turvo
2193,Tijucas do Sul,PR,PR,tijucas do sul
2194,Tibagi,PR,PR,tibagi
2195,Carambeí,PR,PR,carambei
2196,Tibagi,PR,PR,tibagi
2197,Palmeira,PR,PR,palmeira
2198,Santa Terezinha,RS,RS,santa terezinha
2199,Piraquara,PR,PR,piraquara
2200,Tuneiras do Oeste,PR,PR,tuneiras do oeste
2201,Itacarambi,MG,MG,itacarambi
2202,Ortigueira,PR,PR,ortigueira
2203,Ortigueira,PR,PR,ortigueira
2204,Poços de Caldas,MG,MG,pocos de caldas
2205,Marechal Floriano,ES,ES,marechal floriano
2206,Campina Grande do Sul,PR,PR,campina grande do sul
2207,Gouveia,MG,MG,gouveia
2208,Morretes,PR,PR,morretes
2209,Tunas do Paraná,PR,PR,tunas do parana
2210,Salvador,BA,BA,salvador
2211,Palmeiras,BA,BA,palmeiras
2212,Campina Grande do Sul,PR,PR,campina grande do sul
2213,Paranaguá,PR,PR,paranagua
2214,Palmeira,PR,PR,palmeira
2215,Cantagalo,RJ,RJ,cantagalo
2216,Rio de Janeiro,RJ,RJ,rio de janeiro
2217,Piraí do Sul,PR,PR,pirai do sul
2218,Paranaguá,PR,PR,paranagua
2219,Curitiba,PR,PR,curitiba
2220,Paranaguá,PR,PR,paranagua
2221,Jundiaí do Sul,PR,PR,jundiai do sul
2222,Guarapuava,PR,PR,guarapuava
2223,Serro,MG,MG,serro
2224,Praia Grande,SC,SC,praia grande
2225,Capitão Leônidas Marques,PR,PR,capitao leonidas marques
2226,Derrubadas,RS,RS,derrubadas
2227,Palmeira,PR,PR,palmeira
2228,Curitiba,PR,PR,curitiba
2229,Morretes,PR,PR,morretes
2230,Curitiba,PR,PR,curitiba
2231,Garuva,SC,SC,garuva
2232,Caracol,MS,MS,caracol
2233,Sant'Ana do Livramento,RS,RS,sant ana do livramento
2234,Bonito,MS,MS,bonito
2235,Quaraí,RS,RS,quarai
2236,Diamantina,MG,MG,diamantina
2237,Piedade,SP,SP,piedade
2238,Cuiabá,MT,MT,cuiaba
2239,Bela Vista,MS,MS,bela vista
2240,Bodoquena,MS,MS,bodoquena
2241,Chapada dos Guimarães,MT,MT,chapada dos guimaraes
2242,Porto Murtinho,MS,MS,porto murtinho
2243,Paranaguá,PR,PR,paranagua
2244,Palhoça,SC,SC,palhoca
2245,Florianópolis,SC,SC,florianopolis
2246,Florianópolis,SC,SC,florianopolis
2247,Florianópolis,SC,SC,florianopolis
2248,Florianópolis,SC,SC,florianopolis
2249,Florianópolis,SC,SC,florianopolis
2250,Florianópolis,SC,SC,florianopolis
2251,Florianópolis,SC,SC,florianopolis
2252,Florianópolis,SC,SC,florianopolis
2253,Florianópolis,SC,SC,florianopolis
2254,Palhoça,SC,SC,palhoca
2255,Naviraí,MS,MS,navirai
2256,Naviraí,MS,MS,navirai
2257,Naviraí,MS,MS,navirai
2258,Naviraí,MS,MS,navirai
2259,Lunardelli,PR,PR,lunardelli
2260,Terra Rica,PR,PR,terra rica
2261,Terra Rica,PR,PR,terra rica
2262,Terra Rica,PR,PR,terra rica
2263,Terra Rica,PR,PR,terra rica
2264,Uberaba,MG,MG,uberaba
2265,Ivaiporã,PR,PR,ivaipora
2266,Ivaiporã,PR,PR,ivaipora
2267,Ivaiporã,PR,PR,ivaipora
2268,Naviraí,MS,MS,navirai
2269,Entre Rios do Oeste,PR,PR,entre rios do oeste
2270,Entre Rios do Oeste,PR,PR,entre rios do oeste
2271,Entre Rios do Oeste,PR,PR,entre rios do oeste
2272,Entre Rios do Oeste,PR,PR,entre rios do oeste
2273,Entre Rios do Oeste,PR,PR,entre rios do oeste
2274,Entre Rios do Oeste,PR,PR,entre rios do oeste
2275,Entre Rios do Oeste,PR,PR,entre rios do oeste
2276,Bom Jardim da Serra,SC,SC,bom jardim da serra
2277,Cariacica,ES,ES,cariacica
2278,São José dos Pinhais,PR,PR,sao jose dos pinhais
2279,Piraí do Sul,PR,PR,pirai do sul
2280,Cariacica,ES,ES,cariacica
2281,São Joaquim,SC,SC,sao joaquim
2282,Brasília,DF,DF,brasilia
2283,Rancho Queimado,SC,SC,rancho queimado
2284,Porto Murtinho,MS,MS,porto murtinho
2285,Urubici,SC,SC,urubici
2286,Urubici,SC,SC,urubici
2287,Rio Negrinho,SC,SC,rio negrinho
2288,Viana,ES,ES,viana
2289,Castelo,ES,ES,castelo
2290,Capão Alto,SC,SC,capao alto
2291,Imaruí,SC,SC,imarui
2292,Cariacica,ES,ES,cariacica
2293,Ponta Grossa,PR,PR,ponta grossa
2294,Urupema,SC,SC,urupema
2295,Paraty,RJ,RJ,paraty
2296,Bom Jesus,RS,RS,bom jesus
2297,São Bento do Sul,SC,SC,sao bento do sul
2298,Pirenópolis,GO,GO,pirenopolis
2299,São Bento do Sul,SC,SC,sao bento do sul
2300,Cariacica,ES,ES,cariacica
2301,Guaratuba,PR,PR,guaratuba
2302,Viana,ES,ES,viana
2303,Castelo,ES,ES,castelo
2304,Cariacica,ES,ES,cariacica
2305,Cariacica,ES,ES,cariacica
2306,Nova Venécia,ES,ES,nova venecia
2307,Lages,SC,SC,lages
2308,Ponta Grossa,PR,PR,ponta grossa
2309,Castelo,ES,ES,castelo
2310,Nova Venécia,ES,ES,nova venecia
2311,Cariacica,ES,ES,cariacica
2312,Bela Vista,MS,MS,bela vista
2313,Rio Branco do Sul,PR,PR,rio branco do sul
2314,Bom Jesus,RS,RS,bom jesus
2315,Otacílio Costa,SC,SC,otacilio costa
2316,Conceição do Castelo,ES,ES,conceicao do castelo
2317,Urupema,SC,SC,urupema
2318,Bom Retiro,SC,SC,bom retiro
2319,Castelo,ES,ES,castelo
2320,Ponta Grossa,PR,PR,ponta grossa
2321,Miguel Pereira,RJ,RJ,miguel pereira
2322,Palmares do Sul,RS,RS,palmares do sul
2323,Morretes,PR,PR,morretes
2324,Abaíra,BA,BA,abaira
2325,Morretes,PR,PR,morretes
2326,Tibagi,PR,PR,tibagi
2327,Bom Jesus,RS,RS,bom jesus
2328,Porto Rico,PR,PR,porto rico
2329,Nova Venécia,ES,ES,nova venecia
2330,Bonito,MS,MS,bonito
2331,Godoy Moreira,PR,PR,godoy moreira
2332,Jaguariaíva,PR,PR,jaguariaiva
2333,Santa Maria,RS,RS,santa maria
2334,Eldorado,SP,SP,eldorado
2335,,ES,ES,
2336,Juranda,PR,PR,juranda
2337,Juranda,PR,PR,juranda
2338,Juranda,PR,PR,juranda
2339,Juranda,PR,PR,juranda
2340,Delfinópolis,MG,MG,delfinopolis
2341,Mauá da Serra,PR,PR,maua da serra
2342,Jaguariaíva,PR,PR,jaguariaiva
2343,Ponta Grossa,PR,PR,ponta grossa
2344,Londrina,PR,PR,londrina
2345,Londrina,PR,PR,londrina
2346,Jaguariaíva,PR,PR,jaguariaiva
2347,Nova Friburgo,RJ,RJ,nova friburgo
2348,Mauá da Serra,PR,PR,maua da serra
2349,Campo Largo,PR,PR,campo largo
2350,Tibagi,PR,PR,tibagi
2351,Sengés,PR,PR,senges
2352,Ponta Grossa,PR,PR,ponta grossa
2353,Piraí do Sul,PR,PR,pirai do sul
2354,Echaporã,SP,SP,echapora
2355,Chapada dos Guimarães,MT,MT,chapada dos guimaraes
2356,Londrina,PR,PR,londrina
2357,Arapongas,PR,PR,arapongas
2358,Londrina,PR,PR,londrina
2359,Sengés,PR,PR,senges
2360,Itararé,SP,SP,itarare
2361,São José dos Pinhais,PR,PR,sao jose dos pinhais
2362,São Jerônimo da Serra,PR,PR,sao jeronimo da serra
2363,Sertanópolis,PR,PR,sertanopolis
2364,Paranavaí,PR,PR,paranavai
2365,Teixeira Soares,PR,PR,teixeira soares
2366,Cornélio Procópio,PR,PR,cornelio procopio
2367,Sertanópolis,PR,PR,sertanopolis
2368,Londrina,PR,PR,londrina
2369,Santo Antônio do Paraíso,PR,PR,santo antonio do paraiso
2370,São Sebastião,SP,SP,sao sebastiao
2371,Tibagi,PR,PR,tibagi
2372,Palmeira,PR,PR,palmeira
2373,Assis,SP,SP,assis
2374,Rolândia,PR,PR,rolandia
2375,Itaúna do Sul,PR,PR,itauna do sul
2376,Lupionópolis,PR,PR,lupionopolis
2377,Leópolis,PR,PR,leopolis
2378,Araçatuba,SP,SP,aracatuba
2379,Tupã,SP,SP,tupa
2380,Londrina,PR,PR,londrina
2381,Santo Antônio do Paraíso,PR,PR,santo antonio do paraiso
2382,Sapopema,PR,PR,sapopema
2383,Sertaneja,PR,PR,sertaneja
2384,Londrina,PR,PR,londrina
2385,Guaraqueçaba,PR,PR,guaraquecaba
2386,Bela Vista do Paraíso,PR,PR,bela vista do paraiso
2387,Ortigueira,PR,PR,ortigueira
2388,Londrina,PR,PR,londrina
2389,Foz do Iguaçu,PR,PR,foz do iguacu
2390,Foz do Iguaçu,PR,PR,foz do iguacu
2391,Foz do Iguaçu,PR,PR,foz do iguacu
2392,Foz do Iguaçu,PR,PR,foz do iguacu
2393,Foz do Iguaçu,PR,PR,foz do iguacu
2394,Foz do Iguaçu,PR,PR,foz do iguacu
2395,Foz do Iguaçu,PR,PR,foz do iguacu
2396,Foz do Iguaçu,PR,PR,foz do iguacu
2397,Foz do Iguaçu,PR,PR,foz do iguacu
2398,Foz do Iguaçu,PR,PR,foz do iguacu
2399,Foz do Iguaçu,PR,PR,foz do iguacu
2400,Foz do Iguaçu,PR,PR,foz do iguacu
2401,Foz do Iguaçu,PR,PR,foz do iguacu
2402,Foz do Iguaçu,PR,PR,foz do iguacu
2403,Capitólio,MG,MG,capitolio
2404,São Roque de Minas,MG,MG,sao roque de minas
2405,Botucatu,SP,SP,botucatu
2406,Céu Azul,PR,PR,ceu azul
2407,Céu Azul,PR,PR,ceu azul
2408,Tibagi,PR,PR,tibagi
2409,Agudos do Sul,PR,PR,agudos do sul
2410,Cerro Azul,PR,PR,cerro azul
2411,Lapa,BR,BR,lapa
2412,Carambeí,PR,PR,carambei
2413,Porto Amazonas,PR,PR,porto amazonas
2414,Morretes,PR,PR,morretes
2415,Quatro Barras,PR,PR,quatro barras
2416,Piraquara,PR,PR,piraquara
2417,Adrianópolis,PR,PR,adrianopolis
2418,Diamante do Norte,PR,PR,diamante do norte
2419,Ponta Grossa,PR,PR,ponta grossa
2420,Guaratuba,PR,PR,guaratuba
2421,Candói,PR,PR,candoi
2422,Carambeí,PR,PR,carambei
2423,Guaratuba,PR,PR,guaratuba
2424,Paula Freitas,PR,PR,paula freitas
2425,Palmas,PR,PR,palmas
2426,Paranaguá,PR,PR,paranagua
2427,Campina Grande do Sul,PR,PR,campina grande do sul
2428,Carambeí,PR,PR,carambei
2429,Palmeira,PR,PR,palmeira
2430,Carambeí,PR,PR,carambei
2431,Carambeí,PR,PR,carambei
2432,Paranaguá,PR,PR,paranagua
2433,Guarapuava,PR,PR,guarapuava
2434,Céu Azul,PR,PR,ceu azul
2435,Mangueirinha,PR,PR,mangueirinha
2436,Timbó do Sul,SC,SC,timbo do sul
2437,Lapa,PR,PR,lapa
2438,Barra do Turvo,SP,SP,barra do turvo
2439,Mauá da Serra,PR,PR,maua da serra
2440,Pontal do Paraná,PR,PR,pontal do parana
2441,Pontal do Paraná,PR,PR,pontal do parana
2442,Cantagalo,PR,PR,cantagalo
2443,Palmeira,PR,PR,palmeira
2444,Palhoça,SC,SC,palhoca
2445,Adrianópolis,PR,PR,adrianopolis
2446,Piraquara,PR,PR,piraquara
2447,Lapa,PR,PR,lapa
2448,Nova Porteirinha,MG,MG,nova porteirinha
2449,Porto Murtinho,MS,MS,porto murtinho
2450,Palmeira,PR,PR,palmeira
2451,Indaial,SC,SC,indaial
2452,Céu Azul,PR,PR,ceu azul
2453,Foz do Iguaçu,PR,PR,foz do iguacu
2454,Foz do Iguaçu,PR,PR,foz do iguacu
2455,Foz do Iguaçu,PR,PR,foz do iguacu
2456,Nova Tebas,PR,PR,nova tebas
2457,Araruna,PR,PR,araruna
2458,Tuneiras do Oeste,PR,PR,tuneiras do oeste
2459,Otacílio Costa,SC,SC,otacilio costa
2460,Pouso Redondo,SC,SC,pouso redondo
2461,Pouso Redondo,SC,SC,pouso redondo
2462,Pouso Redondo,SC,SC,pouso redondo
2463,Taió,SC,SC,taio
2464,Ponte Alta do Norte,SC,SC,ponte alta do norte
2465,Ponte Alta do Norte,SC,SC,ponte alta do norte
2466,Monte Castelo,SC,SC,monte castelo
2467,Monte Castelo,SC,SC,monte castelo
2468,Papanduva,SC,SC,papanduva
2469,Kaloré,PR,PR,kalore
2470,Céu Azul,PR,PR,ceu azul
2471,Céu Azul,PR,PR,ceu azul
2472,Mato Rico,PR,PR,mato rico
2473,Mato Rico,PR,PR,mato rico
2474,Garuva,SC,SC,garuva
2475,Chapada Diamantina,BA,BA,chapada diamantina
2476,Tijucas do Sul,PR,PR,tijucas do sul
2477,Guaratuba,PR,PR,guaratuba
2478,Salvador,BA,BA,salvador
2479,São José dos Ausentes,RS,RS,sao jose dos ausentes
2480,São José dos Ausentes,RS,RS,sao jose dos ausentes
2481,Mato Rico,PR,PR,mato rico
2482,Céu Azul,PR,PR,ceu azul
2483,Santa Tereza do Oeste,PR,PR,santa tereza do oeste
2484,Santa Tereza do Oeste,PR,PR,santa tereza do oeste
2485,Nova Tebas,PR,PR,nova tebas
2486,Nova Tebas,PR,PR,nova tebas
2487,São Miguel do Iguaçu,PR,PR,sao miguel do iguacu
2488,São Miguel do Iguaçu,PR,PR,sao miguel do iguacu
2489,Foz do Iguaçu,PR,PR,foz do iguacu
2490,Foz do Iguaçu,PR,PR,foz do iguacu
2491,Guaratuba,PR,PR,guaratuba
2492,Guaratuba,PR,PR,guaratuba
2493,Guaratuba,PR,PR,guaratuba
2494,Campina Grande do Sul,PR,PR,campina grande do sul
2495,Guaratuba,PR,PR,guaratuba
2496,Guaratuba,PR,PR,guaratuba
2497,Coronel Domingos Soares,PR,PR,coronel domingos soares
2498,Coronel Domingos Soares,PR,PR,coronel domingos soares
2499,Passos Maia,SC,SC,passos maia
2500,Coronel Domingos Soares,PR,PR,coronel domingos soares
2501,Piraquara,PR,PR,piraquara
2502,Mangueirinha,PR,PR,mangueirinha
2503,Curitiba,PR,PR,curitiba
2504,Mangueirinha,PR,PR,mangueirinha
2505,São José dos PInhais,PR,PR,sao jose dos pinhais
2506,Morretes,PR,PR,morretes
2507,Mangueirinha,PR,PR,mangueirinha
2508,Guaratuba,PR,PR,guaratuba
2509,Cerro Azul,PR,PR,cerro azul
2510,Cerro Azul,PR,PR,cerro azul
2511,Bom Jesus,RS,RS,bom jesus
2512,Palmas,PR,PR,palmas
2513,Joaquim Felício,PR,PR,joaquim felicio
2514,Ponta Grossa,PR,PR,ponta grossa
2515,Santo Antônio do Sudoeste,PR,PR,santo antonio do sudoeste
2516,Porto Estrela,MT,MT,porto estrela
2517,Santa Maria do Oeste,PR,PR,santa maria do oeste
2518,Ponta Grossa,PR,PR,ponta grossa
2519,Prudentópolis,PR,PR,prudentopolis
2520,Palmeira,PR,PR,palmeira
2521,Cavalcante,GO,GO,cavalcante
2522,Manoel Ribas,PR,PR,manoel ribas
2523,Bocaiúva do Sul,PR,PR,bocaiuva do sul
2524,Tunas do Paraná,PR,PR,tunas do parana
2525,Paranaguá,PR,PR,paranagua
2526,Tomazina,PR,PR,tomazina
2527,Campina Grande do Sul,PR,PR,campina grande do sul
2528,Barra do Turvo,SP,SP,barra do turvo
2529,Capanema,PR,PR,capanema
2534,Matelândia,PR,PR,matelandia
2531,Serranópolis do Iguaçu,PR,PR,serranopolis do iguacu
2532,Serranópolis do Iguaçu,PR,PR,serranopolis do iguacu
2533,Céu Azul,PR,PR,ceu azul
2535,Céu Azul,PR,PR,ceu azul
2536,Matelândia,PR,PR,matelandia
2537,Jundiaí do Sul,PR,PR,jundiai do sul
2538,Milagres,BA,BA,milagres
2539,Anastácio,MS,MS,anastacio
2540,Jaguariaíva,PR,PR,jaguariaiva
2541,Jauru,MT,MT,jauru
2542,Carambeí,PR,PR,carambei
2543,Rio Branco do Sul,PR,PR,rio branco do sul
2544,Colombo,PR,PR,colombo
2545,Depto. Santa Cruz,,,depto santa cruz
2546,Planaltina,GO,GO,planaltina
2547,Rio Branco do Sul,PR,PR,rio branco do sul
2548,Realeza,MG,MG,realeza
2549,Mandirituba,PR,PR,mandirituba
2550,Pedro Juan Cabalero,,,pedro juan cabalero
2551,Guaraqueçaba,PR,PR,guaraquecaba
2552,Joinville,SC,SC,joinville
2553,Três Palmeiras,RS,RS,tres palmeiras
2554,Quatro Barras,PR,PR,quatro barras
2555,Quatro Barras,PR,PR,quatro barras
2556,Passo Fundo,RS,RS,passo fundo
2557,Florianópolis,SC,SC,florianopolis
2558,Jeremoabo,BA,BA,jeremoabo
2559,Cristalina,GO,GO,cristalina
2560,Ibotirama,BA,BA,ibotirama
2561,Cristália,MG,MG,cristalia
2562,Corupá,SC,SC,corupa
2563,Passo Fundo,RS,RS,passo fundo
2564,Passo Fundo,RS,RS,passo fundo
2565,Castelo,ES,ES,castelo
2566,Antonina,PR,PR,antonina
2567,Quatro Barras,PR,PR,quatro barras
2568,Bela Vista,MS,MS,bela vista
2569,Ponta Grossa,PR,PR,ponta grossa
2570,Goianópolis,GO,GO,goianopolis
2571,Antonina,PR,PR,antonina
2572,Ponta Grossa,PR,PR,ponta grossa
2573,São José da Boa Vista,PR,PR,sao jose da boa vista
2574,Campina Grande do Sul,PR,PR,campina grande do sul
2575,Grão Mogol,MG,MG,grao mogol
2576,Campina Grande do Sul,PR,PR,campina grande do sul
2577,Rio de Contas,BA,BA,rio de contas
2578,Cristália,MG,MG,cristalia
2579,Oliveira dos Brejinhos,BA,BA,oliveira dos brejinhos
2580,Amambai,MS,MS,amambai
2581,Manhumirim,MG,MG,manhumirim
2582,Presidente Soares,MG,MG,presidente soares
2583,Ladário,MS,MS,ladario
2584,Aurora do Tocantins,TO,TO,aurora do tocantins
2585,Pirapora,MG,MG,pirapora
2586,Carambeí,PR,PR,carambei
2587,Nova Cantu,PR,PR,nova cantu
2588,Duque de Caxias,RJ,RJ,duque de caxias
2589,Campina Grande do Sul,PR,PR,campina grande do sul
2590,Curitiba,PR,PR,curitiba
2591,Teresópolis,RJ,RJ,teresopolis
2592,Nova Cantu,PR,PR,nova cantu
2593,Ribeirão Grande,SP,SP,ribeirao grande
2594,Quatro Barras,PR,PR,quatro barras
2595,Cerro Azul,PR,PR,cerro azul
2596,Curitiba,PR,PR,curitiba
2597,Piraquara,PR,PR,piraquara
2598,Carambeí,PR,PR,carambei
2599,Piraquara,PR,PR,piraquara
2600,Mirandópolis,SP,SP,mirandopolis
2601,Piraí do Sul,PR,PR,pirai do sul
2602,Antonina,PR,PR,antonina
2603,Caxias do Sul,RS,RS,caxias do sul
2604,Rio de Janeiro,RJ,RJ,rio de janeiro
2605,Antonina,PR,PR,antonina
2606,Atalanta,SC,SC,atalanta
2607,Coronel Domingos Soares,PR,PR,coronel domingos soares
2610,General Carneiro,PR,PR,general carneiro
2609,Pinhão,PR,PR,pinhao
2611,Bituruna,PR,PR,bituruna
2612,Macaúbas,BA,BA,macaubas
2613,São José do Norte,RS,RS,sao jose do norte
2614,Ortigueira,PR,PR,ortigueira
2615,Antonina,PR,PR,antonina
2616,São José dos Pinhais,PR,PR,sao jose dos pinhais
2617,Cerro Azul,PR,PR,cerro azul
2618,São José dos Pinhais,PR,PR,sao jose dos pinhais
2619,Florianópolis,SC,SC,florianopolis
2620,Guaraqueçaba,PR,PR,guaraquecaba
2621,Curitiba,PR,PR,curitiba
2622,Guaratuba,PR,PR,guaratuba
2623,Piraquara,PR,PR,piraquara
2624,Morretes,PR,PR,morretes
2625,Guaratuba,PR,PR,guaratuba
2626,Guaratuba,PR,PR,guaratuba
2627,Diamante do Norte,PR,PR,diamante do norte
2628,Pirenópolis,GO,GO,pirenopolis
2629,Irati,PR,PR,irati
2630,Arroio Grande,RS,RS,arroio grande
2631,Bocaiúva do Sul,PR,PR,bocaiuva do sul
2632,Italva,RJ,RJ,italva
2633,Silva Jardim,RJ,RJ,silva jardim
2634,Diamantina,MG,MG,diamantina
2635,Ipira,SC,SC,ipira
2636,,,,
2637,Palmeira,PR,PR,palmeira
2638,Piraí do Sul,PR,PR,pirai do sul
2639,Morretes,PR,PR,morretes
2640,Piraí do Sul,PR,PR,pirai do sul
2641,Porto Seguro,BA,BA,porto seguro
2642,Milagres,BA,BA,milagres
2643,Macaúbas,BA,BA,macaubas
2644,Uberlândia,MG,MG,uberlandia
2645,Malhada,BA,BA,malhada
2646,Romaria,MG,MG,romaria
2647,Miranda,MS,MS,miranda
2648,Alto Paraíso de Goiás,GO,GO,alto paraiso de goias
2649,Milagres,BA,BA,milagres
2650,Guarapuava,PR,PR,guarapuava
2651,Curitiba,PR,PR,curitiba
2652,Timbé do Sul,SC,SC,timbe do sul
2653,Olivença,BA,BA,olivenca
2654,Nova Canaã do Norte,MT,MT,nova canaa do norte
2655,Ponta Grossa,PR,PR,ponta grossa
2656,Guaraqueçaba,PR,PR,guaraquecaba
2657,Ouro Preto,MG,MG,ouro preto
2658,Palmas,PR,PR,palmas
2659,Foz do Iguaçu,PR,PR,foz do iguacu
2660,Nova Canaã do Norte,MT,MT,nova canaa do norte
2661,Paranaguá,PR,PR,paranagua
2662,Caracol,PI,PI,caracol
2663,São Francisco de Paula,RS,RS,sao francisco de paula
2664,Ponta Grossa,PR,PR,ponta grossa
2665,Duque de Caxias,RJ,RJ,duque de caxias
2666,Rio de Janeiro,RJ,RJ,rio de janeiro
2667,Cananéia,SP,SP,cananeia
2668,Paraty,RJ,RJ,paraty
2669,Ponta Grossa,PR,PR,ponta grossa
2670,Piraquara,PR,PR,piraquara
2671,Piraquara,PR,PR,piraquara
2672,Candói,PR,PR,candoi
2673,Cocalzinho de Goiás,GO,GO,cocalzinho de goias
2674,Céu Azul,PR,PR,ceu azul
2675,Guaratuba,PR,PR,guaratuba
2676,Tijucas do Sul,PR,PR,tijucas do sul
2677,Garuva,SC,SC,garuva
2678,Campina Grande do Sul,PR,PR,campina grande do sul
2679,Bandeirantes,PR,PR,bandeirantes
2680,Tacaratu,PE,PE,tacaratu
2681,Cavalcante,GO,GO,cavalcante
2682,Alto Caparaó,MG,MG,alto caparao
2683,Guaraqueçaba,PR,PR,guaraquecaba
2684,Tomazina,PR,PR,tomazina
2685,Buritizeiro,MG,MG,buritizeiro
2686,Pirabeiraba,SC,SC,pirabeiraba
2687,Guaratuba,PR,PR,guaratuba
2688,Bavaria,,,bavaria
2689,Honório Serpa,PR,PR,honorio serpa
2690,Arizona - Maricopa County,,,arizona maricopa county
2691,New Mexico - Hidalgo County,,,new mexico hidalgo county
2692,Arizona - Maricopa County,,,arizona maricopa county
2693,New South Wales,,,new south wales
2694,Centro Sur,,,centro sur
2695,Itararé,SP,SP,itarare
2696,Candói,PR,PR,candoi
2697,Rio Claro,SP,SP,rio claro
2698,Porto Murtinho,MS,MS,porto murtinho
2699,Pinhais,PR,PR,pinhais
2700,Rio Branco do Sul,PR,PR,rio branco do sul
2701,Morretes,PR,PR,morretes
2702,Paranaguá,PR,PR,paranagua
2703,Laguna,SC,SC,laguna
2704,Miranda,MS,MS,miranda
2705,Araquari,SC,SC,araquari
2706,Jaguariaíva,PR,PR,jaguariaiva
2707,Guaraqueçaba,PR,PR,guaraquecaba
2708,Rio Grande,RS,RS,rio grande
2709,Cerro Azul,PR,PR,cerro azul
2710,Serranópolis de MInas,MG,MG,serranopolis de minas
2711,Piraí do Sul,PR,PR,pirai do sul
2712,Balsa Nova,PR,PR,balsa nova
2713,Miranda,MS,MS,miranda
2714,Rialma,GO,GO,rialma
2715,Datas,MG,MG,datas
2716,Pinhalzinho,SC,SC,pinhalzinho
2717,Morretes,PR,PR,morretes
2718,Sengés,PR,PR,senges
2719,Presidente Kubitschek,MG,MG,presidente kubitschek
2720,Aquidauana,MS,MS,aquidauana
2721,Campo Alegre,SC,SC,campo alegre
2722,São Desidério,BA,BA,sao desiderio
2723,Bom Jesus,RS,RS,bom jesus
2724,Curitiba,PR,PR,curitiba
2725,Tunas do Paraná,PR,PR,tunas do parana
2726,Quevedos,RS,RS,quevedos
2727,Vila Flores,RS,RS,vila flores
2728,São Joaquim,SC,SC,sao joaquim
2729,Clevelândia,PR,PR,clevelandia
2730,Bonito,MS,MS,bonito
2731,Guarapuava,PR,PR,guarapuava
2732,Guaratuba,PR,PR,guaratuba
2733,Major Gercino,SC,SC,major gercino
2734,Castelo,ES,ES,castelo
2735,Corumbá,MS,MS,corumba
2736,Diamante do Norte,PR,PR,diamante do norte
2737,Agudos do Sul,PR,PR,agudos do sul
2738,Piraí do Sul,PR,PR,pirai do sul
2739,Matinhos,PR,PR,matinhos
2740,Matinhos,PR,PR,matinhos
2741,Nova Cantu,PR,PR,nova cantu
2742,Caxias do Sul,RS,RS,caxias do sul
2743,Cerro Azul,PR,PR,cerro azul
2744,Mangaratiba,RJ,RJ,mangaratiba
2745,Itaúba,MT,MT,itauba
2746,Indaial,SC,SC,indaial
2747,Secilia - Messina,,,secilia messina
2748,Avila,,,avila
2749,"Cerdeña, Oristano",,,cerdena oristano
2750,Badajoz - Medellín,,,badajoz medellin
2751,Imaruí,SC,SC,imarui
2752,Avaré,SP,SP,avare
2753,Conceição do Castelo,ES,ES,conceicao do castelo
2754,Curitiba,PR,PR,curitiba
2755,Sant'Ana do Livramento,RS,RS,sant ana do livramento
2756,Porto Murtinho,MS,MS,porto murtinho
2757,Ortigueira,PR,PR,ortigueira
2758,Garuva,PR,PR,garuva
2759,Piraí do Sul,PR,PR,pirai do sul
2760,Ortigueira,PR,PR,ortigueira
2761,Porto Murtinho,MS,MS,porto murtinho
2762,Laranjal,PR,PR,laranjal
2763,Guaraqueçaba,PR,PR,guaraquecaba
2764,Rio Brilhante,MT,MT,rio brilhante
2765,Urubici,SC,SC,urubici
2766,Ponta Grossa,PR,PR,ponta grossa
2767,São Joaquim,SC,SC,sao joaquim
2768,Foz do Iguaçu,PR,PR,foz do iguacu
2769,Itaúba,MT,MT,itauba
2770,"Niederösterreich, Thermenlinie",,,niederosterreich thermenlinie
2771,Arizona - Maricopa County,,,arizona maricopa county
2772,Cocalzinho de Goiás,GO,GO,cocalzinho de goias
2773,Jaguariaíva,PR,PR,jaguariaiva
2774,Tropenstation La Gamba,,,tropenstation la gamba
2775,Jundiaí do Sul,PR,PR,jundiai do sul
2776,Bom Jardim da Serra,SC,SC,bom jardim da serra
2777,São Marcos,RS,RS,sao marcos
2778,Mucugê,BA,BA,mucuge
2779,Garopaba,SC,SC,garopaba
2780,Turvo,PR,PR,turvo
2781,Bonito,MS,MS,bonito
2782,Piraquara,PR,PR,piraquara
2783,Arraias,TO,TO,arraias
2784,"Niederösterreich, Thermenlinie",,,niederosterreich thermenlinie
2785,Curitiba,PR,PR,curitiba
2786,Peritiba,SC,SC,peritiba
2787,Gouveia,MG,MG,gouveia
2788,Formosa do Oeste,PR,PR,formosa do oeste
2789,Nova Viçosa,BA,BA,nova vicosa
2790,Tibagi,PR,PR,tibagi
2791,Ponte Alta do Tocantins,TO,TO,ponte alta do tocantins
2792,Adrianópolis,PR,PR,adrianopolis
2793,Florianópolis,SC,SC,florianopolis
2794,Cantagalo,PR,PR,cantagalo
2795,Jacupiranga,SP,SP,jacupiranga
2796,"Ciudad Real, Retuerta del Bullaque",,,ciudad real retuerta del bullaque
2797,Piraquara,PR,PR,piraquara
2798,Palmeira,PR,PR,palmeira
2799,Praia Grande,SC,SC,praia grande
2800,Curitiba,PR,PR,curitiba
2801,Piraquara,PR,PR,piraquara
2802,,,,
2803,,,,
2804,Palmas,PR,PR,palmas
2805,Piraquara,PR,PR,piraquara
2806,Piên,PR,PR,pien
2807,"Lower Austria, Thermenlinie",,,lower austria thermenlinie
2808,Ladário,MS,MS,ladario
2809,Curitiba,PR,PR,curitiba
2810,Mato Rico,PR,PR,mato rico
2811,Palmital,PR,PR,palmital
2812,Campo Largo,PR,PR,campo largo
2813,Ponta Grossa,PR,PR,ponta grossa
2814,Pontal do Paraná,PR,PR,pontal do parana
2815,Bodoquena,MS,MS,bodoquena
2816,Ponta Grossa,PR,PR,ponta grossa
2817,Guaratuba,PR,PR,guaratuba
2818,Fênix,PR,PR,fenix
2819,Foz do Iguaçu,PR,PR,foz do iguacu
2820,Morro do Chapéu,BA,BA,morro do chapeu
2821,Nova Cantu,PR,PR,nova cantu
2822,Mateiros,TO,TO,mateiros
2823,Adrianópolis,PR,PR,adrianopolis
2824,Ubatuba,SP,SP,ubatuba
2825,Pato Branco,PR,PR,pato branco
2826,Franscisco Dumont,MG,MG,franscisco dumont
2827,Lapa,PR,PR,lapa
2828,Macaúbas,BA,BA,macaubas
2829,Caetité,PR,PR,caetite
2830,Miranda,MS,MS,miranda
2831,Itaúnas,ES,ES,itaunas
2832,Bonito,MS,MS,bonito
2833,MIranda,MS,MS,miranda
2834,Ponta Grossa,PR,PR,ponta grossa
2835,Bom Jesus da Lapa,BA,BA,bom jesus da lapa
2836,Rio Bonito do Iguaçu,PR,PR,rio bonito do iguacu
2837,Joinville,SC,SC,joinville
2838,São José dos Pinhais,PR,PR,sao jose dos pinhais
2839,Pontal do Paraná,PR,PR,pontal do parana
2840,Guarapuava,PR,PR,guarapuava
2841,Guaraqueçaba,PR,PR,guaraquecaba
2842,Córdoba - Departamento de Colón,,,cordoba departamento de colon
2843,Avlona (Kantari),,,avlona kantari
2844,Blumenau,SC,SC,blumenau
2845,Curitiba,PR,PR,curitiba
2846,Paranaguá,PR,PR,paranagua
2847,Amambai,MS,MS,amambai
2848,Lapa,PR,PR,lapa
2849,Adrianópolis,PR,PR,adrianopolis
2850,Assis Chateaubriand,PR,PR,assis chateaubriand
2851,São Joaquim,SC,SC,sao joaquim
2852,Rio Bonito do Iguaçu,PR,PR,rio bonito do iguacu
2853,Morretes,PR,PR,morretes
2854,Siderópolis,SC,SC,sideropolis
2855,Hopelchén,,,hopelchen
2856,Córdoba - Departamento de Punilla,,,cordoba departamento de punilla
2857,Arizona - Maricopa County,,,arizona maricopa county
2858,Córdoba - Departamento de Rio Segundo,,,cordoba departamento de rio segundo
2859,Mangaratiba,RJ,RJ,mangaratiba
2860,Córdoba - Departamento de Santa Maria,,,cordoba departamento de santa maria
2861,Córdoba - Departamento de Punilla,,,cordoba departamento de punilla
2862,Córdoba - Departamento de Punilla,,,cordoba departamento de punilla
2863,Catamarca - Departamento de Andalgala,,,catamarca departamento de andalgala
2864,Córdoba - Província de Punilla,,,cordoba provincia de punilla
2865,Córdoba - Província de Córdoba,,,cordoba provincia de cordoba
2866,Córdoba - Província de Colon,,,cordoba provincia de colon
2867,Santa Fé - Departamento de San Martín,,,santa fe departamento de san martin
2868,Mata de Sâo João,BA,BA,mata de sao joao
2869,Santa Maria Madalena,RJ,RJ,santa maria madalena
2870,Porto Murtinho,MS,MS,porto murtinho
2871,Jaguariaíva,PR,PR,jaguariaiva
2872,Urubici,SC,SC,urubici
2873,Conde,BA,BA,conde
2874,Teresópolis,RJ,RJ,teresopolis
2875,Eldorado,MS,MS,eldorado
2876,Juramento,MG,MG,juramento
2877,Curitiba,PR,PR,curitiba
2878,São José dos Pinhais,PR,PR,sao jose dos pinhais
2879,Laguna,SC,SC,laguna
2880,Jequitaí,MG,MG,jequitai
2881,Jaguariaíva,PR,PR,jaguariaiva
2882,Herval,RS,RS,herval
2883,Correia Pinto,SC,SC,correia pinto
2884,Cruz Machado,PR,PR,cruz machado
2885,Florianópolis,SC,SC,florianopolis
2886,Bonito,MS,MS,bonito
2887,Jundiaí do Sul,PR,PR,jundiai do sul
2888,Aquidauana,MS,MS,aquidauana
2889,Gouveia,MG,MG,gouveia
2890,Caldas,MG,MG,caldas
2891,São Joaquim,SC,SC,sao joaquim
2892,São José dos Ausentes,RS,RS,sao jose dos ausentes
2893,Balsa Nova,PR,PR,balsa nova
2894,Alto Caparaó,MG,MG,alto caparao
2895,"Porto Santo, puerto",,,porto santo puerto
2896,Pinhão,PR,PR,pinhao
2897,Lapa,PR,PR,lapa
2898,Urubici,SC,SC,urubici
2899,Rio Branco do Sul,PR,PR,rio branco do sul
2900,Alvorada de Minas,PR,PR,alvorada de minas
2901,Dois Vizinhos,PR,PR,dois vizinhos
2902,Pinhão,PR,PR,pinhao
2903,Santa Madalena,RJ,RJ,santa madalena
2904,Itapoá,SC,SC,itapoa
2905,Palmas,TO,TO,palmas
2906,Santa Rita do Sapucaí,MG,MG,santa rita do sapucai
2907,Curitiba,PR,PR,curitiba
2908,Conselheiro Mairinck,PR,PR,conselheiro mairinck
2909,Barra do Turvo,SP,SP,barra do turvo
2910,Morretes,PR,PR,morretes
2911,Poconé,MT,MT,pocone
2912,Conde,BA,BA,conde
2913,São Mateus do Sul,PR,PR,sao mateus do sul
2914,Laguna,SC,SC,laguna
2915,Valença,BA,BA,valenca
2916,Francisco Beltrão,PR,PR,francisco beltrao
2918,Adrianópolis,PR,PR,adrianopolis
2919,Jundiaí do Sul,PR,PR,jundiai do sul
2920,Conselheiro Mairinck,PR,PR,conselheiro mairinck
2921,Porto Murtinho,MS,MS,porto murtinho
2922,Urubici,SC,SC,urubici
2923,General Carneiro,PR,PR,general carneiro
2924,Adrianópolis,PR,PR,adrianopolis
2925,Diamante do Norte,PR,PR,diamante do norte
2926,Amambai,MS,MS,amambai
2927,Curitiba,PR,PR,curitiba
2928,Jundiaí do Sul,PR,PR,jundiai do sul
2929,São Domingos,GO,GO,sao domingos
2930,Brasília,DF,DF,brasilia
2931,Brasília,DF,DF,brasilia
2932,Guaratuba,PR,PR,guaratuba
2933,Brasília,DF,DF,brasilia
2934,Ponte Alta do Tocantins,TO,TO,ponte alta do tocantins
2935,Brasília,DF,DF,brasilia
2936,Mateiros,TO,TO,mateiros
2937,Mateiros,TO,TO,mateiros
2938,Mateiros,TO,TO,mateiros
2939,Ponte Alta do Tocantins,TO,TO,ponte alta do tocantins
2940,Lindoeste,PR,PR,lindoeste
2941,Recursolândia,TO,TO,recursolandia
2942,Ponte Alta do Tocantins,TO,TO,ponte alta do tocantins
2943,Palmas,TO,TO,palmas
2944,Santa Rita do Tocantins,TO,TO,santa rita do tocantins
2945,Porto Nacional,TO,TO,porto nacional
2946,Abadiânia,GO,GO,abadiania
2947,Brasília,DF,DF,brasilia
2948,Brasília,DF,DF,brasilia
2949,Água Fria de Goiás,GO,GO,agua fria de goias
2950,Guarapuava,PR,PR,guarapuava
2951,Brasília,DF,DF,brasilia
2952,Buritis,MG,MG,buritis
2953,Brasília,DF,DF,brasilia
2954,Cocos,BA,BA,cocos
2955,Brasília,DF,DF,brasilia
2956,Corumbá de Goiás,GO,GO,corumba de goias
2957,Arinos,MG,MG,arinos
2958,Brasília,DF,DF,brasilia
2959,Niquelândia,GO,GO,niquelandia
2960,Campo Mourão,PR,PR,campo mourao
2961,Posse,GO,GO,posse
2962,Cocos,BA,BA,cocos
2963,Arraial,PI,PI,arraial
2964,Brasília,DF,DF,brasilia
2965,Correntina,BA,BA,correntina
2966,Niquelândia,GO,GO,niquelandia
2967,São Domingos,GO,GO,sao domingos
2968,Monte Alegre de Goiás,GO,GO,monte alegre de goias
2969,"Niederösterreich, Gösllinger Alpen",,,niederosterreich gosllinger alpen
2970,"Niederösterreich, Thermenlinie,",,,niederosterreich thermenlinie
2971,Anitápolis,SC,SC,anitapolis
2972,Concórdia,SC,SC,concordia
2973,Joinville,SC,SC,joinville
2974,José Boiteux,SC,SC,jose boiteux
2975,Botuverá,SC,SC,botuvera
2976,Florianópolis,SC,SC,florianopolis
2977,Ipumirim,SC,SC,ipumirim
2978,Angelina,SC,SC,angelina
2979,Angelina,SC,SC,angelina
2980,Concórdia,SC,SC,concordia
2981,Treviso,SC,SC,treviso
2982,Antônio Carlos,SC,SC,antonio carlos
2983,Celso Ramos,SC,SC,celso ramos
2984,Ituporanga,SC,SC,ituporanga
2985,Leoberto Leal,SC,SC,leoberto leal
2986,Pouso Redondo,SC,SC,pouso redondo
2987,Ibirama,SC,SC,ibirama
2988,Joinville,SC,SC,joinville
2989,Blumenau,SC,SC,blumenau
2990,Lapa,PR,PR,lapa
2991,Tijucas do Sul,PR,PR,tijucas do sul
2992,Tijucas do Sul,PR,PR,tijucas do sul
2993,Tijucas do Sul,PR,PR,tijucas do sul
2994,Água Doce,SC,SC,agua doce
2995,Presidente Nereu,SC,SC,presidente nereu
2996,Matelândia,PR,PR,matelandia
2997,Curitiba,PR,PR,curitiba
2998,São José dos Pinhais,PR,PR,sao jose dos pinhais
2999,Departamento Rocha,,,departamento rocha
3000,Tunas do Paraná,PR,PR,tunas do parana
3001,Florianópolis,SC,SC,florianopolis
3002,Nova Veneza,SC,SC,nova veneza
3003,Urubici,SC,SC,urubici
3004,Turvo,SC,SC,turvo
3005,Itaiópolis,SC,SC,itaiopolis
3006,Itapoá,SC,SC,itapoa
3007,Florianópolis,SC,SC,florianopolis
3008,Orleans,SC,SC,orleans
3009,Blumenau,SC,SC,blumenau
3010,Benedito Novo,SC,SC,benedito novo
3011,São Bonifácio,SC,SC,sao bonifacio
3012,José Boiteux,SC,SC,jose boiteux
3013,Joinville,SC,SC,joinville
3014,Erval Velho,SC,SC,erval velho
3015,Gaspar,SC,SC,gaspar
3016,Vidal Ramos,SC,SC,vidal ramos
3017,Blumenau,SC,SC,blumenau
3018,Urubici,SC,SC,urubici
3019,Anita Garibaldi,SC,SC,anita garibaldi
3020,Campina Grande do Sul,PR,PR,campina grande do sul
3021,Bonito,MS,MS,bonito
3022,Bonito,MS,MS,bonito
3023,Aquidauana,MS,MS,aquidauana
3024,Corrientes,,,corrientes
3025,Piraquara,PR,PR,piraquara
3026,Ponta Grossa,PR,PR,ponta grossa
3027,São Francisco do Sul,SC,SC,sao francisco do sul
3028,Córdoba,,,cordoba
3029,Provincia de La Rioja,,,provincia de la rioja
3030,Ortigueira,PR,PR,ortigueira
3031,Gouveia,MG,MG,gouveia
3032,Capão Alto,SC,SC,capao alto
3033,Otacílio Costa,SC,SC,otacilio costa
3034,Bom Jardim da Serra,SC,SC,bom jardim da serra
3035,Rio Fortuna,SC,SC,rio fortuna
3036,Presidente Nereu,SC,SC,presidente nereu
3037,Anita Garibaldi,SC,SC,anita garibaldi
3038,Rodeio,SC,SC,rodeio
3039,Joinville,SC,SC,joinville
3040,Vitor Meireles,SC,SC,vitor meireles
3041,Antônio Carlos,SC,SC,antonio carlos
3042,Rio dos Cedros,SC,SC,rio dos cedros
3043,Jacinto Machado,SC,SC,jacinto machado
3044,Joinville,SC,SC,joinville
3045,Contagem,MG,MG,contagem
3046,Belo Horizonte,MG,MG,belo horizonte
3047,Nova Lima,MG,MG,nova lima
3048,Santana do Riacho,MG,MG,santana do riacho
3049,Santana do Riacho,MG,MG,santana do riacho
3050,Santana do Riacho,MG,MG,santana do riacho
3051,Taió,SC,SC,taio
3052,Orleans,SC,SC,orleans
3053,Santa Rosa de Lima,SC,SC,santa rosa de lima
3054,Siderópolis,SC,SC,sideropolis
3055,Palhoça,SC,SC,palhoca
3056,Blumenau,SC,SC,blumenau
3057,Botuverá,SC,SC,botuvera
3058,Blumenau,SC,SC,blumenau
3059,Itaiópolis,SC,SC,itaiopolis
3060,Itapiranga,SC,SC,itapiranga
3061,Cocal do Sul,SC,SC,cocal do sul
3062,Itapema,SC,SC,itapema
3063,Concórdia,SC,SC,concordia
3064,Nova Trento,SC,SC,nova trento
3065,Tunápolis,SC,SC,tunapolis
3066,Jacinto Machado,SC,SC,jacinto machado
3067,Anchieta,SC,SC,anchieta
3068,Alfredo Wagner,SC,SC,alfredo wagner
3069,Rio do Campo,SC,SC,rio do campo
3070,Içara,SC,SC,icara
3071,Jacinto Machado,SC,SC,jacinto machado
3072,Orleans,SC,SC,orleans
3073,Celso Ramos,SC,SC,celso ramos
3074,Blumenau,SC,SC,blumenau
3075,Apiúna,SC,SC,apiuna
3076,Angelina,SC,SC,angelina
3077,Palhoça,SC,SC,palhoca
3078,Orleans,SC,SC,orleans
3079,Blumenau,SC,SC,blumenau
3080,Penha,SC,SC,penha
3081,Botuverá,SC,SC,botuvera
3082,Joinville,SC,SC,joinville
3083,Mirim Doce,SC,SC,mirim doce
3084,Passo Fundo,RS,RS,passo fundo
3085,Marau,RS,RS,marau
3086,Passo Fundo,RS,RS,passo fundo
3087,Marau,RS,RS,marau
3088,Passo Fundo,RS,RS,passo fundo
3089,Passo Fundo,RS,RS,passo fundo
3090,Peritiba,SC,SC,peritiba
3091,Presidente Getúlio,SC,SC,presidente getulio
3092,Imaruí,SC,SC,imarui
3093,São Bento do Sul,SC,SC,sao bento do sul
3094,Indaial,SC,SC,indaial
3095,Concórdia,SC,SC,concordia
3096,Paial,SC,SC,paial
3097,Imaruí,SC,SC,imarui
3098,Palma Sola,SC,SC,palma sola
3099,São Pedro do Paraná,PR,PR,sao pedro do parana
3100,São Paulo,SP,SP,sao paulo
3101,Jaguaruna,SC,SC,jaguaruna
3102,São Paulo,SP,SP,sao paulo
3103,São Paulo,SP,SP,sao paulo
3104,São Paulo,SP,SP,sao paulo
3105,São Paulo,SP,SP,sao paulo
3106,São Paulo,SP,SP,sao paulo
3107,São Paulo,SP,SP,sao paulo
3108,São Paulo,SP,SP,sao paulo
3109,Itanhaém,SP,SP,itanhaem
3110,Bofete,SP,SP,bofete
3111,Blumenau,SC,SC,blumenau
3112,Urupema,SC,SC,urupema
3113,Corupá,SC,SC,corupa
3114,Rodeio,SC,SC,rodeio
3115,Joinville,SC,SC,joinville
3116,Blumenau,SC,SC,blumenau
3117,Antônio Carlos,SC,SC,antonio carlos
3118,Lontras,SC,SC,lontras
3119,Salto Veloso,SC,SC,salto veloso
3120,Garuva,SC,SC,garuva
3121,São Cristovão do Sul,SC,SC,sao cristovao do sul
3122,Videira,SC,SC,videira
3123,Rodeio,SC,SC,rodeio
3124,Riozinho,RS,RS,riozinho
3125,Xanxerê,SC,SC,xanxere
3126,Dom Pedro de Alcântra,RS,RS,dom pedro de alcantra
3127,Concórdia,SC,SC,concordia
3128,Bela Vista do Toldo,SC,SC,bela vista do toldo
3129,Campos Novos,SC,SC,campos novos
3130,Curitibanos,SC,SC,curitibanos
3131,Rio dos Cedros,SC,SC,rio dos cedros
3132,Jaraguá do Sul,SC,SC,jaragua do sul
3133,Ascurra,SC,SC,ascurra
3134,Imaruí,SC,SC,imarui
3135,Joaquim Felício,MG,MG,joaquim felicio
3136,Piraí do Sul,PR,PR,pirai do sul
3137,Curitiba,PR,PR,curitiba
3138,Curitiba,PR,PR,curitiba
3139,Piraquara,PR,PR,piraquara
3140,Palmeira,PR,PR,palmeira
3141,São Carlos,SC,SC,sao carlos
3142,Rio do Oeste,SC,SC,rio do oeste
3143,Angelina,SC,SC,angelina
3144,Colombo,PR,PR,colombo
3145,Curitiba,PR,PR,curitiba
3146,Tunápolis,SC,SC,tunapolis
3147,Campos Novos,SC,SC,campos novos
3148,Angelina,SC,SC,angelina
3149,Concórdia,SC,SC,concordia
3150,Anita Garibaldi,SC,SC,anita garibaldi
3151,Agronômica,SC,SC,agronomica
3152,Joinville,SC,SC,joinville
3153,Santo Amaro da Imperatriz,SC,SC,santo amaro da imperatriz
3154,Urubici,SC,SC,urubici
3155,Brusque,SC,SC,brusque
3156,Corupá,SC,SC,corupa
3157,Apiúna,SC,SC,apiuna
3158,Trombudo Central,SC,SC,trombudo central
3159,Santo Amaro da Imperatriz,SC,SC,santo amaro da imperatriz
3160,Lacerdópolis,SC,SC,lacerdopolis
3161,Massaranduba,SC,SC,massaranduba
3162,Timbó Grande,SC,SC,timbo grande
3163,Canoinhas,SC,SC,canoinhas
3164,Vidal Ramos,SC,SC,vidal ramos
3165,Alfredo Wagner,SC,SC,alfredo wagner
3166,Ponte Alta,SC,SC,ponte alta
3167,Santa Rosa de Lima,SC,SC,santa rosa de lima
3168,Massaranduba,SC,SC,massaranduba
3169,Joinville,SC,SC,joinville
3170,Curitiba,PR,PR,curitiba
3171,Marilândia,ES,ES,marilandia
3172,General Carneiro,PR,PR,general carneiro
3173,Bragança Paulista,SP,SP,braganca paulista
3174,Santana de Pirapama,MG,MG,santana de pirapama
3175,Mossâmedes,GO,GO,mossamedes
3176,Santa Tereza do Oeste,PR,PR,santa tereza do oeste
3177,Santa Terezinha,MT,MT,santa terezinha
3178,Cáceres,MT,MT,caceres
3179,Bom Jesus do Araguaia,MT,MT,bom jesus do araguaia
3180,Santa Terezinha de Itaipu,PR,PR,santa terezinha de itaipu
3181,Santa Helena,PR,PR,santa helena
3182,São Pedro do Iguaçu,PR,PR,sao pedro do iguacu
3183,Santa Terezinha de Itaipu,PR,PR,santa terezinha de itaipu
3184,Três Barras do Paraná,PR,PR,tres barras do parana
3185,Icaraíma,PR,PR,icaraima
3186,Ponta Grossa,PR,PR,ponta grossa
3187,Balsa Nova,PR,PR,balsa nova
3188,Campo Largo,PR,PR,campo largo
3189,Guarapuava,PR,PR,guarapuava
3190,Morretes,PR,PR,morretes
3191,Piraquara,PR,PR,piraquara
3192,Palmas,PR,PR,palmas
3193,Ascurra,SC,SC,ascurra
3194,Santo Amaro da Imperatriz,SC,SC,santo amaro da imperatriz
3195,Blumenau,SC,SC,blumenau
3196,Congonhas do Norte,MG,MG,congonhas do norte
6957,Igrapiúna,BA,BA,igrapiuna
3197,Palmital,PR,PR,palmital
3198,Pirapora,MG,MG,pirapora
3201,Laranjal,PR,PR,laranjal
3200,Nova Cantu,PR,PR,nova cantu
3202,Doutor Pedrinho,SC,SC,doutor pedrinho
3203,Garopaba,SC,SC,garopaba
3204,Piraquara,PR,PR,piraquara
3205,Balsa Nova,PR,PR,balsa nova
3206,Campina Grande do Sul,PR,PR,campina grande do sul
3207,Cascavel,PR,PR,cascavel
3208,Santa Tereza do Oeste,PR,PR,santa tereza do oeste
3209,Kaloré,PR,PR,kalore
3210,Mangueirinha,PR,PR,mangueirinha
3211,Aquidauana,MS,MS,aquidauana
3212,Miranda,MS,MS,miranda
3213,Xaxim,SC,SC,xaxim
3214,Tunápolis,SC,SC,tunapolis
3215,Abelardo Luz,SC,SC,abelardo luz
3216,Rio do Campo,SC,SC,rio do campo
3217,Morretes,PR,PR,morretes
3218,Rio do Sul,SC,SC,rio do sul
3219,Sâo Martinho,SC,SC,sao martinho
3220,Chapecó,SC,SC,chapeco
3221,Lebon Régis,SC,SC,lebon regis
3222,Jaraguá do Sul,SC,SC,jaragua do sul
3223,Timbó,SC,SC,timbo
3224,São Bento do Sul,SC,SC,sao bento do sul
3225,Paulo Lopes,SC,SC,paulo lopes
3226,Itajaí,SC,SC,itajai
3227,Rio do Sul,SC,SC,rio do sul
3228,Alto Caparaó,MG,MG,alto caparao
3229,Grão Mogol,MG,MG,grao mogol
3230,Balsa Nova,PR,PR,balsa nova
3231,Palotina,PR,PR,palotina
3232,Praia Grande,SC,SC,praia grande
3233,Taió,SC,SC,taio
3234,São Martinho,SC,SC,sao martinho
3235,Icaraíma,PR,PR,icaraima
3236,Capanema,PR,PR,capanema
3237,Santa Terezinha de Itaipu,PR,PR,santa terezinha de itaipu
3238,Santa Tereza do Oeste,PR,PR,santa tereza do oeste
3239,Laguna,SC,SC,laguna
3240,Cavalcante,GO,GO,cavalcante
3241,Florianópolis,SC,SC,florianopolis
3242,Palmeira,PR,PR,palmeira
3243,São Joaquim,SC,SC,sao joaquim
3244,São Joaquim,SC,SC,sao joaquim
3245,Morretes,PR,PR,morretes
3246,Muniz Freire,ES,ES,muniz freire
3247,Sengés,PR,PR,senges
3248,Capivari,PR,PR,capivari
3249,Curitiba,PR,PR,curitiba
3250,Santana do Riacho,MG,MG,santana do riacho
3251,Jales,SP,SP,jales
3252,Campinas,SP,SP,campinas
3253,Ribeirão Grande,SP,SP,ribeirao grande
3254,São Roque de Minas,MG,MG,sao roque de minas
3255,São Vicente,SP,SP,sao vicente
3256,Santana do Riacho,MG,MG,santana do riacho
3257,Conceição do Mato Dentro,MG,MG,conceicao do mato dentro
3258,Brotas,SP,SP,brotas
3259,Congonhas do Norte,MG,MG,congonhas do norte
3260,Marilândia,ES,ES,marilandia
3261,Santana do Riacho,MG,MG,santana do riacho
3262,São Paulo,SP,SP,sao paulo
3263,Caieiras,SP,SP,caieiras
3264,Ubatuba,SP,SP,ubatuba
3265,Conde,BA,BA,conde
3266,Palmas,TO,TO,palmas
3267,Palmas,TO,TO,palmas
3268,Cavalcante,GO,GO,cavalcante
3269,Formoso do Araguaia,TO,TO,formoso do araguaia
3270,Palmas,TO,TO,palmas
3271,Palmas,TO,TO,palmas
3272,Porto Nacional,TO,TO,porto nacional
3273,Palmas,TO,TO,palmas
3274,Paranã,TO,TO,parana
3275,Peixe,TO,TO,peixe
3276,Lizarda,TO,TO,lizarda
3277,Palmas,TO,TO,palmas
3278,Morretes,PR,PR,morretes
3279,Antonina,PR,PR,antonina
3280,Morretes,PR,PR,morretes
3281,Praia Grande,SP,SP,praia grande
3282,Cabo Frio,RJ,RJ,cabo frio
3283,Jaguariaíva,PR,PR,jaguariaiva
3284,Correntina,BA,BA,correntina
3285,São Domingos,GO,GO,sao domingos
3286,Goioerê,PR,PR,goioere
3287,Alto Paraíso,PR,PR,alto paraiso
3288,Varjão de MInas,MG,MG,varjao de minas
3289,Palmeira,PR,PR,palmeira
3290,Icaraíma,PR,PR,icaraima
3291,Santa Terezinha,SC,SC,santa terezinha
3292,Concórdia,SC,SC,concordia
3293,Joaçaba,SC,SC,joacaba
3294,Praia Grande,SC,SC,praia grande
3295,Paulo Lopes,SC,SC,paulo lopes
3296,Castro,PR,PR,castro
3297,Cavalcante,GO,GO,cavalcante
3298,Guaraqueçaba,PR,PR,guaraquecaba
3299,Bodoquena,MS,MS,bodoquena
3300,Porto Amazonas,PR,PR,porto amazonas
3301,Mogi-Guaçu,SP,SP,mogi guacu
3302,Vista Alegre do Alto,SP,SP,vista alegre do alto
3303,Vista Alegre do Alto,SP,SP,vista alegre do alto
3304,Itirapina,SP,SP,itirapina
3305,Mateiros,TO,TO,mateiros
3306,Iguape,SP,SP,iguape
3307,Piatã,BA,BA,piata
3308,Campo Mourão,PR,PR,campo mourao
3309,Guarapuava,PR,PR,guarapuava
3310,Céu Azul,PR,PR,ceu azul
3311,Céu Azul,PR,PR,ceu azul
3312,Piraquara,PR,PR,piraquara
3313,Curitiba,PR,PR,curitiba
3314,Iguatemi,MS,MS,iguatemi
3315,Rosana,SP,SP,rosana
3316,Porto Murtinho,MS,MS,porto murtinho
3317,Nova Cantu,PR,PR,nova cantu
3318,São José dos Pinhais,PR,PR,sao jose dos pinhais
3319,Guarapuava,PR,PR,guarapuava
3320,Piraí do Sul,PR,PR,pirai do sul
3321,Jaguariaíva,PR,PR,jaguariaiva
3322,Ilhéus,BA,BA,ilheus
3323,Rio Vermelho,MG,MG,rio vermelho
3324,Esplanada,BA,BA,esplanada
3325,Trinta Réis,MG,MG,trinta reis
3326,Santana do Riacho,MG,MG,santana do riacho
3327,Cananéia,SP,SP,cananeia
3328,Mateiros,TO,TO,mateiros
3329,Mateiros,TO,TO,mateiros
3330,Santana do Riacho,MG,MG,santana do riacho
3331,Rio de Janeiro,RJ,RJ,rio de janeiro
3332,Tijucas do Sul,PR,PR,tijucas do sul
3333,Curitiba,PR,PR,curitiba
3334,Mucugê,BA,BA,mucuge
3335,Barra da Estiva,BA,BA,barra da estiva
3336,Itajaí,SC,SC,itajai
3337,São Fidélis,RJ,RJ,sao fidelis
3338,Sengés,PR,PR,senges
3339,Formosa,GO,GO,formosa
3340,Buenópolis,MG,MG,buenopolis
3341,Clevelândia,PR,PR,clevelandia
3342,Paranaguá,PR,PR,paranagua
3343,Curitiba,PR,PR,curitiba
3344,Morretes,PR,PR,morretes
3345,Mandirituba,PR,PR,mandirituba
3346,Santana de Pirapama,MG,MG,santana de pirapama
3347,Itaperuçu,PR,PR,itaperucu
3348,Campo Mourão,PR,PR,campo mourao
3349,Barreiras,BA,BA,barreiras
3350,Posse,GO,GO,posse
3351,Matinhos,PR,PR,matinhos
3352,Itaúba,MT,MT,itauba
3353,Igaratá,SP,SP,igarata
3354,Alvorada de Minas,MG,MG,alvorada de minas
3355,Rio de Contas,BA,BA,rio de contas
3356,Saint Just et Vacquières (Gard),,,saint just et vacquieres gard
3357,São Francisco do Sul,SC,SC,sao francisco do sul
3358,Tuneiras do Oeste,PR,PR,tuneiras do oeste
3359,São José do Barreiro,SP,SP,sao jose do barreiro
3360,São Roque de MInas,MG,MG,sao roque de minas
3361,São Roque de Minas,MG,MG,sao roque de minas
3362,Congonhas do Norte,MG,MG,congonhas do norte
3363,Santana do Riacho,MG,MG,santana do riacho
3364,Rio de Contas,BA,BA,rio de contas
3365,Santana do Riacho,MG,MG,santana do riacho
3366,Mimoso do Sul,ES,ES,mimoso do sul
3367,Barra da Estiva,BA,BA,barra da estiva
3368,São Thomé das Letras,MG,MG,sao thome das letras
3369,Conceição da Barra,ES,ES,conceicao da barra
3370,Botumirim,MG,MG,botumirim
3371,Diamantina,MG,MG,diamantina
3372,Grão Mogol,MG,MG,grao mogol
3373,Santana do Riacho,MG,MG,santana do riacho
3374,Congonhas do Norte,MG,MG,congonhas do norte
3375,Lagoa Santa,MG,MG,lagoa santa
3376,Rondonópolis,MT,MT,rondonopolis
3377,São Paulo,SP,SP,sao paulo
3378,Goioerê,PR,PR,goioere
3379,Curitiba,PR,PR,curitiba
3380,Araucária,PR,PR,araucaria
3381,Ouro Preto,MG,MG,ouro preto
3382,São Paulo,SP,SP,sao paulo
3383,Campo Alegre,SC,SC,campo alegre
3384,Ponta Grossa,PR,PR,ponta grossa
3385,Licínio de Almeida,BA,BA,licinio de almeida
3386,Quatro Barras,PR,PR,quatro barras
3387,Felixlândia,MG,MG,felixlandia
3388,Jardim,MS,MS,jardim
3389,Serro,MG,MG,serro
3390,Morretes,PR,PR,morretes
3391,Jundiaí do Sul,PR,PR,jundiai do sul
3392,Iaçu,BA,BA,iacu
3393,Estado do Tocantis,TO,TO,estado do tocantis
3394,Quatro Barras,PR,PR,quatro barras
3395,Aquidauana,MS,MS,aquidauana
3396,Guaraqueçaba,PR,PR,guaraquecaba
3397,Rio Negro,,,rio negro
3398,Curitiba,PR,PR,curitiba
3399,Entre Rios,BA,BA,entre rios
3400,Irati,PR,PR,irati
3401,Guajará,AM,AM,guajara
3402,Nova Roma,GO,GO,nova roma
3403,Poços de Calda,MG,MG,pocos de calda
3404,Jaguariaíva,PR,PR,jaguariaiva
3405,Mato Rico,PR,PR,mato rico
3406,Sapopema,PR,PR,sapopema
3407,Pontal do Paraná,PR,PR,pontal do parana
3408,Morretes,PR,PR,morretes
3409,Colombo,PR,PR,colombo
3410,Diamantina,MG,MG,diamantina
3411,Guaratuba,PR,PR,guaratuba
3412,Sengés,PR,PR,senges
3413,Monte Alegre de Goiás,GO,GO,monte alegre de goias
3414,Piraquara,PR,PR,piraquara
3415,Mateiros,TO,TO,mateiros
3416,Buenópolis,MG,MG,buenopolis
3417,Poços de Caldas,MG,MG,pocos de caldas
3418,Grão Mogol,MG,MG,grao mogol
3419,Jequitaí,MG,MG,jequitai
3420,Monte Azul,MG,MG,monte azul
3421,Igaporã,BA,BA,igapora
3422,Macaúbas,BA,BA,macaubas
3423,Bocaiúva,MG,MG,bocaiuva
3424,Caravelas,BA,BA,caravelas
3425,Juçari,BA,BA,jucari
3426,Divinópolis,MG,MG,divinopolis
3427,Corumbá,MS,MS,corumba
3428,Milagres,BA,BA,milagres
3429,Nova Roma,GO,GO,nova roma
3430,Doutor Ulysses,PR,PR,doutor ulysses
3431,Doutor Ulysses,PR,PR,doutor ulysses
3432,Morretes,PR,PR,morretes
3433,Querência do Norte,PR,PR,querencia do norte
3434,Canavieiras,BA,BA,canavieiras
3435,Januária,MG,MG,januaria
3436,Piraquara,PR,PR,piraquara
3437,Cajati,SP,SP,cajati
3438,Marinque,SP,SP,marinque
3439,Morretes,PR,PR,morretes
3440,Colombo,PR,PR,colombo
3441,Itatiaia,RJ,RJ,itatiaia
3442,Nova Iguaçu,RJ,RJ,nova iguacu
3443,Guaratuba,PR,PR,guaratuba
3444,Campos do Jordão,SP,SP,campos do jordao
3445,São Fidélix,RJ,RJ,sao fidelix
3446,Iporanga,SP,SP,iporanga
3447,Tijucas do Sul,PR,PR,tijucas do sul
3448,São Paulo,SP,SP,sao paulo
3449,Salvador,BA,BA,salvador
3450,Santana do Pirapama,MG,MG,santana do pirapama
3451,Telêmaco Borba,PR,PR,telemaco borba
3452,Cruzeiro do Oeste,PR,PR,cruzeiro do oeste
3453,Rio Tibagi (estrada do Café),PR,PR,rio tibagi estrada do cafe
3454,Matinhos,PR,PR,matinhos
3455,Pinhão,PR,PR,pinhao
3456,Conteda,PR,PR,conteda
3457,Palotina,PR,PR,palotina
3458,Piraquara,PR,PR,piraquara
3459,Almirante Tamandaré,PR,PR,almirante tamandare
3460,Ponta Grossa,PR,PR,ponta grossa
3461,Curitiba,PR,PR,curitiba
3462,Curitiba,PR,PR,curitiba
3463,Rio Branco do Sul,PR,PR,rio branco do sul
3464,Piraquara,PR,PR,piraquara
3465,São José dos Pinhais,PR,PR,sao jose dos pinhais
3466,Várzea da Palma,MG,MG,varzea da palma
3467,São Gonçalo do Abaeté,MG,MG,sao goncalo do abaete
3468,Cachoeira do Pajeú,MG,MG,cachoeira do pajeu
3469,Riacho dos Machados,MG,MG,riacho dos machados
3470,Várzea da Palma,MG,MG,varzea da palma
3471,Chapada dos Guimarães,MT,MT,chapada dos guimaraes
3472,São José dos Campos,SP,SP,sao jose dos campos
3473,Mandirituba,PR,PR,mandirituba
3474,Araucaria,PR,PR,araucaria
3475,Serranópolis do Iguaçu,PR,PR,serranopolis do iguacu
3476,Serranópolis do Iguaçu,PR,PR,serranopolis do iguacu
3477,Tamarana,PR,PR,tamarana
3478,Ribeirão Claro,PR,PR,ribeirao claro
3479,Bom Jesus da Lapa,BA,BA,bom jesus da lapa
3480,Palmital,PR,PR,palmital
3481,Vila Alta,PR,PR,vila alta
3482,Cornélio Procópio,PR,PR,cornelio procopio
3483,Braganey,PR,PR,braganey
3484,Pedro Juan Caballero,,,pedro juan caballero
3485,Laranjeiras do Sul,PR,PR,laranjeiras do sul
3486,Palotina,PR,PR,palotina
3487,Guairacá,PR,PR,guairaca
3488,Douradina,PR,PR,douradina
3489,Pitanga,PR,PR,pitanga
3490,Guarapuava,PR,PR,guarapuava
3491,Ibaiti,PR,PR,ibaiti
3492,São Mateus do Sul,PR,PR,sao mateus do sul
3493,Ventania,PR,PR,ventania
3494,Mucugê,BA,BA,mucuge
3495,Guaraqueçaba,PR,PR,guaraquecaba
3496,São José dos Ausentes,RS,RS,sao jose dos ausentes
3497,Santana de Pirapama,MG,MG,santana de pirapama
3498,Ribeirão do Pinhal,PR,PR,ribeirao do pinhal
3499,Curitibanos,SC,SC,curitibanos
3500,Londrina,PR,PR,londrina
3501,Paranavaí,PR,PR,paranavai
3502,Congonhinhas,PR,PR,congonhinhas
3503,Guarapuava,PR,PR,guarapuava
3504,Nova Londrina,PR,PR,nova londrina
3505,Ortigueira,PR,PR,ortigueira
3506,Londrina,PR,PR,londrina
3507,Paulo Freitas,PR,PR,paulo freitas
3508,Cândido de Abreu,PR,PR,candido de abreu
3509,Mauá da Serra,PR,PR,maua da serra
3510,Mauá da Serra,PR,PR,maua da serra
3511,Mauá da Serra,PR,PR,maua da serra
3512,Ponte Alta do Tocantins,TO,TO,ponte alta do tocantins
3513,Quatro Barras,PR,PR,quatro barras
3514,Guarapuava,PR,PR,guarapuava
3515,Marilândia do Sul,PR,PR,marilandia do sul
3516,Castro,PR,PR,castro
3517,Santa Izabel do Ivaí,PR,PR,santa izabel do ivai
3518,Virmond,PR,PR,virmond
3519,São Paulo,SP,SP,sao paulo
3520,Igaporã,BA,BA,igapora
3521,Dois Vizinhos,PR,PR,dois vizinhos
3522,Misiones - Depto Apóstoles,,,misiones depto apostoles
3523,São José dos Pinhais,PR,PR,sao jose dos pinhais
3524,Piraquara,PR,PR,piraquara
3525,Cavalcante,GO,GO,cavalcante
3526,Guaraqueçaba,PR,PR,guaraquecaba
3527,Tijucas do Sul,PR,PR,tijucas do sul
3528,Joaquim Felício,MG,MG,joaquim felicio
3529,Paranavaí,PR,PR,paranavai
3530,"Shanting County, Shandong Province",,,shanting county shandong province
3531,Porto Murtinho,MS,MS,porto murtinho
3532,Ulm - State of Baden-Württemberg,,,ulm state of baden wurttemberg
3533,Iguape,SP,SP,iguape
3534,Curitiba,PR,PR,curitiba
3535,Ponta Grossa,PR,PR,ponta grossa
3536,Luzerna,SC,SC,luzerna
3537,Antonina,PR,PR,antonina
3538,Córdoba/ Departamento Rio Segundo,,,cordoba departamento rio segundo
3539,Bonito,MS,MS,bonito
3540,Chapada dos Guimarães,MT,MT,chapada dos guimaraes
3541,Curitiba,PR,PR,curitiba
3542,Serranópolis de MInas,MG,MG,serranopolis de minas
3543,Laguna,SC,SC,laguna
3544,Ubatuba,SP,SP,ubatuba
3545,Ubatuba,SP,SP,ubatuba
3546,San Juan: Depto. Caucete,,,san juan depto caucete
3547,Córdoba: Depto de Colón,,,cordoba depto de colon
3548,Colider,MT,MT,colider
3549,Morretes,PR,PR,morretes
3550,Morro do Chapéu,BA,BA,morro do chapeu
3551,Alfredo Wagner,SC,SC,alfredo wagner
3552,Pinheiro Machado,RS,RS,pinheiro machado
3553,Miracatu,SP,SP,miracatu
3554,Quatro Barras,PR,PR,quatro barras
3555,Cidreira,RS,RS,cidreira
3556,Nova Cantu,PR,PR,nova cantu
3557,Palotina,PR,PR,palotina
3558,Sengés,PR,PR,senges
3559,Santa Terezinha de Itaipu,PR,PR,santa terezinha de itaipu
3560,Santa Tereza do Oeste,PR,PR,santa tereza do oeste
3561,Rio da Conceição,TO,TO,rio da conceicao
3562,Andrelândia,MG,MG,andrelandia
3563,Piraquara,PR,PR,piraquara
3564,Rio Rufino,SC,SC,rio rufino
3565,Rio Claro,RJ,RJ,rio claro
3566,Canavieiras,BA,BA,canavieiras
3567,Paranaguá,PR,PR,paranagua
3568,Iporanga,SP,SP,iporanga
3569,Apucarana,PR,PR,apucarana
3570,Corumbá,MS,MS,corumba
3571,Palmeira,PR,PR,palmeira
3572,Poconé,MT,MT,pocone
3573,Itaúba,MT,MT,itauba
3574,Arapoti,PR,PR,arapoti
3575,Congonhinhas,PR,PR,congonhinhas
3576,Faxinal,PR,PR,faxinal
3577,Curiúva,PR,PR,curiuva
3578,Londrina,PR,PR,londrina
3579,Telêmaco Borba,PR,PR,telemaco borba
3580,Grão Mogol,MG,MG,grao mogol
3581,Castro,PR,PR,castro
3582,Santa Terezinha,BA,BA,santa terezinha
3583,Caravelas,BA,BA,caravelas
3584,Santa Terezinha,BA,BA,santa terezinha
3585,Aquidauana,MS,MS,aquidauana
3586,Catas Altas,MG,MG,catas altas
3587,Pirenópolis,GO,GO,pirenopolis
3588,Ladário,MS,MS,ladario
3589,Paranapanema,SP,SP,paranapanema
3590,Contendas do Sincorá,BA,BA,contendas do sincora
3591,Ubaira,BA,BA,ubaira
3592,Matuípe,BA,BA,matuipe
3593,Santo Amaro,BA,BA,santo amaro
3594,Jaguaripe,BA,BA,jaguaripe
3595,Jaguaripe,BA,BA,jaguaripe
3596,Jandaíra,BA,BA,jandaira
3597,Boninal,BA,BA,boninal
3598,Boninal,BA,BA,boninal
3599,Cruz das Almas,BA,BA,cruz das almas
3600,Santa Teresinha,BA,BA,santa teresinha
3601,Santa Teresinha,BA,BA,santa teresinha
3602,Cachoeira,BA,BA,cachoeira
3603,Cabaceiras do Paraguassu,BA,BA,cabaceiras do paraguassu
3604,Vitória do Xingu,PA,PA,vitoria do xingu
3605,Brasil Novo,PA,PA,brasil novo
3606,Vitória do Xingu,PA,PA,vitoria do xingu
3607,Anapu,PA,PA,anapu
3608,Anapu,PA,PA,anapu
3609,Altamira,PA,PA,altamira
3610,Vitória do Xingu,PA,PA,vitoria do xingu
3611,Vitória do Xingu,PA,PA,vitoria do xingu
3612,Brasil Novo,PA,PA,brasil novo
3613,Vitória do Xingu,PA,PA,vitoria do xingu
3614,Mamborê,PR,PR,mambore
3615,Vitória do Xingu,PA,PA,vitoria do xingu
3616,Vitória do Xingu,PA,PA,vitoria do xingu
3617,Anapu,PA,PA,anapu
3618,Vitória do Xingu,PA,PA,vitoria do xingu
3619,Vitória do Xingu,PA,PA,vitoria do xingu
3620,Brasil Novo,PA,PA,brasil novo
3621,Vitória do Xingu,PA,PA,vitoria do xingu
3622,Vitória do Xingu,PA,PA,vitoria do xingu
3623,Vitória do Xingu,PA,PA,vitoria do xingu
3624,Vitória do Xingu,PA,PA,vitoria do xingu
3625,Campina Grande do Sul,PR,PR,campina grande do sul
3626,Vitória do Xingu,PA,PA,vitoria do xingu
3627,Vitória do Xingu,PA,PA,vitoria do xingu
3628,Vitória do Xingu,PA,PA,vitoria do xingu
3629,Vitória do Xingu,PA,PA,vitoria do xingu
3630,Vitória do Xingu,PA,PA,vitoria do xingu
3631,Altamira,PA,PA,altamira
3632,Altamira,PA,PA,altamira
3633,Vitória do Xingu,PA,PA,vitoria do xingu
3634,Cuiabá,MT,MT,cuiaba
3635,Miranda,MS,MS,miranda
3636,Jeremoabo,BA,BA,jeremoabo
3637,Dianópolis,TO,TO,dianopolis
3638,Jaraguá,GO,GO,jaragua
3639,Jaguaripe,BA,BA,jaguaripe
3640,Brasil Novo,PA,PA,brasil novo
3641,Vitória do Xingu,PA,PA,vitoria do xingu
3642,Brasil Novo,PA,PA,brasil novo
3643,Brasil Novo,PA,PA,brasil novo
3644,Vitória do Xingu,PA,PA,vitoria do xingu
3645,Vitória do Xingu,PA,PA,vitoria do xingu
3646,Vitória do Xingu,PA,PA,vitoria do xingu
3647,Andaraí,BA,BA,andarai
3648,Jaguaripe,BA,BA,jaguaripe
3649,Cruz das Almas,BA,BA,cruz das almas
3650,Piatã,BA,BA,piata
3651,Laje,BA,BA,laje
3652,Vitória do Xingu,PA,PA,vitoria do xingu
3653,Altamira,PA,PA,altamira
3654,Vitória do Xingu,PA,PA,vitoria do xingu
3655,Vitória do Xingu,PA,PA,vitoria do xingu
3656,Vitória do Xingu,PA,PA,vitoria do xingu
3657,Vitória do Xingu,PA,PA,vitoria do xingu
3658,Anapu,PA,PA,anapu
3659,Anapu,PA,PA,anapu
3660,Campo Mourão,PR,PR,campo mourao
3661,São João,PR,PR,sao joao
3662,"IV Región, La Serena",,,iv region la serena
3663,Arraial do Cabo,RJ,RJ,arraial do cabo
3664,São Tomé das Letras,MG,MG,sao tome das letras
3665,Barcelos,AM,AM,barcelos
3666,Barcelos,AM,AM,barcelos
3667,Alto Paraíso de Goiás,GO,GO,alto paraiso de goias
3671,Brotas de Macaúbas,BA,BA,brotas de macaubas
3672,Xique-Xique,BA,BA,xique xique
3673,Planaltina,GO,GO,planaltina
3674,Buritizeiro,MG,MG,buritizeiro
3675,Grão Mogol,MG,MG,grao mogol
3676,Cândido Sales,BA,BA,candido sales
3677,Monte Azul,MG,MG,monte azul
3678,Realeza,MG,MG,realeza
3679,Juramento,MG,MG,juramento
3680,Cariacica,ES,ES,cariacica
3681,Jataí,GO,GO,jatai
3682,Paranã,TO,TO,parana
3683,Nova Venécia,ES,ES,nova venecia
3684,Bom Jesus da Lapa,BA,BA,bom jesus da lapa
3685,Serro Negro,SC,SC,serro negro
3686,Concórdia,SC,SC,concordia
3687,Santa Terezinha,SC,SC,santa terezinha
3688,Alfredo Wagner,SC,SC,alfredo wagner
3689,Santa Terezinha,SC,SC,santa terezinha
3690,Urussanga,SC,SC,urussanga
3691,Criciúma,SC,SC,criciuma
3692,Indaial,SC,SC,indaial
3693,Xavantina,SC,SC,xavantina
3694,Campo Alegre,SC,SC,campo alegre
3695,Xanxerê,SC,SC,xanxere
3696,Garuva,SC,SC,garuva
3697,Apiúna,SC,SC,apiuna
3698,Nova Trento,SC,SC,nova trento
3699,Guaratuba,PR,PR,guaratuba
3700,Adrianópolis,PR,PR,adrianopolis
3701,Castro,PR,PR,castro
3702,Sengés,PR,PR,senges
3703,Castro,PR,PR,castro
3704,Tibagi,PR,PR,tibagi
3705,Adrianópolis,PR,PR,adrianopolis
3706,Santana do Riacho,MG,MG,santana do riacho
3707,Piraquara,PR,PR,piraquara
3708,Adrianópolis,PR,PR,adrianopolis
3709,Niquelândia,GO,GO,niquelandia
3710,Medianeira,PR,PR,medianeira
3711,Morretes,PR,PR,morretes
3712,Santa Teresa,ES,ES,santa teresa
3713,Pinhais,PR,PR,pinhais
3714,Curitiba,PR,PR,curitiba
3715,Curitiba,PR,PR,curitiba
3716,Curitiba,PR,PR,curitiba
3717,Agrolândia,SC,SC,agrolandia
3718,Laguna,SC,SC,laguna
3719,São José,SC,SC,sao jose
3720,Anitápolis,SC,SC,anitapolis
3721,Piracicaba,SP,SP,piracicaba
3722,Osório,RS,RS,osorio
3723,Osório,RS,RS,osorio
3724,Caxias do Sul,RS,RS,caxias do sul
3725,Caxias do Sul,RS,RS,caxias do sul
3726,São Mateus do Sul,PR,PR,sao mateus do sul
3727,Caxias do Sul,RS,RS,caxias do sul
3728,São Francisco de Paula,RS,RS,sao francisco de paula
3729,Caxias do Sul,RS,RS,caxias do sul
3730,Bom Jesus,RS,RS,bom jesus
3731,Osório,RS,RS,osorio
3732,Ubatuba,SP,SP,ubatuba
3733,Cachoeira do Sul,RS,RS,cachoeira do sul
3734,Candelária,RS,RS,candelaria
3735,Osório,RS,RS,osorio
3736,São José dos Ausentes,RS,RS,sao jose dos ausentes
3737,São Francisco de Paula,RS,RS,sao francisco de paula
3738,São Francisco de Paula,RS,RS,sao francisco de paula
3739,Osório,RS,RS,osorio
3740,Peruíbe,SP,SP,peruibe
3741,Osório,RS,RS,osorio
3742,Bento Gonçalves,RS,RS,bento goncalves
3743,Itati,RS,RS,itati
3744,Pinheiro Machado,RS,RS,pinheiro machado
3745,Urubici,SC,SC,urubici
3746,Juquiri,RS,RS,juquiri
3747,Canguçu,RS,RS,cangucu
3748,Osório,RS,RS,osorio
3749,Osório,RS,RS,osorio
3750,Veranópolis,RS,RS,veranopolis
3751,Dois Irmãos,RS,RS,dois irmaos
3752,Abaíra,BA,BA,abaira
3753,Pinhal da Serra,RS,RS,pinhal da serra
3754,Caxias do Sul,RS,RS,caxias do sul
3755,Farroupilha,RS,RS,farroupilha
3756,Caxias do Sul,RS,RS,caxias do sul
3757,Jaquirana,RS,RS,jaquirana
3758,São Francisco de Paula,RS,RS,sao francisco de paula
3759,Osório,RS,RS,osorio
3760,Osório,RS,RS,osorio
3761,Pinhal da Serra,RS,RS,pinhal da serra
3762,Muitos Capões,RS,RS,muitos capoes
3763,Osório,RS,RS,osorio
3764,Osório,RS,RS,osorio
3765,Osório,RS,RS,osorio
3766,Osório,RS,RS,osorio
3767,São Domingos,SC,SC,sao domingos
3768,Ascurra,SC,SC,ascurra
3769,Armazém,SC,SC,armazem
3770,Caxias do Sul,RS,RS,caxias do sul
3771,Osório,RS,RS,osorio
3772,São Francisco de Paula,RS,RS,sao francisco de paula
3773,Piratini,RS,RS,piratini
3774,Antônio Olinto,PR,PR,antonio olinto
3775,Osório,RS,RS,osorio
3776,São Francisco de Paula,RS,RS,sao francisco de paula
3777,Lavras,MG,MG,lavras
3778,São Francisco de Paula,RS,RS,sao francisco de paula
3779,Candiota,RS,RS,candiota
3780,Caxias do Sul,RS,RS,caxias do sul
3781,Caxias do Sul,RS,RS,caxias do sul
3782,Caxias do Sul,RS,RS,caxias do sul
3783,Passo Fundo,RS,RS,passo fundo
3784,Angelina,SC,SC,angelina
3785,Coronel Freitas,SC,SC,coronel freitas
3786,Timbé do Sul,SC,SC,timbe do sul
3787,Lauro Müller,SC,SC,lauro muller
3788,Jaraguá do Sul,SC,SC,jaragua do sul
3789,Apiúna,SC,SC,apiuna
3790,Pouso Redondo,SC,SC,pouso redondo
3791,Itaberaba,SC,SC,itaberaba
3792,Água Doce,SC,SC,agua doce
3793,Capinzal,SC,SC,capinzal
3794,Indaial,SC,SC,indaial
3795,Doutor Pedrinho,SC,SC,doutor pedrinho
3796,Morretes,PR,PR,morretes
3797,Guaratuba,PR,PR,guaratuba
3798,Matinhos,PR,PR,matinhos
3799,Balneário Piçarras,SC,SC,balneario picarras
3800,Mucugê,BA,BA,mucuge
3801,Mucugê,BA,BA,mucuge
3802,Rio de Contas,BA,BA,rio de contas
3803,Rio de Contas,BA,BA,rio de contas
3804,Porto Murtinho,MS,MS,porto murtinho
3805,Bela Vista,MS,MS,bela vista
3806,Campo Mourão,PR,PR,campo mourao
3809,Ivaiporã,PR,PR,ivaipora
3808,Peabiru,PR,PR,peabiru
3810,Rio de Contas,BA,BA,rio de contas
3811,Rio de Contas,BA,BA,rio de contas
3812,Céu Azul,PR,PR,ceu azul
3813,Salvador,BA,BA,salvador
3814,Rio de Contas,BA,BA,rio de contas
3815,Palmeiras,BA,BA,palmeiras
3816,Morro do Chapéu,BA,BA,morro do chapeu
3817,Nova Tebas,PR,PR,nova tebas
3818,Nova Tebas,PR,PR,nova tebas
3819,Campo Mourão,PR,PR,campo mourao
3820,Céu Azul,PR,PR,ceu azul
3821,Foz do Iguaçu,PR,PR,foz do iguacu
3822,Blumenau,SC,SC,blumenau
3823,Lapa,PR,PR,lapa
3824,Balsa Nova,PR,PR,balsa nova
3825,Tibagi,PR,PR,tibagi
3826,Foz do Iguaçu,PR,PR,foz do iguacu
3827,Morretes,PR,PR,morretes
3828,Palmeira,PR,PR,palmeira
3829,São Francisco do Sul,SC,SC,sao francisco do sul
3830,Antonina,PR,PR,antonina
3831,Morretes,PR,PR,morretes
3832,Campina Grande do Sul,PR,PR,campina grande do sul
3833,Morretes,PR,PR,morretes
3834,Curitiba,PR,PR,curitiba
3835,Curitiba,PR,PR,curitiba
3836,Fazenda Rio Grande,PR,PR,fazenda rio grande
3837,Morretes,PR,PR,morretes
3838,Curitiba,PR,PR,curitiba
3839,Colombo,PR,PR,colombo
3840,Curitiba,PR,PR,curitiba
3841,São Jerônimo da Serra,PR,PR,sao jeronimo da serra
3842,Tijucas do Sul,PR,PR,tijucas do sul
3843,São José dos Pinhais,PR,PR,sao jose dos pinhais
3844,Lapa,PR,PR,lapa
3845,Curitiba,PR,PR,curitiba
3846,Penha,SC,SC,penha
3847,Curitiba,PR,PR,curitiba
3848,Tijucas do Sul,PR,PR,tijucas do sul
3849,Paranaguá,PR,PR,paranagua
3850,Mariporã,SP,SP,maripora
3851,Piraquara,PR,PR,piraquara
3852,São Jerônimo da Serra,PR,PR,sao jeronimo da serra
3853,Bocaiúva do Sul,PR,PR,bocaiuva do sul
3854,Porto Belo,SC,SC,porto belo
3855,Paranaguá,PR,PR,paranagua
3856,Tijucas do Sul,PR,PR,tijucas do sul
3857,Lapa,PR,PR,lapa
3858,Curitiba,PR,PR,curitiba
3859,Iporanga,SP,SP,iporanga
3860,Quatro Barras,PR,PR,quatro barras
3861,Araucária,PR,PR,araucaria
3862,Piraquara,PR,PR,piraquara
3863,Tijucas do Sul,PR,PR,tijucas do sul
3864,São José dos Pinhais,PR,PR,sao jose dos pinhais
3865,Matinhos,PR,PR,matinhos
3866,Tijucas do Sul,PR,PR,tijucas do sul
3867,Curitiba,PR,PR,curitiba
3868,Curitiba,PR,PR,curitiba
3869,Morretes,PR,PR,morretes
3870,Campina Grande do Sul,PR,PR,campina grande do sul
3871,Curitiba,PR,PR,curitiba
3872,Morretes,PR,PR,morretes
3873,Curitiba,PR,PR,curitiba
3874,Curitiba,PR,PR,curitiba
3875,Curitiba,PR,PR,curitiba
3876,Campina Grande do Sul,PR,PR,campina grande do sul
3877,Paranaguá,PR,PR,paranagua
3878,Curitiba,PR,PR,curitiba
3879,Curitiba,PR,PR,curitiba
3880,Araucária,PR,PR,araucaria
3881,Curitiba,PR,PR,curitiba
3882,Curitiba,PR,PR,curitiba
3883,Curitiba,PR,PR,curitiba
3884,São José dos Pinhais,PR,PR,sao jose dos pinhais
3885,Curitiba,PR,PR,curitiba
3886,Curitiba,PR,PR,curitiba
3887,Paranaguá,PR,PR,paranagua
3888,Curitiba,PR,PR,curitiba
3889,São Lourenço da Serra,SP,SP,sao lourenco da serra
3890,São Lourenço da Serra,SP,SP,sao lourenco da serra
3891,Mirim Doce,SC,SC,mirim doce
3892,Curitiba,PR,PR,curitiba
3893,Paranaguá,PR,PR,paranagua
3894,Lapa,PR,PR,lapa
3895,Curitiba,PR,PR,curitiba
3896,Itapoá,SC,SC,itapoa
3897,Quatro Barras,PR,PR,quatro barras
3898,Morretes,PR,PR,morretes
3899,Araucária,PR,PR,araucaria
3900,Cianorte,PR,PR,cianorte
3901,Morretes,PR,PR,morretes
3902,Blumenau,SC,SC,blumenau
3903,Ponta Grossa,PR,PR,ponta grossa
3904,Curitiba,PR,PR,curitiba
3905,Piraquara,PR,PR,piraquara
3906,Curitiba,PR,PR,curitiba
3907,Curitiba,PR,PR,curitiba
3908,Paranaguá,PR,PR,paranagua
3909,Curitiba,PR,PR,curitiba
3910,Curitiba,PR,PR,curitiba
3911,Morretes,PR,PR,morretes
3912,Rio Branco do Sul,PR,PR,rio branco do sul
3913,Curitiba,PR,PR,curitiba
3914,Quatro Barras,PR,PR,quatro barras
3915,Terra Boa,PR,PR,terra boa
3916,Fazenda Rio Grande,PR,PR,fazenda rio grande
3917,Campo Largo,PR,PR,campo largo
3918,Campo Largo,PR,PR,campo largo
3919,Araucária,PR,PR,araucaria
3920,Curitiba,PR,PR,curitiba
3921,Bonito,MS,MS,bonito
3922,Porto Murtinho,MS,MS,porto murtinho
3923,Urubici,SC,SC,urubici
3924,Alfredo Chaves,ES,ES,alfredo chaves
3925,Bonito,MS,MS,bonito
3926,Bonito,MS,MS,bonito
3927,Adrianópolis,PR,PR,adrianopolis
3928,Rio de Janeiro,RJ,RJ,rio de janeiro
3929,Curitiba,PR,PR,curitiba
3930,Matinhos,PR,PR,matinhos
3931,Guaraqueçaba,PR,PR,guaraquecaba
3932,Distrito de Belén,,,distrito de belen
3933,Itagibá,BA,BA,itagiba
3934,Guarapuava,PR,PR,guarapuava
3935,Urubici,SC,SC,urubici
3936,Urubici,SC,SC,urubici
3937,Pitanga,PR,PR,pitanga
3938,Bonito,MS,MS,bonito
3939,Bodoquena,MS,MS,bodoquena
3940,Morretes,PR,PR,morretes
3941,Guaratuba,PR,PR,guaratuba
3942,Amambai,MS,MS,amambai
3943,Dourados,MS,MS,dourados
3944,Palmeira,PR,PR,palmeira
3945,Bom Jesus,RS,RS,bom jesus
3946,Ribeirão do Pinhal,PR,PR,ribeirao do pinhal
3947,Caiapônia,GO,GO,caiaponia
3948,Sengés,PR,PR,senges
3949,Curitiba,PR,PR,curitiba
3950,Adrianópolis,PR,PR,adrianopolis
3951,Campo Mourão,PR,PR,campo mourao
3952,Antonina,PR,PR,antonina
3953,Ponta Grossa,PR,PR,ponta grossa
3954,Palmeira,PR,PR,palmeira
3955,Campina Grande do Sul,PR,PR,campina grande do sul
3956,Reserva do Iguaçu,PR,PR,reserva do iguacu
3957,Adrianópolis,PR,PR,adrianopolis
3958,Campina Grande do Sul,PR,PR,campina grande do sul
3959,Pinhão,PR,PR,pinhao
3960,Campina Grande do Sul,PR,PR,campina grande do sul
3961,Guaratuba,PR,PR,guaratuba
3962,Chapada dos Guimarães,MT,MT,chapada dos guimaraes
3963,Ribeirão do Pinhal,PR,PR,ribeirao do pinhal
3964,Peabiru,PR,PR,peabiru
3965,Barra do Turvo,SP,SP,barra do turvo
3966,Jaguariaíva,PR,PR,jaguariaiva
3967,Bela Vista,MS,MS,bela vista
3968,Alfredo Wagner,SC,SC,alfredo wagner
3969,São Desidério,BA,BA,sao desiderio
3970,Doutor Ulysses,PR,PR,doutor ulysses
3971,Guaratuba,PR,PR,guaratuba
3972,Inácio Martins,PR,PR,inacio martins
3973,Viana,ES,ES,viana
3974,Doutor Ulysses,PR,PR,doutor ulysses
3975,Candói,PR,PR,candoi
3976,Doutor Ulysses,PR,PR,doutor ulysses
3977,Bom Jardim da Serra,SC,SC,bom jardim da serra
3978,Apiaí,SP,SP,apiai
3979,Venda Nova do Imigrante,ES,ES,venda nova do imigrante
3980,Guarapuava,PR,PR,guarapuava
3981,Curitiba,PR,PR,curitiba
3982,União da Vitória,PR,PR,uniao da vitoria
3983,Joaquim Felício,MG,MG,joaquim felicio
3984,Morretes,PR,PR,morretes
3985,Clevelândia,PR,PR,clevelandia
3986,Campo Mourão,PR,PR,campo mourao
3987,Guaraqueçaba,PR,PR,guaraquecaba
3988,Porto Murtinho,MS,MS,porto murtinho
3989,Miranda,MS,MS,miranda
3990,Morretes,PR,PR,morretes
3991,Jaguariaíva,PR,PR,jaguariaiva
3992,Itararé,SP,SP,itarare
3993,Fazenda Rio Grande,PR,PR,fazenda rio grande
3994,Morretes,PR,PR,morretes
3995,Lapa,PR,PR,lapa
3996,Jundiaí do Sul,PR,PR,jundiai do sul
3997,Serranópolis do Iguaçu,PR,PR,serranopolis do iguacu
3998,Foz do Iguaçu,PR,PR,foz do iguacu
3999,Doutor Ulysses,PR,PR,doutor ulysses
4000,Campo Mourão,PR,PR,campo mourao
4001,Curitiba,PR,PR,curitiba
4002,Peabiru,PR,PR,peabiru
4003,Campo Mourão,PR,PR,campo mourao
4004,Céu Azul,PR,PR,ceu azul
4005,Alfredo Wagner,SC,SC,alfredo wagner
4006,São Francisco de Paula,RS,RS,sao francisco de paula
4007,Cornélio Procópio,PR,PR,cornelio procopio
4008,Morretes,PR,PR,morretes
4009,Morretes,PR,PR,morretes
4010,Jundiaí do Sul,PR,PR,jundiai do sul
4011,Palmeira,PR,PR,palmeira
4012,Reserva do Iguaçu,PR,PR,reserva do iguacu
4013,Guaratuba,PR,PR,guaratuba
4014,Antonina,PR,PR,antonina
4015,Guarapuava,PR,PR,guarapuava
4016,Adrianópolis,PR,PR,adrianopolis
4017,Guaraqueçaba,PR,PR,guaraquecaba
4018,Itaiópolis,SC,SC,itaiopolis
4019,Sengés,PR,PR,senges
4020,Curitiba,PR,PR,curitiba
4021,Campo Grande,MS,MS,campo grande
4022,Maracás,BA,BA,maracas
4023,Bocaiúva do Sul,PR,PR,bocaiuva do sul
4024,Licínio de Almeida,BA,BA,licinio de almeida
4025,Quatro Barras,PR,PR,quatro barras
4026,Lebon Régis,SC,SC,lebon regis
4027,Rancho Alegre do Oeste,PR,PR,rancho alegre do oeste
4028,Licínio de Almeida,BA,BA,licinio de almeida
4029,Tibagi,PR,PR,tibagi
4030,"Loreto, Maynas",,,loreto maynas
4031,Santa Rita do Sapucaí,MG,MG,santa rita do sapucai
4032,São Francisco do Sul,SC,SC,sao francisco do sul
4033,Ponta Grossa,PR,PR,ponta grossa
4034,Jundiaí do Sul,PR,PR,jundiai do sul
4035,Morro do Chapéu,BA,BA,morro do chapeu
4036,Porto União,SC,SC,porto uniao
4037,Lapa,PR,PR,lapa
4038,Ponta Grossa,PR,PR,ponta grossa
4039,Diamantina,MG,MG,diamantina
4040,Pedro Gomes,PR,PR,pedro gomes
4041,Vacaria,RS,RS,vacaria
4042,Guarapuava,PR,PR,guarapuava
4043,Itinga,MG,MG,itinga
4044,Olivença,MG,MG,olivenca
4045,Chapada dos Guimarães,MT,MT,chapada dos guimaraes
4046,Mauá da Serra,PR,PR,maua da serra
4047,Leópolis,PR,PR,leopolis
4048,São Jerônimo da Serra,PR,PR,sao jeronimo da serra
4049,Londrina,PR,PR,londrina
4050,Nova Laranjeiras,PR,PR,nova laranjeiras
4051,Londrina,PR,PR,londrina
4052,Reserva,PR,PR,reserva
4053,Londrina,PR,PR,londrina
4054,Londrina,PR,PR,londrina
4055,Ventania,PR,PR,ventania
4056,Juazeiro do Norte,CE,CE,juazeiro do norte
4057,Londrina,PR,PR,londrina
4058,Teixeira Soares,PR,PR,teixeira soares
4059,Telêmaco Borba,PR,PR,telemaco borba
4060,Tibagi,PR,PR,tibagi
4061,Londrina,PR,PR,londrina
4062,Ivaí,PR,PR,ivai
4063,Londrina,PR,PR,londrina
4064,Londrina,PR,PR,londrina
4065,São Domingos,SC,SC,sao domingos
4066,Londrina,PR,PR,londrina
4067,Sengés,PR,PR,senges
4068,Tibagi,PR,PR,tibagi
4069,Londrina,PR,PR,londrina
4070,Tibagi,PR,PR,tibagi
4071,Jaguariaíva,PR,PR,jaguariaiva
4072,Brejo Grande,SE,SE,brejo grande
4073,Japaratuba,SE,SE,japaratuba
4074,Pacatuba,SE,SE,pacatuba
4075,Areia Branca,SE,SE,areia branca
4076,Itabaianinha,SE,SE,itabaianinha
4077,Indiaroba,SE,SE,indiaroba
4078,Maruim,SE,SE,maruim
4079,Pirambu,SE,SE,pirambu
4080,Poço Redondo,SE,SE,poco redondo
4081,Ilha das Flores,SE,SE,ilha das flores
4082,Riachão do Dantas,SE,SE,riachao do dantas
4083,Nossa Senhora do Socorro,SE,SE,nossa senhora do socorro
4084,Ilha das Flores,SE,SE,ilha das flores
4085,Estância,SE,SE,estancia
4086,Estância,SE,SE,estancia
4087,Amparo de São Francisco,SE,SE,amparo de sao francisco
4088,Aracaju,SE,SE,aracaju
4089,Itabaiana,SE,SE,itabaiana
4090,Porto da Folha,SE,SE,porto da folha
4091,Nossa Senhora da Glória,SE,SE,nossa senhora da gloria
4092,Indiaroba,SE,SE,indiaroba
4093,Itaporanga d'Ajuda,SE,SE,itaporanga d ajuda
4094,Canindé de São Francisco,SE,SE,caninde de sao francisco
4095,Santo Amaro das Brotas,SE,SE,santo amaro das brotas
4096,Areia Branca,SE,SE,areia branca
4097,Pirambu,SE,SE,pirambu
4098,Japaratuba,SE,SE,japaratuba
4099,Simão Dias,SE,SE,simao dias
4100,Agrestina,PE,PE,agrestina
4101,Brejo Grande,SE,SE,brejo grande
4102,Aracaju,SE,SE,aracaju
4103,Barra dos Coqueiros,SE,SE,barra dos coqueiros
4104,Areia Branca,SE,SE,areia branca
4105,Santana do São Francisco,SE,SE,santana do sao francisco
4106,Lagarto,SE,SE,lagarto
4107,Itaporanga D'Ajuda,SE,SE,itaporanga d ajuda
4108,Condeúbas,BA,BA,condeubas
4109,Itatim,BA,BA,itatim
4110,Elisio Medrado,BA,BA,elisio medrado
4111,São Gonçalo dos Campos,BA,BA,sao goncalo dos campos
4112,Santa Teresinha,BA,BA,santa teresinha
4113,Santa Teresinha,BA,BA,santa teresinha
4114,Carnaúba dos Dantas,RN,RN,carnauba dos dantas
4115,Bananeiras,PB,PB,bananeiras
4116,Antonina,PR,PR,antonina
4117,Itaúba,MT,MT,itauba
4118,Itaúba,MT,MT,itauba
4119,Colíder,MT,MT,colider
4120,Colider,MT,MT,colider
4121,Itaúba,MT,MT,itauba
4122,Itaúba,MT,MT,itauba
4123,Itaúba,MT,MT,itauba
4124,Itaúba,MT,MT,itauba
4125,Itaúba,MT,MT,itauba
4126,Itaúba,MT,MT,itauba
4127,Colíder,MT,MT,colider
4128,Itaúba,MT,MT,itauba
4129,Colíder,MT,MT,colider
4130,Itaúba,MT,MT,itauba
4131,Colider,MT,MT,colider
4132,Colíder,MT,MT,colider
4133,Colider,MT,MT,colider
4134,Nova Canaã do Norte,MT,MT,nova canaa do norte
4135,Nova Canaã do Norte,MT,MT,nova canaa do norte
4136,Nova Canaã do Norte,MT,MT,nova canaa do norte
4137,Itaúba,MT,MT,itauba
4138,Nova Canaã do Norte,MT,MT,nova canaa do norte
4139,Colíder,MT,MT,colider
4140,Itaúba,MT,MT,itauba
4141,Itaúba,MT,MT,itauba
4142,Itaúba,MT,MT,itauba
4143,Colider,MT,MT,colider
4144,Itaúba,MT,MT,itauba
4145,Brasília,DF,DF,brasilia
4146,Morro do Chapéu,BA,BA,morro do chapeu
4147,Morretes,PR,PR,morretes
4148,Palmeira,PR,PR,palmeira
4149,Matelândia,PR,PR,matelandia
4150,Nova Canaã do Norte,MT,MT,nova canaa do norte
4151,Valença,BA,BA,valenca
4152,Varzedo,BA,BA,varzedo
4153,Nova Canaã do Norte,MT,MT,nova canaa do norte
4154,Passa Quatro,MG,MG,passa quatro
4155,Itaúba,MT,MT,itauba
4156,São Bento do Sul,SC,SC,sao bento do sul
4157,Itaúba,MT,MT,itauba
4158,San José de Maipo,,,san jose de maipo
4159,Matelândia,PR,PR,matelandia
4160,Linhares,ES,ES,linhares
4161,Apodi,RN,RN,apodi
4162,Linhares,ES,ES,linhares
4163,Linhares,ES,ES,linhares
4164,Osório,RS,RS,osorio
4165,Analândia,SP,SP,analandia
4166,Caieiras,SP,SP,caieiras
4167,Cambará do Sul,RS,RS,cambara do sul
4168,Pelotas,RS,RS,pelotas
4169,Itaúba,MT,MT,itauba
4170,Aquidauana,MT,MT,aquidauana
4171,Arenápolis,MT,MT,arenapolis
4172,Nova Canaã do Norte,MT,MT,nova canaa do norte
4173,Quixadá,CE,CE,quixada
4174,Itaúba,MT,MT,itauba
4175,Itaúba,MT,MT,itauba
4176,Itaúba,MT,MT,itauba
4177,Celso Ramos,SC,SC,celso ramos
4178,Itaúba,MT,MT,itauba
4179,Jaboticatubas,MG,MG,jaboticatubas
4180,Alto Paraíso de Goiás,GO,GO,alto paraiso de goias
4181,Brasília,DF,DF,brasilia
4182,Itaúba,MT,MT,itauba
4183,Nova Canaã do Norte,MT,MT,nova canaa do norte
4184,Urubici,SC,SC,urubici
4185,Urubici,SC,SC,urubici
4186,Zortéa,SC,SC,zortea
4187,Indaial,SC,SC,indaial
4188,Biguaçu,SC,SC,biguacu
4189,Urubici,SC,SC,urubici
4190,São Bento do Sul,SC,SC,sao bento do sul
4191,Capão Alto,SC,SC,capao alto
4192,Caçador,SC,SC,cacador
4193,Capão Alto,SC,SC,capao alto
4194,Rodeio,SC,SC,rodeio
4195,Santa Terezinha,SC,SC,santa terezinha
4196,Angelina,SC,SC,angelina
4197,Canoinhas,SC,SC,canoinhas
4198,Presidente Nereu,SC,SC,presidente nereu
4199,Leoberto Leal,SC,SC,leoberto leal
4200,Bom Retiro,SC,SC,bom retiro
4201,Luiz Alves,SC,SC,luiz alves
4202,São Bento do Sul,SC,SC,sao bento do sul
4203,Palhoça,SC,SC,palhoca
4204,São Francisco do Sul,SC,SC,sao francisco do sul
4205,Otacílio Costa,SC,SC,otacilio costa
4206,Colombo,PR,PR,colombo
4207,São Joaquim,SC,SC,sao joaquim
4208,São Joaquim,SC,SC,sao joaquim
4209,Morretes,PR,PR,morretes
4210,Monte Castelo,SC,SC,monte castelo
4211,Santo Amaro da Imperatriz,SC,SC,santo amaro da imperatriz
4212,Major Gercino,SC,SC,major gercino
4213,Palhoça,SC,SC,palhoca
4214,Joinville,SC,SC,joinville
4215,Anita Garibaldi,SC,SC,anita garibaldi
4216,São João Batista,SC,SC,sao joao batista
4217,Porto Murtinho,MS,MS,porto murtinho
4218,Ribas do Rio Pardo,MS,MS,ribas do rio pardo
4219,Corumbá,MS,MS,corumba
4220,Costa Rica,MS,MS,costa rica
4221,Jateí,MS,MS,jatei
4222,Costa Rica,MS,MS,costa rica
4223,Alcinópolis,MS,MS,alcinopolis
4224,Paranaguá,PR,PR,paranagua
4225,Campo Mourão,PR,PR,campo mourao
4226,São José dos Pinhais,PR,PR,sao jose dos pinhais
4227,Cocalzinho de Goiás,GO,GO,cocalzinho de goias
4228,Teresópolis,RJ,RJ,teresopolis
4229,Foz do Iguaçu,PR,PR,foz do iguacu
4230,Curitiba,PR,PR,curitiba
4231,Aquidauana,MS,MS,aquidauana
4232,Campo Grande,MS,MS,campo grande
4233,Miranda,MS,MS,miranda
4234,Santa Rita do Pardo,MS,MS,santa rita do pardo
4235,Campo Grande,MS,MS,campo grande
4236,Porto Murtinho,MS,MS,porto murtinho
4237,Porto Murtinho,MS,MS,porto murtinho
4238,Alcinópolis,MS,MS,alcinopolis
4239,Bonito,MS,MS,bonito
4240,Corumbá,MS,MS,corumba
4241,Porto Murtinho,MS,MS,porto murtinho
4242,Corumbá,MS,MS,corumba
4243,Costa Rica,MS,MS,costa rica
4244,Chapadão do Sul,MS,MS,chapadao do sul
4245,Costa Rica,MS,MS,costa rica
4246,Corumbá,MS,MS,corumba
4247,Corumbá,MS,MS,corumba
4248,Corumbá,MS,MS,corumba
4249,Água Clara,MS,MS,agua clara
4250,Selvíria,MS,MS,selviria
4251,Três Lagoas,MS,MS,tres lagoas
4252,Corumbá,MS,MS,corumba
4253,Peabiru,PR,PR,peabiru
4254,Reserva do Iguaçu,PR,PR,reserva do iguacu
4255,Reserva do Iguaçu,PR,PR,reserva do iguacu
4256,Reserva do Iguaçu,PR,PR,reserva do iguacu
4257,Ubatuba,SP,SP,ubatuba
4258,Dois Vizinhos,PR,PR,dois vizinhos
4259,Capitão Leonidas Marques,PR,PR,capitao leonidas marques
4260,Capitão Leonidas Marques,PR,PR,capitao leonidas marques
4261,Capitão Leonidas Marques,PR,PR,capitao leonidas marques
4262,Juína,MT,MT,juina
4263,Capitão Leonidas Marques,PR,PR,capitao leonidas marques
4264,Dois Vizinhos,PR,PR,dois vizinhos
4265,Barracão,PR,PR,barracao
4266,Dois Vizinhos,PR,PR,dois vizinhos
4267,Manfrinópolis,PR,PR,manfrinopolis
4268,São Jorge d'Oeste,PR,PR,sao jorge d oeste
4269,Dois Vizinhos,PR,PR,dois vizinhos
4270,Quedas do Iguaçu,PR,PR,quedas do iguacu
4271,Dois Vizinhos,PR,PR,dois vizinhos
4272,Dois Vizinhos,PR,PR,dois vizinhos
4273,Dois Vizinhos,PR,PR,dois vizinhos
4274,Saudade do Iguaçu,PR,PR,saudade do iguacu
4275,Catanduvas,PR,PR,catanduvas
4276,Boa Esperança do Iguaçu,PR,PR,boa esperanca do iguacu
4277,Boa Esperança do Iguaçu,PR,PR,boa esperanca do iguacu
4278,Dois Vizinhos,PR,PR,dois vizinhos
4279,Dois Vizinhos,PR,PR,dois vizinhos
4280,Capitão Leonidas Marques,PR,PR,capitao leonidas marques
4281,Dois Vizinhos,PR,PR,dois vizinhos
4282,São Jorge d'Oeste,PR,PR,sao jorge d oeste
4283,Marília,SP,SP,marilia
4284,Dois Vizinhos,PR,PR,dois vizinhos
4285,São João,PR,PR,sao joao
4286,Dois Vizinhos,PR,PR,dois vizinhos
4287,Dois Vizinhos,PR,PR,dois vizinhos
4288,Boa Esperança do Iguaçu,PR,PR,boa esperanca do iguacu
4289,Dois Vizinhos,PR,PR,dois vizinhos
4290,São Jorge d'Oeste,PR,PR,sao jorge d oeste
4291,Dois Vizinhos,PR,PR,dois vizinhos
4292,Ipira,SC,SC,ipira
4293,São José do Cedro,SC,SC,sao jose do cedro
4294,Dois Vizinhos,PR,PR,dois vizinhos
4295,Dois Vizinhos,PR,PR,dois vizinhos
4296,Dois Vizinhos,PR,PR,dois vizinhos
4297,Dois Vizinhos,PR,PR,dois vizinhos
4298,Cruzeiro do Iguaçu,PR,PR,cruzeiro do iguacu
4299,Rolândia,PR,PR,rolandia
4300,Dois Vizinhos,PR,PR,dois vizinhos
4301,Londrina,PR,PR,londrina
4302,Cruzeiro do Iguaçu,PR,PR,cruzeiro do iguacu
4303,Pérola do Oeste,PR,PR,perola do oeste
4304,Capitão Leonidas Marques,PR,PR,capitao leonidas marques
4305,Curiúva,PR,PR,curiuva
4306,São Jorge d'Oeste,PR,PR,sao jorge d oeste
4307,Joaquim Murtinho,PR,PR,joaquim murtinho
4308,Dois Vizinhos,PR,PR,dois vizinhos
4309,Dois Vizinhos,PR,PR,dois vizinhos
4310,Cruzeiro do Iguaçu,PR,PR,cruzeiro do iguacu
4311,Dois Vizinhos,PR,PR,dois vizinhos
4312,Dois Vizinhos,PR,PR,dois vizinhos
4313,Dois Vizinhos,PR,PR,dois vizinhos
4314,Londrina,PR,PR,londrina
4315,Capitão Leônidas Marques,PR,PR,capitao leonidas marques
4316,Londrina,PR,PR,londrina
4317,Ortigueira,PR,PR,ortigueira
4318,Quedas do Iguaçu,PR,PR,quedas do iguacu
4319,Antonina,PR,PR,antonina
4320,Itararé,SP,SP,itarare
4321,Curiúva,PR,PR,curiuva
4322,Dois Vizinhos,PR,PR,dois vizinhos
4323,Dois Vizinhos,PR,PR,dois vizinhos
4324,Dois Vizinhos,PR,PR,dois vizinhos
4325,Dois Vizinhos,PR,PR,dois vizinhos
4326,Turvo,PR,PR,turvo
4327,Turvo,PR,PR,turvo
4328,Enéas Marques,PR,PR,eneas marques
4329,Ivaiporã,PR,PR,ivaipora
4330,Dois Vizinhos,PR,PR,dois vizinhos
4331,Quedas do Iguaçu,PR,PR,quedas do iguacu
4332,Catanduvas,PR,PR,catanduvas
4333,Cruzeiro do Iguaçu,PR,PR,cruzeiro do iguacu
4334,Dois Vizinhos,PR,PR,dois vizinhos
4335,Cruzeiro do Iguaçu,PR,PR,cruzeiro do iguacu
4336,Cruzeiro do Iguaçu,PR,PR,cruzeiro do iguacu
4337,Barbosa Ferraz,PR,PR,barbosa ferraz
4338,Nova Londrina,PR,PR,nova londrina
4339,Vila Velha,ES,ES,vila velha
4340,Linhares,ES,ES,linhares
4341,Vitória,ES,ES,vitoria
4342,Presidente Kennedy,ES,ES,presidente kennedy
4343,Mamborê,PR,PR,mambore
4344,Mamborê,PR,PR,mambore
4345,Foz do Iguaçu,PR,PR,foz do iguacu
4346,Cariacica,ES,ES,cariacica
4347,Serra,ES,ES,serra
4348,Anchieta,ES,ES,anchieta
4349,Presidente Kennedy,ES,ES,presidente kennedy
4350,Conceição da Barra,ES,ES,conceicao da barra
4351,Guarapari,ES,ES,guarapari
4352,Anchieta,ES,ES,anchieta
4353,Linhares,ES,ES,linhares
4354,Domingos Martins,ES,ES,domingos martins
4355,Linhares,ES,ES,linhares
4356,Guarapari,ES,ES,guarapari
4357,Guarapari,ES,ES,guarapari
4358,Linhares,ES,ES,linhares
4359,Anchieta,ES,ES,anchieta
4360,Conceição da Barra,ES,ES,conceicao da barra
4361,Conceição da Barra,ES,ES,conceicao da barra
4362,Cachoeiro de Itapemirim,ES,ES,cachoeiro de itapemirim
4363,Serra,ES,ES,serra
4364,Linhares,ES,ES,linhares
4365,Anchieta,ES,ES,anchieta
4366,Linhares,ES,ES,linhares
4367,Vila Velha,ES,ES,vila velha
4368,Vila Velha,ES,ES,vila velha
4369,São Francisco de Paula,RS,RS,sao francisco de paula
4370,Praia Grande,SC,SC,praia grande
4371,Osório,RS,RS,osorio
4372,Caçapava do Sul,RS,RS,cacapava do sul
4373,Jaquirana,RS,RS,jaquirana
4374,Cambará do Sul,RS,RS,cambara do sul
4375,Mostardas,RS,RS,mostardas
4376,Mostardas,RS,RS,mostardas
4377,Caxias do Sul,RS,RS,caxias do sul
4378,Canela,RS,RS,canela
4379,Vacaria,RS,RS,vacaria
4380,Caxias do Sul,RS,RS,caxias do sul
4381,Muitos Capões,RS,RS,muitos capoes
4382,Osório,RS,RS,osorio
4383,Osório,RS,RS,osorio
4384,Osório,RS,RS,osorio
4385,Osório,RS,RS,osorio
4386,Osório,RS,RS,osorio
4387,Osório,RS,RS,osorio
4388,Osório,RS,RS,osorio
4389,Caçapava do Sul,RS,RS,cacapava do sul
4390,Osório,RS,RS,osorio
4391,Osório,RS,RS,osorio
4392,Osório,RS,RS,osorio
4393,Caxias do Sul,RS,RS,caxias do sul
4394,Curitiba,PR,PR,curitiba
4395,São Francisco do Sul,SC,SC,sao francisco do sul
4396,Morretes,PR,PR,morretes
4397,Cristalina,GO,GO,cristalina
4398,Curitiba,PR,PR,curitiba
4399,Chapecó,SC,SC,chapeco
4400,Itapoá,SC,SC,itapoa
4401,Matinhos,PR,PR,matinhos
4402,Antonina,PR,PR,antonina
4403,Curitiba,PR,PR,curitiba
4404,Mafra,SC,SC,mafra
4405,São José dos Pinhais,PR,PR,sao jose dos pinhais
4406,Guaraqueçaba,PR,PR,guaraquecaba
4407,Uberlândia,MG,MG,uberlandia
4408,Uberlândia,MG,MG,uberlandia
4409,Uberaba,MG,MG,uberaba
4410,Toledo,PR,PR,toledo
4411,Ribeirão Grande,SP,SP,ribeirao grande
4412,Barbacena,MG,MG,barbacena
4413,Pontal do Paraná,PR,PR,pontal do parana
4414,Paranaguá,PR,PR,paranagua
4415,Campo Largo,PR,PR,campo largo
4416,Campo do Tenente,PR,PR,campo do tenente
4417,Guaratuba,PR,PR,guaratuba
4418,Matinhos,PR,PR,matinhos
4419,Almirante Tamandaré,PR,PR,almirante tamandare
4420,Piraquara,PR,PR,piraquara
4421,Uberlândia,MG,MG,uberlandia
4422,Uberlândia,MG,MG,uberlandia
4423,Itajaí,SC,SC,itajai
4424,Itapema,SC,SC,itapema
4425,Campo Largo,PR,PR,campo largo
4426,São José dos Pinhais,PR,PR,sao jose dos pinhais
4427,Mafra,SC,SC,mafra
4800,Campina Grande do Sul,PR,PR,campina grande do sul
4429,São Paulo,SP,SP,sao paulo
4430,Salto,SP,SP,salto
4431,São Paulo,SP,SP,sao paulo
4432,São Paulo,SP,SP,sao paulo
4433,Montes Claros de Goiás,GO,GO,montes claros de goias
4434,Campos do Jordão,SP,SP,campos do jordao
4435,Congonhas do Norte,MG,MG,congonhas do norte
4436,São Paulo,SP,SP,sao paulo
4437,Ubatuba,SP,SP,ubatuba
4438,Itirapina,SP,SP,itirapina
4439,Grão Mogol,MG,MG,grao mogol
4440,Santana do Riacho,MG,MG,santana do riacho
4441,Iretama,PR,PR,iretama
4442,Lima Duarte,MG,MG,lima duarte
4443,São Paulo,SP,SP,sao paulo
4444,São Paulo,SP,SP,sao paulo
4445,Limeira,SP,SP,limeira
4446,São Paulo,SP,SP,sao paulo
4447,Morro do Pilar,MG,MG,morro do pilar
4448,Ubatuba,SP,SP,ubatuba
4449,Botucatu,SP,SP,botucatu
4450,São Sebastião,SP,SP,sao sebastiao
4451,Ubatuba,SP,SP,ubatuba
4452,Botucatu,SP,SP,botucatu
4453,Piacatu,SP,SP,piacatu
4454,São Paulo,SP,SP,sao paulo
4455,São Paulo,SP,SP,sao paulo
4456,Mairinque,SP,SP,mairinque
4457,Cotia,SP,SP,cotia
4458,Santana do Riacho,MG,MG,santana do riacho
4459,Bela Vista,MS,MS,bela vista
4460,São Paulo,SP,SP,sao paulo
4461,Tremembé,SP,SP,tremembe
4462,Piracurura,PI,PI,piracurura
4463,Miguel Pereira,RJ,RJ,miguel pereira
4464,Campinas,SP,SP,campinas
4465,São Paulo,SP,SP,sao paulo
4466,Mangaratiba,RJ,RJ,mangaratiba
4467,Socorro,SP,SP,socorro
4468,São Paulo,SP,SP,sao paulo
4469,São Joaquim,SC,SC,sao joaquim
4470,Itirapina,SP,SP,itirapina
4471,Jundiaí,SP,SP,jundiai
4472,Luiziana,PR,PR,luiziana
4473,Jataizinho,PR,PR,jataizinho
4474,Barapuã,SP,SP,barapua
4475,Goioerê,PR,PR,goioere
4476,Bagé,RS,RS,bage
4477,Mandirituba,PR,PR,mandirituba
4478,Garuva,SC,SC,garuva
4479,Água Fria de Goiás,GO,GO,agua fria de goias
4480,Águas Frias,SC,SC,aguas frias
4481,Aquidauana,MS,MS,aquidauana
4482,Várzea da Palma,MG,MG,varzea da palma
4483,Francisco Dumont,MG,MG,francisco dumont
4484,Guaratuba,PR,PR,guaratuba
4485,Alfredo Chaves,ES,ES,alfredo chaves
4486,Primavera,PR,PR,primavera
4487,Iretama,PR,PR,iretama
4488,Nova Londrina,PR,PR,nova londrina
4489,Guaratuba,PR,PR,guaratuba
4490,Guaratuba,PR,PR,guaratuba
4491,Luiziana,PR,PR,luiziana
4492,Guaratuba,PR,PR,guaratuba
4493,Matinhos,PR,PR,matinhos
4494,Jequitaí,MG,MG,jequitai
4495,Correntina,BA,BA,correntina
4496,Tuneiras do Oeste,PR,PR,tuneiras do oeste
4497,São José dos Pinhais,PR,PR,sao jose dos pinhais
4498,Quatro Barras,PR,PR,quatro barras
4499,Tavares,RS,RS,tavares
4500,Itaqui,RS,RS,itaqui
4501,Matinhos,PR,PR,matinhos
4502,Herval d'Oeste,SC,SC,herval d oeste
4503,Capão Bonito,SP,SP,capao bonito
4504,Lima Duarte,MG,MG,lima duarte
4505,Ocosingo - Chiapas,,,ocosingo chiapas
4506,Palmeira,PR,PR,palmeira
4507,Santarém,PA,PA,santarem
4508,Campo Alegre,GO,GO,campo alegre
4509,Tibagi,PR,PR,tibagi
4510,Catalão,GO,GO,catalao
4511,Guaratuba,PR,PR,guaratuba
4512,Porto Murtinho,MS,MS,porto murtinho
4513,São José da Aliança,GO,GO,sao jose da alianca
4514,Porto Seguro,BA,BA,porto seguro
4515,Planaltina,GO,GO,planaltina
4516,Niquelândia,GO,GO,niquelandia
4517,São José do Norte,RS,RS,sao jose do norte
4518,Torres,RS,RS,torres
4519,Barreiras,BA,BA,barreiras
4520,Niquelândia,GO,GO,niquelandia
4521,Guaraqueçaba,PR,PR,guaraquecaba
4522,Bela Vista,MS,MS,bela vista
4523,Bonito,MS,MS,bonito
4524,Bodoquena,MS,MS,bodoquena
4525,Bonito,MS,MS,bonito
4526,Várzea da Palma,MG,MG,varzea da palma
4527,Guaraqueçaba,PR,PR,guaraquecaba
4528,Luziânia,GO,GO,luziania
4529,Bonito,MS,MS,bonito
4530,Bonito,MS,MS,bonito
4531,Caracol,MS,MS,caracol
4532,Guaratuba,PR,PR,guaratuba
4533,Pirenópolis,GO,GO,pirenopolis
4534,Cavalcante,GO,GO,cavalcante
4535,Brasília,DF,DF,brasilia
4536,Jaboticatubas,MG,MG,jaboticatubas
4537,Jaboticatubas,MG,MG,jaboticatubas
4538,Pirenópolis,GO,GO,pirenopolis
4539,São João do Tigre,PB,PB,sao joao do tigre
4540,Catende,PE,PE,catende
4541,Biritiba-Mirim,SP,SP,biritiba mirim
4542,Areia,PB,PB,areia
4543,Areia,PB,PB,areia
4544,Pitanga,PR,PR,pitanga
4545,Boa Vista,PB,PB,boa vista
4546,Taquaritinga do Norte,PE,PE,taquaritinga do norte
4547,São João do Tigre,PB,PB,sao joao do tigre
4548,Maturéia,PB,PB,matureia
4549,Agrestina,PE,PE,agrestina
4550,São João do Cariri,PB,PB,sao joao do cariri
4551,Zabelê,PB,PB,zabele
4552,Barbosa Ferraz,PR,PR,barbosa ferraz
4553,Sengés,PR,PR,senges
4554,Tramandaí,RS,RS,tramandai
4555,Alta Floresta,MT,MT,alta floresta
4556,Jacareacanga,PA,PA,jacareacanga
4557,Urubici,SC,SC,urubici
4558,Corupá,SC,SC,corupa
4559,Linhares,ES,ES,linhares
4560,Guaraqueçaba,PR,PR,guaraquecaba
5105,Florianópolis,SC,SC,florianopolis
4561,Santa Maria Madalena,RJ,RJ,santa maria madalena
4562,Teresópolis,RJ,RJ,teresopolis
4563,Silva Jardim,RJ,RJ,silva jardim
4564,Diamantina,MG,MG,diamantina
4565,Nova Friburgo,RJ,RJ,nova friburgo
4566,Nova Friburgo,RJ,RJ,nova friburgo
4567,Rio Claro,RJ,RJ,rio claro
4568,Silva Jardim,RJ,RJ,silva jardim
4569,Niquelândia,GO,GO,niquelandia
4570,Foz do Iguaçu,PR,PR,foz do iguacu
4571,Diamantina,MG,MG,diamantina
4572,Porto Seguro,BA,BA,porto seguro
4573,Curitiba,PR,PR,curitiba
4574,Morretes,PR,PR,morretes
4575,Tuneiras do Oeste,PR,PR,tuneiras do oeste
4576,Paranaguá,PR,PR,paranagua
4577,Campo do Tenente,PR,PR,campo do tenente
4578,Campo Alegre,SC,SC,campo alegre
4579,Cantagalo,PR,PR,cantagalo
4580,Morretes,PR,PR,morretes
4581,Limeira,SP,SP,limeira
4582,Limeira,SP,SP,limeira
4583,Pedreira,SP,SP,pedreira
4584,Limeira,SP,SP,limeira
4585,Pedreira,SP,SP,pedreira
4586,Chopinzinho,PR,PR,chopinzinho
4587,Francisco Beltrão,PR,PR,francisco beltrao
4588,Piraí do Sul,PR,PR,pirai do sul
4589,Turvo,PR,PR,turvo
4590,Guaratuba,PR,PR,guaratuba
4591,Mocambinho,MG,MG,mocambinho
4592,Bom Retiro,SC,SC,bom retiro
4593,Reserva,PR,PR,reserva
4594,Morretes,PR,PR,morretes
4595,Limeira,SP,SP,limeira
4596,Castro,PR,PR,castro
4597,Agudos do Sul,PR,PR,agudos do sul
4598,Enéas Marques,PR,PR,eneas marques
4599,Cajati,SP,SP,cajati
4600,Itaúba,MT,MT,itauba
4601,Pranchita,PR,PR,pranchita
4602,Tunas do Paraná,PR,PR,tunas do parana
4603,Rio Branco do Sul,PR,PR,rio branco do sul
4604,Planalto,PR,PR,planalto
4605,Turvo,PR,PR,turvo
4606,Curitiba,PR,PR,curitiba
4607,Piraí do Sul,PR,PR,pirai do sul
4608,Renascença,PR,PR,renascenca
4609,Carambeí,PR,PR,carambei
4610,Rio Negro,PR,PR,rio negro
4611,Sengés,PR,PR,senges
4612,Chopinzinho,PR,PR,chopinzinho
4613,Rio Branco do Sul,PR,PR,rio branco do sul
4614,Tijucas do Sul,PR,PR,tijucas do sul
4615,Porto Murtinho,MS,MS,porto murtinho
4616,Milagres,BA,BA,milagres
4617,Una,BA,BA,una
4618,Cerro Azul,PR,PR,cerro azul
4619,"Tucumán, Tafi del Valle",,,tucuman tafi del valle
4620,Corumbá,MS,MS,corumba
4621,Perdizes,MG,MG,perdizes
4622,Licínio de Almeida,BA,BA,licinio de almeida
4623,Tapes,RS,RS,tapes
4624,Rio de Contas,BA,BA,rio de contas
4625,Itaqui,RS,RS,itaqui
4626,Adrianópolis,PR,PR,adrianopolis
4627,Morretes,PR,PR,morretes
4628,Morretes,PR,PR,morretes
4629,Morretes,PR,PR,morretes
4630,Adrianópolis,PR,PR,adrianopolis
4631,Quatro Barras,PR,PR,quatro barras
4632,Morretes,PR,PR,morretes
4633,"Coatepec, Veracruz",,,coatepec veracruz
4634,Itaúba,MT,MT,itauba
4635,Reserva,PR,PR,reserva
4636,Nova Tebas,PR,PR,nova tebas
4637,Bocaiúva do Sul,PR,PR,bocaiuva do sul
4638,Adrianópolis,PR,PR,adrianopolis
4639,Anápolis,GO,GO,anapolis
4640,Jaguariaíva,PR,PR,jaguariaiva
4641,Guaraqueçaba,PR,PR,guaraquecaba
4642,Bocaiúva do Sul,PR,PR,bocaiuva do sul
4643,Mucugê,BA,BA,mucuge
4644,Ponta Porã,MS,MS,ponta pora
4645,Perdizes,MG,MG,perdizes
4646,Corumbá,MS,MS,corumba
4647,Pontal do Paraná,PR,PR,pontal do parana
4648,Guaraqueçaba,PR,PR,guaraquecaba
4649,Dores do Indaiá,MG,MG,dores do indaia
4650,Jaboticatubas,MG,MG,jaboticatubas
4651,São João d'Aliança,GO,GO,sao joao d alianca
4652,Corumbá,MT,MT,corumba
4653,Curitiba,PR,PR,curitiba
4654,Foz do Jordão,PR,PR,foz do jordao
4655,Capanema,PR,PR,capanema
4656,Pinhais,PR,PR,pinhais
4657,São Carlos,SP,SP,sao carlos
4658,Corumbá,MT,MT,corumba
4659,Ribeirão Grande,SP,SP,ribeirao grande
4660,Benedito Novo,SC,SC,benedito novo
4661,Pocinhos do Rio Verde,MG,MG,pocinhos do rio verde
4662,Tapes,RS,RS,tapes
4663,Lapônia,,,laponia
4664,Tibagi,PR,PR,tibagi
4665,Quatro Barras,PR,PR,quatro barras
4666,Morretes,PR,PR,morretes
4667,Curitiba,PR,PR,curitiba
4668,Morretes,PR,PR,morretes
4669,Baependi,MG,MG,baependi
4670,Rio Claro,SP,SP,rio claro
4671,Campo Magro,PR,PR,campo magro
4672,Piên,PR,PR,pien
4673,Joinville,SC,SC,joinville
4674,Joinville,SC,SC,joinville
4675,Paranaíta,MT,MT,paranaita
4676,Antonina,PR,PR,antonina
4677,Tunas do Paraná,PR,PR,tunas do parana
4678,Osório,RS,RS,osorio
4679,São Francisco do Sul,SC,SC,sao francisco do sul
4680,Miranda,MS,MS,miranda
4681,Mundo Novo,MS,MS,mundo novo
4682,Rio Verde de Mato Grosso,MS,MS,rio verde de mato grosso
4683,Uberaba,MG,MG,uberaba
4684,Pato Branco,PR,PR,pato branco
4685,Barracão,PR,PR,barracao
4686,Antonina,PR,PR,antonina
4687,Ponte Alta do Tocantins,TO,TO,ponte alta do tocantins
4688,Cantagalo,PR,PR,cantagalo
4689,Ortigueira,PR,PR,ortigueira
4690,Santa Vitória do Palmar,RS,RS,santa vitoria do palmar
4691,Capitão Leônidas Marques,PR,PR,capitao leonidas marques
4692,Nioaque,MS,MS,nioaque
4693,Joaquim Felício,MG,MG,joaquim felicio
4694,Macaúbas,BA,BA,macaubas
4695,Bonito,MS,MS,bonito
4696,Milagres,BA,BA,milagres
4697,Joaquim Felício,MG,MG,joaquim felicio
4698,Poções,BA,BA,pocoes
4699,Joaquim Felício,MG,MG,joaquim felicio
4700,Janaúba,MG,MG,janauba
4701,Conde,BA,BA,conde
4702,Guaraqueçaba,PR,PR,guaraquecaba
4703,Aratuípe,BA,BA,aratuipe
4704,Iaçu,BA,BA,iacu
4705,Ilhéus,BA,BA,ilheus
4706,Pinheiro Machado,RS,RS,pinheiro machado
4707,Montes Claros,MG,MG,montes claros
4708,Cerro Azul,PR,PR,cerro azul
4709,Morretes,PR,PR,morretes
4710,Palmares do Sul,RS,RS,palmares do sul
4711,Chuí,RS,RS,chui
4712,Matelândia,PR,PR,matelandia
4713,Pindaí,BA,BA,pindai
4714,Macaúbas,BA,BA,macaubas
4715,Paranaíta,MT,MT,paranaita
4716,Antonina,PR,PR,antonina
4717,Cerro Azul,PR,PR,cerro azul
4718,Curitiba,PR,PR,curitiba
4719,Ponta Grossa,PR,PR,ponta grossa
4720,Ituberá,BA,BA,itubera
4721,Capitão Enéas,MG,MG,capitao eneas
4722,Conceição da Barra,ES,ES,conceicao da barra
4723,Pontes e Lacerda,MT,MT,pontes e lacerda
4724,Ilhéus,BA,BA,ilheus
4725,Joaquim Felício,MG,MG,joaquim felicio
4726,Bom Jesus da Lapa,BA,BA,bom jesus da lapa
4727,Barra do Bugres,MT,MT,barra do bugres
4728,Cambará do Sul,RS,RS,cambara do sul
4729,Barra do Bugres,MT,MT,barra do bugres
4730,São José do Norte,RS,RS,sao jose do norte
4731,Janaúba,MG,MG,janauba
4732,Grão Mogol,MG,MG,grao mogol
4733,Morro do Chapéu,BA,BA,morro do chapeu
4734,Rio Brilhante,MS,MS,rio brilhante
4735,Carinhanha,BA,BA,carinhanha
4736,"Waitemata County, North Island",,,waitemata county north island
4737,Nova Bandeirantes,MT,MT,nova bandeirantes
4738,Ponta Grossa,PR,PR,ponta grossa
4739,Osório,RS,RS,osorio
4740,Cianorte,PR,PR,cianorte
4741,Candói,PR,PR,candoi
4742,Colíder,MT,MT,colider
4743,Caldas Novas,GO,GO,caldas novas
4744,Grão Mogol,MG,MG,grao mogol
4745,Sonora,MS,MS,sonora
4746,Correntina,BA,BA,correntina
4747,Porto Murtinho,MS,MS,porto murtinho
4748,Alto Paraíso de Goiás,GO,GO,alto paraiso de goias
4749,Anápolis,GO,GO,anapolis
4750,Itaobim,MG,MG,itaobim
4751,Erlangen - Baviera,,,erlangen baviera
4752,Depto de Santa Bárbara-Prov. de Jujuy,,,depto de santa barbara prov de jujuy
4753,Curitiba,PR,PR,curitiba
4754,Lapa,PR,PR,lapa
4755,Morro do Chapéu,BA,BA,morro do chapeu
4756,Jataí,GO,GO,jatai
4757,Guarapuava,PR,PR,guarapuava
4758,Campina Grande do Sul,PR,PR,campina grande do sul
4759,Manfrinópolis,PR,PR,manfrinopolis
4760,Guarapuava,PR,PR,guarapuava
4761,Quitandinha,PR,PR,quitandinha
4762,Castro,PR,PR,castro
4763,Capitão Poço,PA,PA,capitao poco
4764,Tijucas do Sul,PR,PR,tijucas do sul
4765,Bataguassu,MS,MS,bataguassu
4766,Mucuri,BA,BA,mucuri
4767,Tupiratins,TO,TO,tupiratins
4768,Tibagi,PR,PR,tibagi
4769,Guaratuba,PR,PR,guaratuba
4770,Nova Viçosa,BA,BA,nova vicosa
4771,Rondonópolis,MT,MT,rondonopolis
4772,Porto Murtinho,MS,MS,porto murtinho
4773,Ciudad del Carmen-Campeche,,,ciudad del carmen campeche
4774,Piraquara,PR,PR,piraquara
4775,Manhuaçu,MG,MG,manhuacu
4776,Palmas,PR,PR,palmas
4777,Prescott - Yavapai County,,,prescott yavapai county
4778,São José dos Pinhais,PR,PR,sao jose dos pinhais
4779,Brasília,DF,DF,brasilia
4780,"Córdoba, Dep. Capital, Ciudad de Córdoba",,,cordoba dep capital ciudad de cordoba
4781,"Niederösterreich, Hainburger Berge",,,niederosterreich hainburger berge
4782,Cantagalo,PR,PR,cantagalo
4783,"Colon, Entre Rios",,,colon entre rios
4784,Al Hauoz,,,al hauoz
4785,Calakmul - Campeche,,,calakmul campeche
4786,Felício dos Santos,MG,MG,felicio dos santos
4787,Manaus,AM,AM,manaus
4788,Adrianópolis,PR,PR,adrianopolis
4789,Guarantã do Norte,MT,MT,guaranta do norte
4790,Chapada dos Guimarães,MT,MT,chapada dos guimaraes
4791,Palmas,PR,PR,palmas
4792,Macaíba,RN,RN,macaiba
4793,Pontal do Paraná,PR,PR,pontal do parana
4794,Guarapuava,PR,PR,guarapuava
4795,Três Lagoas,MS,MS,tres lagoas
4796,José Maria Morelos - Quintana Roo,,,jose maria morelos quintana roo
4797,Calakmul - Campeche,,,calakmul campeche
4798,Terra Rica,PR,PR,terra rica
4799,Mandirituba,PR,PR,mandirituba
4801,Jundiaí do Sul,PR,PR,jundiai do sul
4802,Alto Paraíso de Goiás,GO,GO,alto paraiso de goias
4803,Alta Floresta,MT,MT,alta floresta
4804,São Francisco do Sul,SC,SC,sao francisco do sul
4805,Guaraqueçaba,PR,PR,guaraquecaba
4806,Paranaíta,MT,MT,paranaita
4807,Departamento La Paz/ Província Murillo,,,departamento la paz provincia murillo
4808,Colíder,MT,MT,colider
4809,Alta Floresta,MT,MT,alta floresta
4810,Palmas,PR,PR,palmas
4811,Coxim,MS,MS,coxim
4812,Uberlândia,MG,MG,uberlandia
4815,Morungaba,SP,SP,morungaba
4814,Céu Azul,PR,PR,ceu azul
4816,Morretes,PR,PR,morretes
4817,Jacareacanga,PA,PA,jacareacanga
4818,São Francisco do Sul,SC,SC,sao francisco do sul
4819,Alta Floresta,MT,MT,alta floresta
4820,Alta Floresta,MT,MT,alta floresta
4821,Lapa,PR,PR,lapa
4822,Nova Friburgo,RJ,RJ,nova friburgo
4823,Tibagi,PR,PR,tibagi
4824,Alta Floresta,MT,MT,alta floresta
4825,Nova Andradina,MS,MS,nova andradina
4826,Matozinhos,MG,MG,matozinhos
4827,Piumhi,MG,MG,piumhi
4828,Foz do Iguaçu,PR,PR,foz do iguacu
4829,Laguna,SC,SC,laguna
4830,Lauro Muller,SC,SC,lauro muller
4831,Bom Jesus,RS,RS,bom jesus
4832,Morretes,PR,PR,morretes
4833,Imbaú,PR,PR,imbau
4834,Resende,RJ,RJ,resende
4835,Peixe-Boi,PA,PA,peixe boi
4836,Umuarama,PR,PR,umuarama
4837,Candói,PR,PR,candoi
4838,Paranaguá,PR,PR,paranagua
4839,Bocaiúva do Sul,PR,PR,bocaiuva do sul
4840,Tijucas do Sul,PR,PR,tijucas do sul
4841,Curitiba,PR,PR,curitiba
4842,"Departamento Punilla, Córdoba",,,departamento punilla cordoba
4843,Navarro County,,,navarro county
4844,San Matín Peras,,,san matin peras
4845,Cândido de Abreu,PR,PR,candido de abreu
4846,Cândido de Abreu,PR,PR,candido de abreu
4847,Arapoti,PR,PR,arapoti
4848,Pitanga,PR,PR,pitanga
4849,Depto Candelária/ Provincia Misiones,,,depto candelaria provincia misiones
4850,Ponte Alta do Tocantins,TO,TO,ponte alta do tocantins
4851,Santa Teresa,ES,ES,santa teresa
4852,São Paulo,SP,SP,sao paulo
4853,Santa Maria do Salto,MG,MG,santa maria do salto
4854,Corumbá,MS,MS,corumba
4855,Sant'Ana do Livramento,RS,RS,sant ana do livramento
4856,Capão do Leão,RS,RS,capao do leao
4857,Pelotas,RS,RS,pelotas
4858,Brusque,SC,SC,brusque
4859,Prudentópolis,PR,PR,prudentopolis
4860,Presidio County/Lajitas Canyon,,,presidio county lajitas canyon
4861,Areias,SP,SP,areias
4862,Castelo,ES,ES,castelo
4863,Vidal Ramos,SC,SC,vidal ramos
4864,Jaguariaíva,PR,PR,jaguariaiva
4865,Arizona - Maricopa County,,,arizona maricopa county
4866,Jujuy/ Departamento Ledesma,,,jujuy departamento ledesma
4867,Porto Murtinho,MS,MS,porto murtinho
4868,Joaquim Felício,MG,MG,joaquim felicio
4869,Anastácio,MS,MS,anastacio
4870,Província Corrientes/Depto Mburucuyá,,,provincia corrientes depto mburucuya
4871,São José dos Pinhais,PR,PR,sao jose dos pinhais
4872,Piraquara,PR,PR,piraquara
4873,Conceição do Tocantins,TO,TO,conceicao do tocantins
4874,Província de Salta/Depto de Caldera,,,provincia de salta depto de caldera
4875,Joaquim Felício,MG,MG,joaquim felicio
4876,Vila Bela da Santíssima Trindade,MT,MT,vila bela da santissima trindade
4877,Chapada dos Guimarães,MT,MT,chapada dos guimaraes
4878,Castelo,ES,ES,castelo
4879,General Carneiro,PR,PR,general carneiro
4880,Foz do Iguaçu,PR,PR,foz do iguacu
4881,Foz do Iguaçu,PR,PR,foz do iguacu
4882,Guaíra,PR,PR,guaira
4883,Foz do Iguaçu,PR,PR,foz do iguacu
4884,Mercedes,PR,PR,mercedes
4885,Foz do Iguaçu,PR,PR,foz do iguacu
4886,Foz do Iguaçu,PR,PR,foz do iguacu
4887,Foz do Iguaçu,PR,PR,foz do iguacu
4888,Foz do Iguaçu,PR,PR,foz do iguacu
4889,Foz do Iguaçu,PR,PR,foz do iguacu
4890,Foz do Iguaçu,PR,PR,foz do iguacu
4891,Foz do Iguaçu,PR,PR,foz do iguacu
4892,Foz do Iguaçu,PR,PR,foz do iguacu
4893,Guatambú,SC,SC,guatambu
4894,Foz do Iguaçu,PR,PR,foz do iguacu
4895,Foz do Iguaçu,PR,PR,foz do iguacu
4896,Guaíra,PR,PR,guaira
4897,Foz do Iguaçu,PR,PR,foz do iguacu
4898,Foz do Iguaçu,PR,PR,foz do iguacu
4899,Foz do Iguaçu,PR,PR,foz do iguacu
4900,Alto Paraná-Hernandarias,,,alto parana hernandarias
4901,Foz do Iguaçu,PR,PR,foz do iguacu
4902,Alto Paraná-Hernandarias,,,alto parana hernandarias
4903,Foz do Iguaçu,PR,PR,foz do iguacu
4904,Foz do Iguaçu,PR,PR,foz do iguacu
4905,Matelândia,PR,PR,matelandia
4906,Santa Helena,PR,PR,santa helena
4907,Foz do Iguaçu,PR,PR,foz do iguacu
4908,Maracaju,MS,MS,maracaju
4909,Foz do Iguaçu,PR,PR,foz do iguacu
4910,Santa Terezinha de Itaipu,PR,PR,santa terezinha de itaipu
4911,Concepción-Concepción,,,concepcion concepcion
4912,Guaíra,PR,PR,guaira
4913,Foz do Iguaçu,PR,PR,foz do iguacu
4914,Foz do Iguaçu,PR,PR,foz do iguacu
4915,Foz do Iguaçu,PR,PR,foz do iguacu
4916,Foz do Iguaçu,PR,PR,foz do iguacu
4917,Canindeyú-Salto del Guairá,,,canindeyu salto del guaira
4918,Foz do Iguaçu,PR,PR,foz do iguacu
4919,Foz do Iguaçu,PR,PR,foz do iguacu
4920,Cascavel,PR,PR,cascavel
4921,Santa Terezinha de Itaipu,PR,PR,santa terezinha de itaipu
4922,Foz do Iguaçu,PR,PR,foz do iguacu
4923,Foz do Iguaçu,PR,PR,foz do iguacu
4924,Leblon Régis,SC,SC,leblon regis
4925,Rio Bonito do Iguaçu,PR,PR,rio bonito do iguacu
4926,Foz do Iguaçu,PR,PR,foz do iguacu
4927,Marechal Cândido Rondon,PR,PR,marechal candido rondon
4928,,PR,PR,
4929,Foz do Iguaçu,PR,PR,foz do iguacu
4930,Foz do Iguaçu,PR,PR,foz do iguacu
4931,Foz do Iguaçu,PR,PR,foz do iguacu
4932,"Canindeyú, Salto de Guairá",,,canindeyu salto de guaira
4933,Foz do Iguaçu,PR,PR,foz do iguacu
4934,Foz do Iguaçu,PR,PR,foz do iguacu
4935,Foz do Iguaçu,PR,PR,foz do iguacu
4936,Matelândia,PR,PR,matelandia
4937,Foz do Iguaçu,PR,PR,foz do iguacu
4938,Marechal Cândido Rondon,PR,PR,marechal candido rondon
4939,Foz do Iguaçu,PR,PR,foz do iguacu
4940,Foz do Iguaçu,PR,PR,foz do iguacu
4941,Foz do Iguaçu,PR,PR,foz do iguacu
4942,Osório,RS,RS,osorio
4943,Caxias do Sul,RS,RS,caxias do sul
4944,Mostardas,RS,RS,mostardas
4945,Osório,RS,RS,osorio
4946,Osório,RS,RS,osorio
4947,Osório,RS,RS,osorio
4948,Quilombo,SC,SC,quilombo
4949,Santo Antônio da Patrulha,RS,RS,santo antonio da patrulha
4950,Osório,RS,RS,osorio
4951,São Francisco de Paula,RS,RS,sao francisco de paula
4952,Irati,PR,PR,irati
4953,Caxias do Sul,RS,RS,caxias do sul
4954,São Joaquim,SC,SC,sao joaquim
4955,Iretama,PR,PR,iretama
4956,Caxias do Sul,RS,RS,caxias do sul
4957,Bom Jesus,RS,RS,bom jesus
4958,Santa Tereza,RS,RS,santa tereza
4959,Candiota,RS,RS,candiota
4960,Cáceres,MT,MT,caceres
4961,Tavares,RS,RS,tavares
4962,Cáceres,MT,MT,caceres
4963,Osório,RS,RS,osorio
4964,Osório,RS,RS,osorio
4965,Piratini,RS,RS,piratini
4966,Vacaria,RS,RS,vacaria
4967,Derrubadas,RS,RS,derrubadas
4968,Candiota,RS,RS,candiota
4969,Osório,RS,RS,osorio
4970,Osório,RS,RS,osorio
4971,Cambará do Sul,RS,RS,cambara do sul
4972,São Marcos,RS,RS,sao marcos
4973,Cambará do Sul,RS,RS,cambara do sul
4974,Mostardas,RS,RS,mostardas
4975,Canguçu,RS,RS,cangucu
4976,Bom Jesus,RS,RS,bom jesus
4977,São José do Norte,RS,RS,sao jose do norte
4978,São Francisco de Paula,RS,RS,sao francisco de paula
4979,Caxias do Sul,RS,RS,caxias do sul
4980,Quevedos,RS,RS,quevedos
4981,Cambará do Sul,RS,RS,cambara do sul
4982,Balneário Pinhal,RS,RS,balneario pinhal
4983,São Francisco de Paula,RS,RS,sao francisco de paula
4984,Gramado,RS,RS,gramado
4985,Caxias do Sul,RS,RS,caxias do sul
4986,Santa Vitória do Palmar,RS,RS,santa vitoria do palmar
4987,Cambará do Sul,RS,RS,cambara do sul
4988,São Marcos,RS,RS,sao marcos
4989,Arroio dos Ratos,RS,RS,arroio dos ratos
4990,Osório,RS,RS,osorio
4991,Cambará do Sul,RS,RS,cambara do sul
4992,São Francisco de Assis,RS,RS,sao francisco de assis
4993,São Francisco de Paula,RS,RS,sao francisco de paula
4994,Três Passos,RS,RS,tres passos
4995,Osório,RS,RS,osorio
4996,Itatim,BA,BA,itatim
4997,Carira,SE,SE,carira
4998,Ruy Barbosa,BA,BA,ruy barbosa
4999,Ruy Barbosa,BA,BA,ruy barbosa
5000,Morro do Chapéu,BA,BA,morro do chapeu
5001,Areia,PB,PB,areia
5002,Maravilha,AL,AL,maravilha
5003,Ruy Barbosa,BA,BA,ruy barbosa
5004,Pinhão,SE,SE,pinhao
5005,Pinhão,SE,SE,pinhao
5006,Simão Dias,SE,SE,simao dias
5007,Juazeiro,BA,BA,juazeiro
5008,Panelas,PE,PE,panelas
5009,Morro do Chapéu,BA,BA,morro do chapeu
5010,São José da Laje,AL,AL,sao jose da laje
5011,Maravilha,AL,AL,maravilha
5012,Vitória da Conquista,BA,BA,vitoria da conquista
5013,Milagres,BA,BA,milagres
5014,Campo Mourão,PR,PR,campo mourao
5015,Nísia Floresta,RN,RN,nisia floresta
5016,São José do Mipibú,RN,RN,sao jose do mipibu
5017,São José do Mipibú,RN,RN,sao jose do mipibu
5018,Nísia Floresta,RN,RN,nisia floresta
5019,Paulista,PE,PE,paulista
5020,Linhares,ES,ES,linhares
5021,Santa Teresa,ES,ES,santa teresa
5022,Pombos,PE,PE,pombos
5023,Goiana,PE,PE,goiana
5024,Rio de Janeiro,RJ,RJ,rio de janeiro
5025,Belo Jardim,PE,PE,belo jardim
5026,Bezerros,PE,PE,bezerros
5027,Sirinhaém,PE,PE,sirinhaem
5028,Cabo de Santo Agostinho,PE,PE,cabo de santo agostinho
5029,Igarassu,PE,PE,igarassu
5030,Caracaraí,RR,RR,caracarai
5031,Amajari,RR,RR,amajari
5032,Quebrangulo,AL,AL,quebrangulo
5033,Agrestina,PE,PE,agrestina
5034,Bezerros,PE,PE,bezerros
5035,Amargosa,BA,BA,amargosa
5036,Areia Branca,SE,SE,areia branca
5037,Bezerros,PE,PE,bezerros
5038,Bonito,PE,PE,bonito
5039,Maranguape,CE,CE,maranguape
5040,Guaramiranga,CE,CE,guaramiranga
5041,Areia Branca,SE,SE,areia branca
5042,Maringá,PR,PR,maringa
5043,Maringá,PR,PR,maringa
5044,Maringá,PR,PR,maringa
5045,Maringá,PR,PR,maringa
5046,Maringá,PR,PR,maringa
5047,Maringá,PR,PR,maringa
5048,Maringá,PR,PR,maringa
5049,Maringá,PR,PR,maringa
5050,Maringá,PR,PR,maringa
5051,Maringá,PR,PR,maringa
5052,Maringá,PR,PR,maringa
5053,Três Lagoas,MS,MS,tres lagoas
5054,Campo Mourão,PR,PR,campo mourao
5055,Nova Cantu,PR,PR,nova cantu
5056,São Vicente do Sul,RS,RS,sao vicente do sul
5057,São Vicente do Sul,RS,RS,sao vicente do sul
5058,Dona Francisca,RS,RS,dona francisca
5059,São Pedro do Sul,RS,RS,sao pedro do sul
5060,Bagé,RS,RS,bage
5061,São Vicente do Sul,RS,RS,sao vicente do sul
5062,Dona Francisca,RS,RS,dona francisca
5063,Santiago,RS,RS,santiago
5064,Cambé,PR,PR,cambe
5065,Maringá,PR,PR,maringa
5066,Maringá,PR,PR,maringa
5067,Pinhão,PR,PR,pinhao
5068,Maringá,PR,PR,maringa
5069,Diamante do Norte,PR,PR,diamante do norte
5070,Pinhão,PR,PR,pinhao
5071,Maringá,PR,PR,maringa
5072,Cianorte,PR,PR,cianorte
5073,Faxinal,PR,PR,faxinal
5074,Sacramento,MG,MG,sacramento
5075,Maringá,PR,PR,maringa
5076,Pinhão,PR,PR,pinhao
5077,Maringá,PR,PR,maringa
5078,Diamante do Norte,PR,PR,diamante do norte
5079,Diamante do Norte,PR,PR,diamante do norte
5080,Maringá,PR,PR,maringa
5081,Diamante do Norte,PR,PR,diamante do norte
5082,Diamante do Norte,PR,PR,diamante do norte
5083,Diamantina,MG,MG,diamantina
5084,Maringá,PR,PR,maringa
5085,Maringá,PR,PR,maringa
5086,Cianorte,PR,PR,cianorte
5087,Faxinal,PR,PR,faxinal
5088,Diamante do Norte,PR,PR,diamante do norte
5089,Rio de Janeiro,RJ,RJ,rio de janeiro
5090,Belo Vale,MG,MG,belo vale
5091,Santana do Riacho,MG,MG,santana do riacho
5632,Cambará do Sul,RS,RS,cambara do sul
5093,Florianópolis,SC,SC,florianopolis
5094,Belo Horizonte,MG,MG,belo horizonte
5095,Mangaratiba,RJ,RJ,mangaratiba
5096,Florianópolis,SC,SC,florianopolis
5097,Santana do Riacho,MG,MG,santana do riacho
5098,Santana do Riacho,MG,MG,santana do riacho
5099,Caeté,MG,MG,caete
5100,Rio de Janeiro,RJ,RJ,rio de janeiro
5101,Teresópolis,RJ,RJ,teresopolis
5102,Vitória,ES,ES,vitoria
5103,Guapimirim,RJ,RJ,guapimirim
5104,Rio de Janeiro,RJ,RJ,rio de janeiro
5106,Nova Friburgo,RJ,RJ,nova friburgo
5107,Nova Friburgo,RJ,RJ,nova friburgo
5108,Mimoso do Sul,ES,ES,mimoso do sul
5109,Campos do Jordão,SP,SP,campos do jordao
5110,Resende,RJ,RJ,resende
5111,Rio de Janeiro,RJ,RJ,rio de janeiro
5112,Teresópolis,RJ,RJ,teresopolis
5113,São José do Vale do Rio Preto,RJ,RJ,sao jose do vale do rio preto
5114,Nova Friburgo,RJ,RJ,nova friburgo
5115,Maricá,RJ,RJ,marica
5116,Nova Friburgo,RJ,RJ,nova friburgo
5117,São José do Vale do Rio Preto,RJ,RJ,sao jose do vale do rio preto
5118,Maricá,RJ,RJ,marica
5119,Itatiaia,RJ,RJ,itatiaia
5120,Duas Barras,RJ,RJ,duas barras
5121,Rio de Janeiro,RJ,RJ,rio de janeiro
5122,Santana do Riacho,MG,MG,santana do riacho
5123,Rio de Janeiro,RJ,RJ,rio de janeiro
5124,Angra dos Reis,RJ,RJ,angra dos reis
5125,Cabo Frio,RJ,RJ,cabo frio
5126,Canelinha,SC,SC,canelinha
5127,Brusque,SC,SC,brusque
5128,São Bonifácio,SC,SC,sao bonifacio
5129,Morro Grande,SC,SC,morro grande
5130,Águas Mornas,SC,SC,aguas mornas
5131,Itatiaia,RJ,RJ,itatiaia
5132,Morro do Chapéu,BA,BA,morro do chapeu
5133,Florianópolis,SC,SC,florianopolis
5134,Laguna,SC,SC,laguna
5135,Florianópolis,SC,SC,florianopolis
5136,Rio de Janeiro,RJ,RJ,rio de janeiro
5137,Rio de Janeiro,RJ,RJ,rio de janeiro
5138,Campina Verde,GO,GO,campina verde
5139,Igarassu,PE,PE,igarassu
5140,Maceió,AL,AL,maceio
5141,Jaqueira,PE,PE,jaqueira
5142,Jaqueira,PE,PE,jaqueira
5143,Recife,PE,PE,recife
5144,Maturéia,PB,PB,matureia
5145,Areia,PB,PB,areia
5146,Areia,PB,PB,areia
5147,Corupá,SC,SC,corupa
5148,Joinville,SC,SC,joinville
5149,Jaqueira,PE,PE,jaqueira
5150,Baía Formosa,RN,RN,baia formosa
5151,Jaqueira,PE,PE,jaqueira
5152,Maceió,AL,AL,maceio
5153,Jaqueira,PE,PE,jaqueira
5154,Quebrangulo,AL,AL,quebrangulo
5155,João Pessoa,PB,PB,joao pessoa
5156,Quebrangulo,AL,AL,quebrangulo
5157,Quebrangulo,AL,AL,quebrangulo
5158,Mataraca,PB,PB,mataraca
5159,Jaqueira,PE,PE,jaqueira
5160,Santa Rita,PB,PB,santa rita
5161,Pilar,AL,AL,pilar
5162,Florianópolis,SC,SC,florianopolis
5163,Anita Garibaldi,SC,SC,anita garibaldi
5164,João Pessoa,PB,PB,joao pessoa
5165,João Pessoa,PB,PB,joao pessoa
5166,Jaqueira,PE,PE,jaqueira
5167,Jaqueira,PE,PE,jaqueira
5168,Maceió,AL,AL,maceio
5169,Santa Rita,PB,PB,santa rita
5170,Conde,PB,PB,conde
5171,Cruz do Espírito Santo,PB,PB,cruz do espirito santo
5172,Porto Belo,SC,SC,porto belo
5173,Capinzal,SC,SC,capinzal
5174,Turvo,SC,SC,turvo
5175,Igarassu,PE,PE,igarassu
5176,Praia Grande,SC,SC,praia grande
5177,Otacílio Costa,SC,SC,otacilio costa
5178,Rio Fortuna,SC,SC,rio fortuna
5179,Itapoá,SC,SC,itapoa
5180,Biguaçu,SC,SC,biguacu
5181,São João do Itaperiú,SC,SC,sao joao do itaperiu
5182,Coronel Domingos Soares,PR,PR,coronel domingos soares
5183,Itambé,PR,PR,itambe
5184,Quatro Barras,PR,PR,quatro barras
5185,Florianópolis,SC,SC,florianopolis
5186,Itapema,SC,SC,itapema
5187,Departamento San Cosme Prov. Corrientes,,,departamento san cosme prov corrientes
5188,Rio de Janeiro,RJ,RJ,rio de janeiro
5189,Tefé,AM,AM,tefe
5190,,,,
5191,Governador Valadares,MG,MG,governador valadares
5192,Sobrália,MG,MG,sobralia
5193,Santa Cruz do Escalvado,MG,MG,santa cruz do escalvado
5194,Bom Jesus do Galho,MG,MG,bom jesus do galho
5195,Caratinga,MG,MG,caratinga
5196,Mariana,MG,MG,mariana
5197,Mariana,MG,MG,mariana
5198,São José do Goiabal,MG,MG,sao jose do goiabal
5199,Itueta,MG,MG,itueta
5200,Barra Longa,MG,MG,barra longa
5201,Marilândia,ES,ES,marilandia
5202,Conselheiro Pena,MG,MG,conselheiro pena
5203,Rio de Janeiro,RJ,RJ,rio de janeiro
5204,Morretes,PR,PR,morretes
5205,Januária,MG,MG,januaria
5206,Sombrio,SC,SC,sombrio
5207,Palmas,PR,PR,palmas
5208,Cristália,MG,MG,cristalia
5209,Iguatemi,MS,MS,iguatemi
5210,Província de Magallanes,,,provincia de magallanes
5211,Governador Valadares,MG,MG,governador valadares
5212,Sengés,PR,PR,senges
5213,Rio Casca,MG,MG,rio casca
5214,Jaguariaíva,PR,PR,jaguariaiva
5215,Santana do Riacho,MG,MG,santana do riacho
5216,Diamantina,MG,MG,diamantina
5217,Jaguariaíva,PR,PR,jaguariaiva
5218,Paranaguá,PR,PR,paranagua
5219,Quatro Barras,PR,PR,quatro barras
5220,Goiânia,GO,GO,goiania
5221,Rio Brilhante,MS,MS,rio brilhante
5222,Lima Duarte,MG,MG,lima duarte
5223,Lima Duarte,MG,MG,lima duarte
5224,Brasília,DF,DF,brasilia
5225,Guaratuba,PR,PR,guaratuba
5226,Foz do Iguaçu,PR,PR,foz do iguacu
5227,Guarapuava,PR,PR,guarapuava
5228,Santo Antônio do Caiuá,PR,PR,santo antonio do caiua
5229,Rio de Contas,BA,BA,rio de contas
5230,Piedade,SP,SP,piedade
5231,Tibagi,PR,PR,tibagi
5232,Couto de Magalhães de Minas,MG,MG,couto de magalhaes de minas
5233,Couto de Magalhães de Minas,MG,MG,couto de magalhaes de minas
5234,Guaratuba,PR,PR,guaratuba
5235,Linhares,ES,ES,linhares
5236,Almirante Tamandaré,PR,PR,almirante tamandare
5237,Colatina,ES,ES,colatina
5238,Colatina,ES,ES,colatina
5239,Santa Cruz do Escalvado,MG,MG,santa cruz do escalvado
5240,Caxias do Sul,RS,RS,caxias do sul
5241,Cambará do Sul,RS,RS,cambara do sul
5242,Antônio Prado,RS,RS,antonio prado
5243,Cambará do Sul,RS,RS,cambara do sul
5244,Córdoba/ Departamento de Cólon,,,cordoba departamento de colon
5245,Resplendor,MG,MG,resplendor
5246,Campos Novos,SC,SC,campos novos
5247,Caxias do Sul,RS,RS,caxias do sul
5248,Canela,RS,RS,canela
5249,São Francisco de Paula,RS,RS,sao francisco de paula
5250,Santana do Paraíso,MG,MG,santana do paraiso
5251,Caxias do Sul,RS,RS,caxias do sul
5252,Monte Belo do Sul,RS,RS,monte belo do sul
5253,Governador Valadares,MG,MG,governador valadares
5254,Monte Alegre dos Campos,RS,RS,monte alegre dos campos
5255,Linhares,ES,ES,linhares
5256,Linhares,ES,ES,linhares
5257,Linhares,ES,ES,linhares
5258,Linhares,ES,ES,linhares
5259,Aimorés,MG,MG,aimores
5260,Aracruz,ES,ES,aracruz
5261,Marliéria,MG,MG,marlieria
5262,São José do Goiabal,MG,MG,sao jose do goiabal
5263,Colatina,ES,ES,colatina
5264,Iapu,MG,MG,iapu
5265,Linhares,ES,ES,linhares
5266,Caratinga,MG,MG,caratinga
5267,Itueta,MG,MG,itueta
5268,Linhares,ES,ES,linhares
5269,Conselheiro Pena,MG,MG,conselheiro pena
5270,Rio Casca,MG,MG,rio casca
5271,Mariana,MG,MG,mariana
5272,Curitiba,PR,PR,curitiba
5273,Mato Verde,MG,MG,mato verde
5274,Grão Mogol,MG,MG,grao mogol
5275,Santana do Riacho,MG,MG,santana do riacho
5276,Mato Verde,MG,MG,mato verde
5277,Rio de Contas,BA,BA,rio de contas
5278,Botumirim,MG,MG,botumirim
5279,Linhares,ES,ES,linhares
5280,Mariana,MG,MG,mariana
5281,Mariana,MG,MG,mariana
5282,Mariana,MG,MG,mariana
5283,Barra Longa,MG,MG,barra longa
5284,Ponte Nova,MG,MG,ponte nova
5285,Timóteo,MG,MG,timoteo
5286,Ponte Nova,MG,MG,ponte nova
5287,Rio Doce,MG,MG,rio doce
5288,Caratinga,MG,MG,caratinga
5289,Rio Casca,MG,MG,rio casca
5290,Sem-Peixe,MG,MG,sem peixe
5291,Linhares,ES,ES,linhares
5292,Barra Longa,MG,MG,barra longa
5293,Tumiritinga,MG,MG,tumiritinga
5294,Barra Longa,MG,MG,barra longa
5295,Morretes,PR,PR,morretes
5296,Mariana,MG,MG,mariana
5297,Caxias do Sul,RS,RS,caxias do sul
5298,Monte Belo do Sul,RS,RS,monte belo do sul
5299,Ouro Preto,MG,MG,ouro preto
5300,Caxias do Sul,RS,RS,caxias do sul
5301,Santa Tereza,RS,RS,santa tereza
5302,Caxias do Sul,RS,RS,caxias do sul
5303,Itatiaia,RJ,RJ,itatiaia
5304,Tibagi,PR,PR,tibagi
5305,Campo Mourão,PR,PR,campo mourao
5306,Riacho dos Machados,MG,MG,riacho dos machados
5307,Itapoá,SC,SC,itapoa
5308,Tibagi,PR,PR,tibagi
5309,Morretes,PR,PR,morretes
5310,Castro,PR,PR,castro
5311,Campo Magro,PR,PR,campo magro
5312,Palhoça,SC,SC,palhoca
5313,Altamira,PA,PA,altamira
5314,São Mateus do Sul,PR,PR,sao mateus do sul
5315,Palmas,PR,PR,palmas
5316,São Mateus do Sul,PR,PR,sao mateus do sul
5317,Tapiraí,SP,SP,tapirai
5318,São João Batista do Glória,MG,MG,sao joao batista do gloria
5319,Piumhi,MG,MG,piumhi
5320,São Pedro da Aldeia,RJ,RJ,sao pedro da aldeia
5321,Cristália,MG,MG,cristalia
5322,Dep. Santo Tomé/ Prov. Corrientes,,,dep santo tome prov corrientes
5323,Prado,BA,BA,prado
5324,Delfinópolis,MG,MG,delfinopolis
5325,Altônia,PR,PR,altonia
5326,Guaraqueçaba,PR,PR,guaraquecaba
5327,Jundiaí do Sul,PR,PR,jundiai do sul
5328,Matinhos,PR,PR,matinhos
5329,Adrianópolis,PR,PR,adrianopolis
5330,"El Corozo, Estado Barinas",,,el corozo estado barinas
5331,Candói,PR,PR,candoi
5332,Guabiruba,SC,SC,guabiruba
5333,São João Batista do Glória,MG,MG,sao joao batista do gloria
5334,Jaguariaíva,PR,PR,jaguariaiva
5335,Tunas do Paraná,PR,PR,tunas do parana
5336,Venda Nova do Imigrante,ES,ES,venda nova do imigrante
5337,Delfinópolis,MG,MG,delfinopolis
5338,Turvo,PR,PR,turvo
5339,Barra da Estiva,BA,BA,barra da estiva
5340,Tibagi,PR,PR,tibagi
5341,Rio Brilhante,MS,MS,rio brilhante
5342,Guaratuba,PR,PR,guaratuba
5343,Valença,BA,BA,valenca
5344,Arapoti,PR,PR,arapoti
5345,Tibagi,PR,PR,tibagi
5346,Aquidauana,MS,MS,aquidauana
5347,Depto Paraguarí/ 35 Km N of Caapucu,,,depto paraguari 35 km n of caapucu
5348,Ilhéus,BA,BA,ilheus
5349,Mucugê,BA,BA,mucuge
5350,Guaratuba,PR,PR,guaratuba
5351,Viena,,,viena
5352,Três Marias,MG,MG,tres marias
5353,"Corrientes, Mburucuyá",,,corrientes mburucuya
5354,Venda Nova do Imigrante,ES,ES,venda nova do imigrante
5355,São José dos Pinhais,PR,PR,sao jose dos pinhais
5356,Arapoti,PR,PR,arapoti
5357,"Waitemata County, North Island",,,waitemata county north island
5358,Pereira Barreto,SP,SP,pereira barreto
5359,Balneário Camboriú,SC,SC,balneario camboriu
5360,"Región de Múrcia, costa del Mar Menor",,,region de murcia costa del mar menor
5361,União da Vitória,PR,PR,uniao da vitoria
5362,Buritizeiro,MG,MG,buritizeiro
5363,Matinhos,PR,PR,matinhos
5364,Delfinópolis,MG,MG,delfinopolis
5365,Perdizes,MG,MG,perdizes
5366,Bocaiúva do Sul,PR,PR,bocaiuva do sul
5367,Jaguariaíva,PR,PR,jaguariaiva
5368,Guaraqueçaba,PR,PR,guaraquecaba
5369,São José dos Pinhais,PR,PR,sao jose dos pinhais
5370,Palmeira,PR,PR,palmeira
5371,Campina Grande do Sul,PR,PR,campina grande do sul
5372,Guaraqueçaba,PR,PR,guaraquecaba
5373,São João d'Aliança,GO,GO,sao joao d alianca
5374,Porto Murtinho,MS,MS,porto murtinho
5375,Franco da Rocha,SP,SP,franco da rocha
5376,Caraguatatuba,SP,SP,caraguatatuba
5377,Paulo Frontin,PR,PR,paulo frontin
5378,Provincia de Hunan/Yizhang County,,,provincia de hunan yizhang county
5379,São Sebastião,SP,SP,sao sebastiao
5380,Tibagi,PR,PR,tibagi
5381,Ponta Grossa,PR,PR,ponta grossa
5382,Guarapuava,PR,PR,guarapuava
5383,São João do Triunfo,PR,PR,sao joao do triunfo
5384,Bocaiúva do Sul,PR,PR,bocaiuva do sul
5385,Rio Branco do Sul,PR,PR,rio branco do sul
5386,São José da Boa Vista,PR,PR,sao jose da boa vista
5387,São Miguel Arcanjo,SP,SP,sao miguel arcanjo
5388,Lindoeste,PR,PR,lindoeste
5389,Matinhos,PR,PR,matinhos
5390,Rio de Contas,BA,BA,rio de contas
5391,Rio de Janeiro,RJ,RJ,rio de janeiro
5392,Ubatuba,SP,SP,ubatuba
5393,Cocos,BA,BA,cocos
5394,Brasília,DF,DF,brasilia
5395,Nova Venécia,ES,ES,nova venecia
5396,Quatro Barras,PR,PR,quatro barras
5397,Garuva,SC,SC,garuva
5398,Guaraqueçaba,PR,PR,guaraquecaba
5399,Ponta Grossa,PR,PR,ponta grossa
5400,Itapoá,SC,SC,itapoa
5401,Santa Mariana,PR,PR,santa mariana
5402,Alfredo Chaves,ES,ES,alfredo chaves
5403,Cachoeiro de Itapemirim,ES,ES,cachoeiro de itapemirim
5404,Posse,GO,GO,posse
5405,Guarani de Goiás,GO,GO,guarani de goias
5406,Nova Roma,GO,GO,nova roma
5407,Mateiros,TO,TO,mateiros
5408,Monte Alegre de Goiás,GO,GO,monte alegre de goias
5409,Matinhos,PR,PR,matinhos
5410,Itapecerica da Serra,SP,SP,itapecerica da serra
5411,Bom Jesus,RS,RS,bom jesus
5412,Piraquara,PR,PR,piraquara
5413,Tunas do Paraná,PR,PR,tunas do parana
5414,Luiz Alves,SC,SC,luiz alves
5415,América Dourada,BA,BA,america dourada
5416,América Dourada,BA,BA,america dourada
5417,América Dourada,BA,BA,america dourada
5418,Paraty,RJ,RJ,paraty
5419,São Domingos,GO,GO,sao domingos
5420,Pirenópolis,GO,GO,pirenopolis
5421,Calakmul-Campeche,,,calakmul campeche
5422,Guarani de Goiás,GO,GO,guarani de goias
5423,Cocos,BA,BA,cocos
5424,Alto Paraíso de Goiás,GO,GO,alto paraiso de goias
5425,Alexânia,GO,GO,alexania
5426,Planaltina,GO,GO,planaltina
5427,Ponte Alta do Tocantins,TO,TO,ponte alta do tocantins
5428,Alto Paraíso de Goiás,GO,GO,alto paraiso de goias
5429,Campos Belos,GO,GO,campos belos
5430,Brasília,DF,DF,brasilia
5431,Brasília,DF,DF,brasilia
5432,Padre Bernardo,GO,GO,padre bernardo
5433,Brasília,DF,DF,brasilia
5434,Rio Paranaíba,MG,MG,rio paranaiba
5435,Formosa,GO,GO,formosa
5436,Formosa,GO,GO,formosa
5437,Abadiânia,GO,GO,abadiania
5438,Padre Bernardo,GO,GO,padre bernardo
5439,Morro do Chapéu,BA,BA,morro do chapeu
5440,América Dourada,BA,BA,america dourada
5441,América Dourada,BA,BA,america dourada
5442,Morro do Chapéu,BA,BA,morro do chapeu
5443,Morro do Chapéu,BA,BA,morro do chapeu
5444,Mateiros,TO,TO,mateiros
5445,Cambará do Sul,RS,RS,cambara do sul
5446,Itaara,RS,RS,itaara
5447,Garuva,SC,SC,garuva
5448,Lech,,,lech
5449,São José dos Ausentes,RS,RS,sao jose dos ausentes
5450,São Joaquim,SC,SC,sao joaquim
5451,Tapes,RS,RS,tapes
5452,Santo Antônio da Patrulha,RS,RS,santo antonio da patrulha
5453,São José dos Ausentes,RS,RS,sao jose dos ausentes
5454,Bom Jesus,RS,RS,bom jesus
5455,Cambará do Sul,RS,RS,cambara do sul
5456,Andaraí,BA,BA,andarai
5457,São Marcos,RS,RS,sao marcos
5458,São Vicente,SP,SP,sao vicente
5459,Campos Belos,GO,GO,campos belos
5460,Nova Roma,GO,GO,nova roma
5461,Cocalzinho de Goiás,GO,GO,cocalzinho de goias
5462,Posse,GO,GO,posse
5463,Monte Alegre de Goiás,GO,GO,monte alegre de goias
5464,Brazlândia,DF,DF,brazlandia
5465,Brasília,DF,DF,brasilia
5466,Viamão,RS,RS,viamao
5467,Porto Alegre,RS,RS,porto alegre
5468,Cristal,RS,RS,cristal
5469,Ortigueira,PR,PR,ortigueira
5470,Brazlândia,DF,DF,brazlandia
5471,Cristalina,GO,GO,cristalina
5472,Mateiros,TO,TO,mateiros
5473,São Félix do Tocantins,TO,TO,sao felix do tocantins
5474,Niquelândia,GO,GO,niquelandia
5475,São Miguel do Araguaia,GO,GO,sao miguel do araguaia
5476,Santo Antônio do Descoberto,GO,GO,santo antonio do descoberto
5477,Paraúna,GO,GO,parauna
5478,Nova Roma,GO,GO,nova roma
5479,Nova Roma,GO,GO,nova roma
5480,Nova Roma,GO,GO,nova roma
5481,Niquelândia,GO,GO,niquelandia
5482,Brasília,DF,DF,brasilia
5483,Brasília,DF,DF,brasilia
5484,Brasília,DF,DF,brasilia
5485,Corumbá de Goiás,GO,GO,corumba de goias
5486,Doverlândia,GO,GO,doverlandia
5487,Brasília,DF,DF,brasilia
5488,Alvorada do Norte,GO,GO,alvorada do norte
5489,Guarani de Goiás,GO,GO,guarani de goias
5490,Cocos,BA,BA,cocos
5491,Nova Venécia,ES,ES,nova venecia
5492,Cocalzinho de Goiás,GO,GO,cocalzinho de goias
5493,Alexânia,GO,GO,alexania
5494,Bento Gonçalves,RS,RS,bento goncalves
5495,Itatim,BA,BA,itatim
5496,Osório,RS,RS,osorio
5497,Santo Ângelo,RS,RS,santo angelo
5498,Palmeiras,BA,BA,palmeiras
5499,Morro do Chapéu,BA,BA,morro do chapeu
5500,Morro do Chapéu,BA,BA,morro do chapeu
5501,Torres,RS,RS,torres
5502,Andaraí,BA,BA,andarai
5503,Itatim,BA,BA,itatim
5504,Itacaré,BA,BA,itacare
5505,Mucugê,BA,BA,mucuge
5506,Osório,RS,RS,osorio
5507,Osório,RS,RS,osorio
5508,Garibaldi,RS,RS,garibaldi
5509,São Francisco de Paula,RS,RS,sao francisco de paula
5510,Santa Tereza,RS,RS,santa tereza
5511,Iaçu,BA,BA,iacu
5512,Campo Mourão,PR,PR,campo mourao
5513,Céu Azul,PR,PR,ceu azul
5514,Campo Mourão,PR,PR,campo mourao
5515,Umuarama,PR,PR,umuarama
5516,Prudentópolis,PR,PR,prudentopolis
5517,Guaraniaçu,PR,PR,guaraniacu
5518,Guaraniaçu,PR,PR,guaraniacu
5519,Campo Mourão,PR,PR,campo mourao
5520,Campo Mourão,PR,PR,campo mourao
5521,Campo Mourão,PR,PR,campo mourao
5522,Inácio Martins,PR,PR,inacio martins
5523,Inácio Martins,PR,PR,inacio martins
5524,Inácio Martins,PR,PR,inacio martins
5525,Nova Friburgo,RJ,RJ,nova friburgo
5526,Piraí do Sul,PR,PR,pirai do sul
5527,Cabo Frio,RJ,RJ,cabo frio
5528,Quatro Barras,PR,PR,quatro barras
5529,Morretes,PR,PR,morretes
5530,Alto Paraíso de Goiás,GO,GO,alto paraiso de goias
5531,Salinópolis,PA,PA,salinopolis
5532,Morretes,PR,PR,morretes
5533,Quatro Barras,PR,PR,quatro barras
5534,Torres,RS,RS,torres
5535,Campos do Jordão,SP,SP,campos do jordao
5536,Petrópolis,RJ,RJ,petropolis
5537,Campina Grande do Sul,PR,PR,campina grande do sul
5538,Guarapuava,PR,PR,guarapuava
5539,Morretes,PR,PR,morretes
5540,Adrianópolis,PR,PR,adrianopolis
5541,Pontal do Paraná,PR,PR,pontal do parana
5542,Colombo,PR,PR,colombo
5543,Campo Largo,PR,PR,campo largo
5544,Itaperuçu,PR,PR,itaperucu
5545,Campos do Jordão,SP,SP,campos do jordao
5546,Ipiranga,PR,PR,ipiranga
5547,Morretes,PR,PR,morretes
5548,Curitiba,PR,PR,curitiba
5549,São Joaquim,SC,SC,sao joaquim
5550,Candói,PR,PR,candoi
5551,Iretama,PR,PR,iretama
5552,Corumbá,MS,MS,corumba
5553,Campo Largo,PR,PR,campo largo
5554,Morretes,PR,PR,morretes
5555,Adrianópolis,PR,PR,adrianopolis
5556,São Francisco de Paula,RS,RS,sao francisco de paula
5557,Torres,RS,RS,torres
5558,Osório,RS,RS,osorio
5559,São Francisco de Paula,RS,RS,sao francisco de paula
5560,Vacaria,RS,RS,vacaria
5561,São Francisco de Paula,RS,RS,sao francisco de paula
5562,Piraquara,PR,PR,piraquara
5563,Carambeí,PR,PR,carambei
5564,Campo Mourão,PR,PR,campo mourao
5565,Campo Largo,PR,PR,campo largo
5566,Guapiara,SP,SP,guapiara
5567,Ribeirão Branco,SP,SP,ribeirao branco
5568,Piraí do Sul,PR,PR,pirai do sul
5569,Adrianópolis,PR,PR,adrianopolis
5570,Ponta Grossa,PR,PR,ponta grossa
5571,Tomazina,PR,PR,tomazina
5572,Curitiba,PR,PR,curitiba
5573,Porto Amazonas,PR,PR,porto amazonas
5574,Três Coroas,RS,RS,tres coroas
5575,Caxias do Sul,RS,RS,caxias do sul
5576,Bom Jesus,RS,RS,bom jesus
5577,Torres,RS,RS,torres
5578,Vacaria,RS,RS,vacaria
5579,Quilombo,SC,SC,quilombo
5580,Novo Cabrais,RS,RS,novo cabrais
5581,Osório,RS,RS,osorio
5582,São José do Norte,RS,RS,sao jose do norte
5583,Itati,RS,RS,itati
5584,Carlos Barbosa,RS,RS,carlos barbosa
5585,São Pedro do Sul,RS,RS,sao pedro do sul
5586,Cambará do Sul,RS,RS,cambara do sul
5587,Garibaldi,RS,RS,garibaldi
5588,Caxias do Sul,RS,RS,caxias do sul
5589,Ijuí,RS,RS,ijui
5590,Morrinhos do Sul,RS,RS,morrinhos do sul
5591,Esmeralda,RS,RS,esmeralda
5592,Cidreira,RS,RS,cidreira
5593,Osório,RS,RS,osorio
5594,Caxias do Sul,RS,RS,caxias do sul
5595,Alagoa,MG,MG,alagoa
5596,Palmeira,PR,PR,palmeira
5597,Ilhabela,SP,SP,ilhabela
5598,Ilhabela,SP,SP,ilhabela
5599,Caxias do Sul,RS,RS,caxias do sul
5600,Guarapuava,PR,PR,guarapuava
5601,São Francisco de Paula,RS,RS,sao francisco de paula
5602,Nova Petrópolis,RS,RS,nova petropolis
5603,Farroupilha,RS,RS,farroupilha
5604,Nonoai,RS,RS,nonoai
5605,Osório,RS,RS,osorio
5606,Sant'Ana do Livramento,RS,RS,sant ana do livramento
5607,Torres,RS,RS,torres
5608,Bom Jesus,RS,RS,bom jesus
5609,Palmas,PR,PR,palmas
5610,Sant'Ana do Livramento,RS,RS,sant ana do livramento
5611,Alcobaça,BA,BA,alcobaca
5612,Sant'Ana do Livramento,RS,RS,sant ana do livramento
5613,Ponta Grossa,PR,PR,ponta grossa
5614,Vereda,BA,BA,vereda
5615,São Joaquim,SC,SC,sao joaquim
5616,Ponta Grossa,PR,PR,ponta grossa
5617,Petrópolis,RJ,RJ,petropolis
5618,Guaraqueçaba,PR,PR,guaraquecaba
5619,Prudentópolis,PR,PR,prudentopolis
5620,Morretes,PR,PR,morretes
5621,Lapa,PR,PR,lapa
5622,Curitiba,PR,PR,curitiba
5623,Telêmaco Borba,PR,PR,telemaco borba
5624,Paranaguá,PR,PR,paranagua
5625,Castro,PR,PR,castro
5626,Maria Helena,PR,PR,maria helena
5627,Turvo,PR,PR,turvo
5628,Campina do Simão,PR,PR,campina do simao
5633,Belterra,PA,PA,belterra
5634,Petrópolis,RJ,RJ,petropolis
5635,Carolina,MA,MA,carolina
5636,Morretes,PR,PR,morretes
5637,Paranaguá,PR,PR,paranagua
5638,Paranaguá,PR,PR,paranagua
5639,Morretes,PR,PR,morretes
5640,Guaraqueçaba,PR,PR,guaraquecaba
5641,Oaxaca,,,oaxaca
5642,Farol,PR,PR,farol
5643,Farol,PR,PR,farol
5644,Farol,PR,PR,farol
5645,Santa Helena,PR,PR,santa helena
5646,Ronda Alta,RS,RS,ronda alta
5647,Santa Helena,PR,PR,santa helena
5648,São Manuel,SP,SP,sao manuel
5649,Santa Helena,PR,PR,santa helena
5650,Jundiaí,SP,SP,jundiai
5651,Santa Helena,PR,PR,santa helena
5652,Botucatu,SP,SP,botucatu
5653,Foz do Iguaçu,PR,PR,foz do iguacu
5654,Botucatu,SP,SP,botucatu
5655,Santa Helena,PR,PR,santa helena
5656,Bofete,SP,SP,bofete
5657,Bananal,SP,SP,bananal
5658,Santa Helena,PR,PR,santa helena
5659,Santa Helena,PR,PR,santa helena
5660,Santa Helena,PR,PR,santa helena
5661,Santa Helena,PR,PR,santa helena
5662,Sâo Manuel,SP,SP,sao manuel
5663,Botucatu,SP,SP,botucatu
5664,Botucatu,SP,SP,botucatu
5665,Botucatu,SP,SP,botucatu
5666,Botucatu,SP,SP,botucatu
5667,Botucatu,SP,SP,botucatu
5668,Santa Helena,PR,PR,santa helena
5669,Ronda Alta,RS,RS,ronda alta
5670,Santa Helena,PR,PR,santa helena
5671,Santa Helena,PR,PR,santa helena
5672,Santa Helena,PR,PR,santa helena
5673,Paranaguá,PR,PR,paranagua
5674,Toledo,PR,PR,toledo
5675,Campo Mourão,PR,PR,campo mourao
5676,Chapadão do Sul,MS,MS,chapadao do sul
5677,Curitiba,PR,PR,curitiba
5678,São José dos Pinhais,PR,PR,sao jose dos pinhais
5679,Jaguariaíva,PR,PR,jaguariaiva
5680,Jaguariaíva,PR,PR,jaguariaiva
5681,Curitiba,PR,PR,curitiba
5682,Mangueirinha,PR,PR,mangueirinha
5683,Ponta Porã,MS,MS,ponta pora
5684,Coronel Domingos Soares,PR,PR,coronel domingos soares
5685,Peabiru,PR,PR,peabiru
5686,Chapadão do Sul,MS,MS,chapadao do sul
5687,Cassilândia,MS,MS,cassilandia
5688,Piraquara,PR,PR,piraquara
5689,Jaguariaíva,PR,PR,jaguariaiva
5690,São José da Boa Vista,PR,PR,sao jose da boa vista
5691,Porto Amazonas,PR,PR,porto amazonas
5692,Porto Amazonas,PR,PR,porto amazonas
5693,São José dos Pinhais,PR,PR,sao jose dos pinhais
5694,Almirante Tamandaré,PR,PR,almirante tamandare
5695,Curitiba,PR,PR,curitiba
5696,Itapoá,SC,SC,itapoa
5697,Guaratuba,PR,PR,guaratuba
5698,Jaguariaíva,PR,PR,jaguariaiva
5699,Cassilândia,MS,MS,cassilandia
5700,Chapadão do Sul,MS,MS,chapadao do sul
5701,Piraí do Sul,PR,PR,pirai do sul
5702,Coronel Domingos Soares,PR,PR,coronel domingos soares
5703,Piraquara,PR,PR,piraquara
5704,Palmeira,PR,PR,palmeira
5705,Jaguariaíva,PR,PR,jaguariaiva
5706,São José da Boa Vista,PR,PR,sao jose da boa vista
5707,Castro,PR,PR,castro
5708,Palmeira,PR,PR,palmeira
5709,Teixeira Soares,PR,PR,teixeira soares
5710,Porto Amazonas,PR,PR,porto amazonas
5711,Lapa,PR,PR,lapa
5712,Colômbia,SP,SP,colombia
5713,Campo Largo,PR,PR,campo largo
5714,Araquari,SC,SC,araquari
5715,Teresópolis,RJ,RJ,teresopolis
5716,Marliéria,MG,MG,marlieria
5717,Toledo,PR,PR,toledo
5718,Cascavel,PR,PR,cascavel
5719,Marliéria,MG,MG,marlieria
5720,Marliéria,MG,MG,marlieria
5721,Marliéria,MG,MG,marlieria
5722,Matelândia,PR,PR,matelandia
5723,Nova Tebas,PR,PR,nova tebas
5724,Nova Tebas,PR,PR,nova tebas
5725,Fazenda Rio Grande,PR,PR,fazenda rio grande
5726,Fazenda Rio Grande,PR,PR,fazenda rio grande
5727,São José dos Pinhais,PR,PR,sao jose dos pinhais
5728,Morretes,PR,PR,morretes
5729,Lima Duarte,MG,MG,lima duarte
5730,Contenda,PR,PR,contenda
5731,Irati,PR,PR,irati
5732,Toledo,PR,PR,toledo
5733,São Miguel do Iguaçu,PR,PR,sao miguel do iguacu
5734,?,PR,PR,
5735,Cascavel,PR,PR,cascavel
5736,Ponta Porã,MS,MS,ponta pora
5737,Itaperuçu,PR,PR,itaperucu
5738,Campo Largo,PR,PR,campo largo
5739,São José dos Pinhais,PR,PR,sao jose dos pinhais
5740,Fazenda Rio Grande,PR,PR,fazenda rio grande
5741,Guapiara,SP,SP,guapiara
5742,Jacarezinho,PR,PR,jacarezinho
5743,Jacarezinho,PR,PR,jacarezinho
5744,Jacarezinho,PR,PR,jacarezinho
5745,Pindorama do Tocantins,TO,TO,pindorama do tocantins
5746,Miracema do Tocantins,TO,TO,miracema do tocantins
5747,Porto Nacional,TO,TO,porto nacional
5748,Palmas,TO,TO,palmas
5749,Miracema do Tocantins,TO,TO,miracema do tocantins
5750,Palmas,TO,TO,palmas
5751,Palmas,TO,TO,palmas
5752,Itapiratins,TO,TO,itapiratins
5753,Palmas,TO,TO,palmas
5754,Palmas,TO,TO,palmas
5755,Palmas,TO,TO,palmas
5756,Porto Nacional,TO,TO,porto nacional
5757,Paraíso do Tocantins,TO,TO,paraiso do tocantins
5758,Palmas,TO,TO,palmas
5759,Porto Nacional,TO,TO,porto nacional
5760,Porto Nacional,TO,TO,porto nacional
5761,Porto Nacional,TO,TO,porto nacional
5762,Porto Nacional,TO,TO,porto nacional
5763,Porto Nacional,TO,TO,porto nacional
5764,Porto Nacional,TO,TO,porto nacional
5765,Porto Nacional,TO,TO,porto nacional
5766,Palmas,TO,TO,palmas
5767,Paraíso do Tocantins,TO,TO,paraiso do tocantins
5768,Palmas,TO,TO,palmas
5769,Porto Nacional,TO,TO,porto nacional
5770,Peixe,TO,TO,peixe
5771,Porto Nacional,TO,TO,porto nacional
5772,Itapiratins,TO,TO,itapiratins
5773,Porto Nacional,TO,TO,porto nacional
5774,Lagoa da Confusão,TO,TO,lagoa da confusao
5775,Palmas,TO,TO,palmas
5776,Ipueiras,TO,TO,ipueiras
5777,Palmas,TO,TO,palmas
5778,Palmas,TO,TO,palmas
5779,Paraíso do Tocantins,TO,TO,paraiso do tocantins
5780,Brejinho de Nazaré,TO,TO,brejinho de nazare
5781,Porto Nacional,TO,TO,porto nacional
5782,Palmas,TO,TO,palmas
5783,Paraíso do Tocantins,TO,TO,paraiso do tocantins
5784,Tupiratins,TO,TO,tupiratins
5785,Miracema do Tocantins,TO,TO,miracema do tocantins
5786,Porto Nacional,TO,TO,porto nacional
5787,Guairaçá,PR,PR,guairaca
5788,Venezuela,,,venezuela
5789,Curitiba,PR,PR,curitiba
5790,São Paulo,SP,SP,sao paulo
5791,Serra do Navio,AP,AP,serra do navio
5792,Itaituba,PA,PA,itaituba
5793,Pedra Branca do Amapari,AP,AP,pedra branca do amapari
5794,Antonina,PR,PR,antonina
5795,Palmeira,PR,PR,palmeira
5796,Castelo,ES,ES,castelo
5797,Rio de Janeiro,RJ,RJ,rio de janeiro
5798,Castro,PR,PR,castro
5799,Curitiba,PR,PR,curitiba
5800,Santa Isabel do Rio Negro,AM,AM,santa isabel do rio negro
5801,Castelo,ES,ES,castelo
5802,Cerro Azul,PR,PR,cerro azul
5803,Londrina,PR,PR,londrina
5804,Castelo,ES,ES,castelo
5805,Darcinópolis,TO,TO,darcinopolis
5806,Carolina,MA,MA,carolina
5807,Darcinópolis,TO,TO,darcinopolis
5808,São Pedro do Paraná,PR,PR,sao pedro do parana
5809,Apiaí,SP,SP,apiai
5810,Ouro Preto,MG,MG,ouro preto
5811,Itaituba,PA,PA,itaituba
5812,Babaculândia,TO,TO,babaculandia
5813,Ouro Preto,MG,MG,ouro preto
5814,Cingapura,BT,BT,cingapura
5815,Piraquara,PR,PR,piraquara
5816,Itaituba,PA,PA,itaituba
5817,Belterra,PA,PA,belterra
5818,Santa Maria do Oeste,PR,PR,santa maria do oeste
5819,Mucugê,BA,BA,mucuge
5820,Antonina,PR,PR,antonina
5821,Antonina,PR,PR,antonina
5822,Antonina,PR,PR,antonina
5823,Itaituba,PA,PA,itaituba
5824,Pedra Branca do Amapari,AP,AP,pedra branca do amapari
5825,Piraquara,PR,PR,piraquara
5826,Guaratuba,PR,PR,guaratuba
5827,Matinhos,PR,PR,matinhos
5828,Guaraqueçaba,PR,PR,guaraquecaba
5829,Telêmaco Borba,PR,PR,telemaco borba
5830,São Bento do Sul,SC,SC,sao bento do sul
5831,São Bento do Sul,SC,SC,sao bento do sul
5832,Ilhota,SC,SC,ilhota
5833,Cachoeira Paulista,SP,SP,cachoeira paulista
5834,Muitos Capões,RS,RS,muitos capoes
5835,Garopaba,SC,SC,garopaba
5836,Nova Petrópolis,RS,RS,nova petropolis
5837,Muitos Capões,RS,RS,muitos capoes
5838,Itapoá,SC,SC,itapoa
5839,Nova Petrópolis,RS,RS,nova petropolis
5840,São Gabriel,RS,RS,sao gabriel
5841,São José do Brarreiro,SP,SP,sao jose do brarreiro
5842,Boa Nova,BA,BA,boa nova
5843,Rio de Contas,BA,BA,rio de contas
5844,Lagoa Real,BA,BA,lagoa real
5845,Guaratuba,PR,PR,guaratuba
5846,Caxias do Sul,RS,RS,caxias do sul
5847,Sant'Ana do Livramento,RS,RS,sant ana do livramento
5848,Quaraí,RS,RS,quarai
5849,São Francisco de Paula,RS,RS,sao francisco de paula
5850,São Francisco de Paula,RS,RS,sao francisco de paula
5851,São Francisco de Paula,RS,RS,sao francisco de paula
5852,Nova Roma do Sul,RS,RS,nova roma do sul
5853,Santa Tereza,RS,RS,santa tereza
5854,Manoel Viana,RS,RS,manoel viana
5855,Quaraí,RS,RS,quarai
5856,Quaraí,RS,RS,quarai
5857,São Francisco de Assis,RS,RS,sao francisco de assis
5858,São Francisco de Assis,RS,RS,sao francisco de assis
5859,São Pedro do Sul,RS,RS,sao pedro do sul
5860,São Francisco de Paula,RS,RS,sao francisco de paula
5861,Alegrete,RS,RS,alegrete
5862,Iraí,RS,RS,irai
5863,Farroupilha,RS,RS,farroupilha
5864,São Francisco de Assis,RS,RS,sao francisco de assis
5865,Caxias do Sul,RS,RS,caxias do sul
5866,São Francisco de Assis,RS,RS,sao francisco de assis
5867,Torres,RS,RS,torres
5868,São Francisco de Assis,RS,RS,sao francisco de assis
5869,São Francisco de Assis,RS,RS,sao francisco de assis
5870,Córdoba,,,cordoba
5871,Córdoba,,,cordoba
5872,Rio Preto,MG,MG,rio preto
5873,Santiago,RS,RS,santiago
5874,Unistalda,RS,RS,unistalda
5875,Bossoroca,RS,RS,bossoroca
5876,Derrubadas,RS,RS,derrubadas
5877,Vacaria,RS,RS,vacaria
5878,Caxias do Sul,RS,RS,caxias do sul
5879,Santa Rosa de Lima,SC,SC,santa rosa de lima
5880,Cruzeiro,SP,SP,cruzeiro
5881,"Provincia de Chaco, Quitilipi",,,provincia de chaco quitilipi
5882,Urubici,SC,SC,urubici
5883,Osório,RS,RS,osorio
5884,Urubici,SC,SC,urubici
5885,São Bonifácio,SC,SC,sao bonifacio
5886,Urubici,SC,SC,urubici
5887,São Francisco de Paula,RS,RS,sao francisco de paula
5888,São Francisco de Paula,RS,RS,sao francisco de paula
5889,Monte Belo do Sul,RS,RS,monte belo do sul
5890,Antônio Prado,RS,RS,antonio prado
5891,Dom Pedro de Alcântra,RS,RS,dom pedro de alcantra
5892,Corrientes,,,corrientes
5893,Bom Jesus,RS,RS,bom jesus
5894,Campina Grande do Sul,PR,PR,campina grande do sul
5895,Palmeira,PR,PR,palmeira
5896,Águas de São Pedro,SP,SP,aguas de sao pedro
5897,Morretes,PR,PR,morretes
5898,Itapoá,SC,SC,itapoa
5899,Londrina,PR,PR,londrina
5900,Penha,SC,SC,penha
5901,Lavras,MG,MG,lavras
5902,Paranaguá,PR,PR,paranagua
5903,Jaguariaíva,PR,PR,jaguariaiva
5904,Guaratuba,PR,PR,guaratuba
5905,Curitiba,PR,PR,curitiba
5906,Guaratuba,PR,PR,guaratuba
5907,Castro,PR,PR,castro
5908,Matinhos,PR,PR,matinhos
5909,Itapera d'Oeste,PR,PR,itapera d oeste
5910,Águas de Lindóia,SP,SP,aguas de lindoia
5911,Balsa Nova,PR,PR,balsa nova
5912,Tijucas do Sul,PR,PR,tijucas do sul
5913,Navegantes,SC,SC,navegantes
5914,Matinhos,PR,PR,matinhos
5915,Porto União,SC,SC,porto uniao
5916,Sengés,PR,PR,senges
5917,Guaraqueçaba,PR,PR,guaraquecaba
5918,Jaguariaíva,PR,PR,jaguariaiva
5919,Massaranduba,SC,SC,massaranduba
5920,Paranaguá,PR,PR,paranagua
5921,São João do Triunfo,PR,PR,sao joao do triunfo
5922,Garopaba,SC,SC,garopaba
5923,Nova Cantu,PR,PR,nova cantu
5924,São Bento do Sul,SC,SC,sao bento do sul
5925,Colombo,PR,PR,colombo
5926,Nova Cantu,PR,PR,nova cantu
5927,Rio Branco do Sul,PR,PR,rio branco do sul
5928,Tibagi,PR,PR,tibagi
5929,Piraquara,PR,PR,piraquara
5930,Campo Mourão,PR,PR,campo mourao
5931,Terra Rica,PR,PR,terra rica
5932,Terra Rica,PR,PR,terra rica
5933,Piraquara,PR,PR,piraquara
5934,Nova Cantu,PR,PR,nova cantu
5935,Curitiba,PR,PR,curitiba
5936,Antonina,PR,PR,antonina
5937,São Bento do Sul,SC,SC,sao bento do sul
5938,São Bento do Sul,SC,SC,sao bento do sul
5939,São Bento do Sul,SC,SC,sao bento do sul
5940,São Bento do Sul,SC,SC,sao bento do sul
5941,São Bento do Sul,SC,SC,sao bento do sul
5942,São Bento do Sul,SC,SC,sao bento do sul
5943,Morretes,PR,PR,morretes
5944,Balsa Nova,PR,PR,balsa nova
5945,Guaratuba,PR,PR,guaratuba
5946,Piraquara,PR,PR,piraquara
5947,Araucária,PR,PR,araucaria
5948,Colombo,PR,PR,colombo
5949,Coronel Domingos Soares,PR,PR,coronel domingos soares
5950,Porto Amazonas,PR,PR,porto amazonas
5951,Campo Mourão,PR,PR,campo mourao
5952,Touros,RN,RN,touros
5953,São Bento do Sul,SC,SC,sao bento do sul
5954,São Bento do Sul,SC,SC,sao bento do sul
5955,São Bento do Sul,SC,SC,sao bento do sul
5956,São Bento do Sul,SC,SC,sao bento do sul
5957,Mafra,SC,SC,mafra
5958,Paranaguá,PR,PR,paranagua
5959,São Bento do Sul,SC,SC,sao bento do sul
5960,São Bento do Sul,SC,SC,sao bento do sul
5961,Tijucas do Sul,PR,PR,tijucas do sul
5962,Quinta do Sol,PR,PR,quinta do sol
5963,Tomazina,PR,PR,tomazina
5964,Macaúbas,BA,BA,macaubas
5965,Gouveia,MG,MG,gouveia
5966,Bonito,MS,MS,bonito
5967,Garuva,SC,SC,garuva
5968,Porto Seguro,BA,BA,porto seguro
5969,Posse,GO,GO,posse
5970,Piraquara,PR,PR,piraquara
5971,Cerro Azul,PR,PR,cerro azul
5972,Curitiba,PR,PR,curitiba
5973,Piraquara,PR,PR,piraquara
5974,Palhoça,SC,SC,palhoca
5975,Curitiba,PR,PR,curitiba
5976,Guarapuava,PR,PR,guarapuava
5977,Morretes,PR,PR,morretes
5978,Araucária,PR,PR,araucaria
5979,Diamante do Norte,PR,PR,diamante do norte
5980,Paranaguá,PR,PR,paranagua
5981,Miguel Pereira,RJ,RJ,miguel pereira
5982,Lapa,PR,PR,lapa
5983,Matinhos,PR,PR,matinhos
5984,Turvo,PR,PR,turvo
5985,Nazaré,BA,BA,nazare
5986,Urandi,BA,BA,urandi
5987,Coronel Domingos Soares,PR,PR,coronel domingos soares
5988,Turvo,PR,PR,turvo
5989,Prudentópolis,PR,PR,prudentopolis
5990,Campo Largo,PR,PR,campo largo
5991,Antonina,PR,PR,antonina
5992,Ponta Porã,MS,MS,ponta pora
5993,Porto Murtinho,MS,MS,porto murtinho
5994,Piraquara,PR,PR,piraquara
5995,Curitiba,PR,PR,curitiba
5996,Iguatemi,MS,MS,iguatemi
5997,Adrianópolis,PR,PR,adrianopolis
5998,Guaraqueçaba,PR,PR,guaraquecaba
5999,São João d'Aliança,GO,GO,sao joao d alianca
6000,Boquira,BA,BA,boquira
6001,Rio de Contas,BA,BA,rio de contas
6002,São Mateus,ES,ES,sao mateus
6003,Datas,MG,MG,datas
6004,Venda Nova do Imigrante,ES,ES,venda nova do imigrante
6005,Cristalina,GO,GO,cristalina
6006,Nossa Senhora das Graças,PR,PR,nossa senhora das gracas
6007,Arraias,TO,TO,arraias
6008,Antonina,PR,PR,antonina
6009,Vila Bela da Santíssima Trindade,MT,MT,vila bela da santissima trindade
6010,Senador Mourão,MG,MG,senador mourao
6011,São João d'Aliança,GO,GO,sao joao d alianca
6012,Bodoquena,MS,MS,bodoquena
6013,Campo Largo,PR,PR,campo largo
6014,Morretes,PR,PR,morretes
6015,Rio Branco do Sul,PR,PR,rio branco do sul
6016,São José dos Pinhais,PR,PR,sao jose dos pinhais
6017,Piraju,SP,SP,piraju
6018,Rio Branco do Sul,PR,PR,rio branco do sul
6019,Tijucas do Sul,PR,PR,tijucas do sul
6020,Palmeira,PR,PR,palmeira
6021,Palmeira,PR,PR,palmeira
6022,Ponta Grossa,PR,PR,ponta grossa
6023,Barra do Piraí,RJ,RJ,barra do pirai
6024,Cunha,SP,SP,cunha
6025,Passa-Vinte,MG,MG,passa vinte
6026,Barão de Monte Alto,MG,MG,barao de monte alto
6027,Grão Mogol,MG,MG,grao mogol
6028,Paranaguá,PR,PR,paranagua
6029,Pirenópolis,GO,GO,pirenopolis
6030,Capitão Enéas,MG,MG,capitao eneas
6031,Felisberto Caldeira,MG,MG,felisberto caldeira
6032,Antonina,PR,PR,antonina
6033,Couto de Magalhães de Minas,MG,MG,couto de magalhaes de minas
6034,Serro,MG,MG,serro
6035,Curitiba,PR,PR,curitiba
6036,Pratânia,SP,SP,pratania
6037,Cavalcante,GO,GO,cavalcante
6038,Jaboticatubas,MG,MG,jaboticatubas
6039,São Luiz do Paraitinga,SP,SP,sao luiz do paraitinga
6040,Matinhos,PR,PR,matinhos
6041,Antonina,PR,PR,antonina
6042,Paranaguá,PR,PR,paranagua
6043,Castro,PR,PR,castro
6044,Bombinhas,PR,PR,bombinhas
6045,Foz do Iguaçu,PR,PR,foz do iguacu
6046,São José dos Pinhais,PR,PR,sao jose dos pinhais
6047,Cascavel,PR,PR,cascavel
6048,Campo Largo,PR,PR,campo largo
6049,Paranavaí,PR,PR,paranavai
6050,Ibirama,SC,SC,ibirama
6051,Água Fria de Goiás,GO,GO,agua fria de goias
6052,Terra Rica,PR,PR,terra rica
6053,Curitiba,PR,PR,curitiba
6054,Palmeira,PR,PR,palmeira
6055,Porto Murtinho,MS,MS,porto murtinho
6056,Telêmaco Borba,PR,PR,telemaco borba
6057,Cerro Azul,PR,PR,cerro azul
6058,Iaçu,BA,BA,iacu
6059,Campo Mourão,PR,PR,campo mourao
6060,Teodoro Sampaio,SP,SP,teodoro sampaio
6061,Pinhais,PR,PR,pinhais
6062,Rio de Contas,BA,BA,rio de contas
6063,Posse,GO,GO,posse
6064,Teresina de Goiás,GO,GO,teresina de goias
6065,Cuiabá,MT,MT,cuiaba
6066,Mallhada,BA,BA,mallhada
6067,Teodoro Sampaio,SP,SP,teodoro sampaio
6068,Paranaguá,PR,PR,paranagua
6069,Juiz de Fora,MG,MG,juiz de fora
6070,Paranaguá,PR,PR,paranagua
6071,Milagres,BA,BA,milagres
6072,Campina Grande do Sul,PR,PR,campina grande do sul
6073,Botucatu,SP,SP,botucatu
6074,Verê,PR,PR,vere
6075,Porto Murtinho,MS,MS,porto murtinho
6076,Amambai,MS,MS,amambai
6077,Pirapora,MG,MG,pirapora
6078,São Mateus do Sul,PR,PR,sao mateus do sul
6079,São Mateus do Sul,PR,PR,sao mateus do sul
6080,Dourados,MS,MS,dourados
6081,Morretes,PR,PR,morretes
6082,Maringá,PR,PR,maringa
6083,Bonito,MS,MS,bonito
6084,Corinto,MG,MG,corinto
6085,Valença,RJ,RJ,valenca
6086,Cachoeira,BA,BA,cachoeira
6087,Rialma,GO,GO,rialma
6088,Miranda,MS,MS,miranda
6089,Laguna,SC,SC,laguna
6090,Toledo,PR,PR,toledo
6091,Campo Magro,PR,PR,campo magro
6092,Itapoá,SC,SC,itapoa
6093,Coronel Domingos Soares,PR,PR,coronel domingos soares
6094,Campina Grande do Sul,PR,PR,campina grande do sul
6095,Francisco Dumont,MG,MG,francisco dumont
6096,São Luiz do Paraitinga,SP,SP,sao luiz do paraitinga
6097,Urubici,SC,SC,urubici
6098,Licínio de Almeida,BA,BA,licinio de almeida
6099,Cruz das Almas,BA,BA,cruz das almas
6100,Igrapiúna,BA,BA,igrapiuna
6101,Lençois,BA,BA,lencois
6102,Itacaré,BA,BA,itacare
6103,Almadina,BA,BA,almadina
6104,Conceição do Almeida,BA,BA,conceicao do almeida
6105,Rio de Contas,BA,BA,rio de contas
6106,Licínio de Almeida,BA,BA,licinio de almeida
6107,Tomazina,PR,PR,tomazina
6108,Campo do Tenente,PR,PR,campo do tenente
6109,Santa Maria da Vitória,BA,BA,santa maria da vitoria
6110,Gouveia,MG,MG,gouveia
6112,Datas,MG,MG,datas
6113,Coronel Domingos Soares,PR,PR,coronel domingos soares
6114,Alto Paraíso de Goiás,GO,GO,alto paraiso de goias
6115,Curitiba,PR,PR,curitiba
6116,Pontal do Paraná,PR,PR,pontal do parana
6117,Conceição do Mato Dentro,MG,MG,conceicao do mato dentro
6118,Turvo,PR,PR,turvo
6119,Guarapuava,PR,PR,guarapuava
6120,Pedro Leopoldo,MG,MG,pedro leopoldo
6121,Campinas,SP,SP,campinas
6122,Santa Maria da Vitória,BA,BA,santa maria da vitoria
6123,Itaituba,PA,PA,itaituba
6124,Abaíra,BA,BA,abaira
6125,Cascavel,PR,PR,cascavel
6126,Igrapiúna,BA,BA,igrapiuna
6127,Coaraci,BA,BA,coaraci
6128,Ponta de Pedras,PA,PA,ponta de pedras
6129,Entre Rios,BA,BA,entre rios
6130,Santarém,PA,PA,santarem
6131,Abaíra,BA,BA,abaira
6132,Mucugê,BA,BA,mucuge
6133,Rio de Contas,BA,BA,rio de contas
6134,Morro do Chapéu,BA,BA,morro do chapeu
6135,Feira de Santana,BA,BA,feira de santana
6136,Canaã dos Carajás,PA,PA,canaa dos carajas
6137,Feira de Santana,BA,BA,feira de santana
6138,Parauapebas,PA,PA,parauapebas
6139,Porto Seguro,BA,BA,porto seguro
6140,Santo Antônio de Jesus,BA,BA,santo antonio de jesus
6141,Itacambira,MG,MG,itacambira
6142,Casa Nova,BA,BA,casa nova
6143,São Gabriel da Cachoeira,AM,AM,sao gabriel da cachoeira
6144,Itaituba,PA,PA,itaituba
6145,Januária,MG,MG,januaria
6146,Licínio de Almeida,BA,BA,licinio de almeida
6147,Prainha,PA,PA,prainha
6148,Cametá,PA,PA,cameta
6149,Santana do Riacho,MG,MG,santana do riacho
6150,Milagres,BA,BA,milagres
6151,Entre Rios,BA,BA,entre rios
6163,Datas,MG,MG,datas
6153,Monte Alegre,PA,PA,monte alegre
6154,Grajaú,MA,MA,grajau
6155,Lagedo do Tabocal,BA,BA,lagedo do tabocal
6156,Xique-Xique,BA,BA,xique xique
6157,Jacobina,BA,BA,jacobina
6158,MIguel Calmon,BA,BA,miguel calmon
6159,Cafarnaum,BA,BA,cafarnaum
6160,Itaberaba,BA,BA,itaberaba
6161,Miguel Calmon,BA,BA,miguel calmon
6162,Conceição do Almeida,BA,BA,conceicao do almeida
6164,Salvaterra,PA,PA,salvaterra
6165,Humaitá,AM,AM,humaita
6166,Rio de Contas,BA,BA,rio de contas
6167,Jequié,BA,BA,jequie
6168,Jeremoabo,BA,BA,jeremoabo
6169,Mucugê,BA,BA,mucuge
6170,Macaúbas,BA,BA,macaubas
6171,Dom Basílio,BA,BA,dom basilio
6172,Itaité,BA,BA,itaite
6173,Porto Nacional,TO,TO,porto nacional
6174,Morro do Chapéu,BA,BA,morro do chapeu
6175,Barra,BA,BA,barra
6176,Xique-Xique,BA,BA,xique xique
6177,Irecê,BA,BA,irece
6178,Macaúbas,BA,BA,macaubas
6179,Ruy Barbosa,BA,BA,ruy barbosa
6180,Guaratuba,PR,PR,guaratuba
6181,Macaé,RJ,RJ,macae
6182,São Bento do Sul,SC,SC,sao bento do sul
6183,São Bento do Sul,SC,SC,sao bento do sul
6184,São Bento do Sul,SC,SC,sao bento do sul
6185,Curitiba,PR,PR,curitiba
6186,São Bento do Sul,SC,SC,sao bento do sul
6187,São Bento do Sul,SC,SC,sao bento do sul
6188,São Bento do Sul,SC,SC,sao bento do sul
6189,Piraquara,PR,PR,piraquara
6190,São Bento do Sul,SC,SC,sao bento do sul
6191,Londrina,PR,PR,londrina
6192,Castro,PR,PR,castro
6193,Curitiba,PR,PR,curitiba
6194,São Francisco do Sul,PR,PR,sao francisco do sul
6195,Morretes,PR,PR,morretes
6196,Morretes,PR,PR,morretes
6197,Piraquara,PR,PR,piraquara
6198,Piraquara,PR,PR,piraquara
6199,Campo Largo,PR,PR,campo largo
6200,Cerro Azul,PR,PR,cerro azul
6201,Colombo,PR,PR,colombo
6202,Piraquara,PR,PR,piraquara
6203,Santa Teresa,ES,ES,santa teresa
6204,Quatro Barras,PR,PR,quatro barras
6205,Curitiba,PR,PR,curitiba
6206,Piraquara,PR,PR,piraquara
6207,Garopaba,SC,SC,garopaba
6208,Turvo,PR,PR,turvo
6209,Curitiba,PR,PR,curitiba
6210,Paranaguá,PR,PR,paranagua
6211,Curitiba,PR,PR,curitiba
6212,Londrina,PR,PR,londrina
6213,Itapejara d'Oeste,PR,PR,itapejara d oeste
6214,Paranaguá,PR,PR,paranagua
6215,Jesuítas,PR,PR,jesuitas
6216,São Bento do Sul,SC,SC,sao bento do sul
6217,Curitiba,PR,PR,curitiba
6218,Balsa Nova,PR,PR,balsa nova
6219,Pinhais,PR,PR,pinhais
6220,Ponta Grossa,PR,PR,ponta grossa
6221,Matinhos,PR,PR,matinhos
6222,Morretes,PR,PR,morretes
6223,Araucária,PR,PR,araucaria
6224,Campo Alegre,SC,SC,campo alegre
6225,Verê,PR,PR,vere
6226,Honório Serpa,PR,PR,honorio serpa
6227,Coronel Domingos Soares,PR,PR,coronel domingos soares
6228,Prudentópolis,PR,PR,prudentopolis
6229,Almirante Tamandaré,PR,PR,almirante tamandare
6230,Alto Paraná,PR,PR,alto parana
6231,Curitiba,PR,PR,curitiba
6232,Almirante Tamandaré,PR,PR,almirante tamandare
6233,Bonito,PE,PE,bonito
6234,Itaberaba,BA,BA,itaberaba
6235,Mato Rico,PR,PR,mato rico
6236,Campo Mourão,PR,PR,campo mourao
6237,Moreira Sales,PR,PR,moreira sales
6238,Buriti de Goiás,GO,GO,buriti de goias
6239,Nova Roma,GO,GO,nova roma
6240,Campo Mourão,PR,PR,campo mourao
6241,Nova Roma,GO,GO,nova roma
6242,Luziânia,GO,GO,luziania
6243,Paraúna,GO,GO,parauna
6244,Cocos,BA,BA,cocos
6245,Paraúna,GO,GO,parauna
6246,Buriti de Goiás,GO,GO,buriti de goias
6247,Brasília,DF,DF,brasilia
6248,Cocos,BA,BA,cocos
6249,Buriti de Goiás,GO,GO,buriti de goias
6250,Sanclerlândia,GO,GO,sanclerlandia
6251,Paraúna,GO,GO,parauna
6252,Mogi Mirim,SP,SP,mogi mirim
6253,Brasília,DF,DF,brasilia
6254,Brasília,DF,DF,brasilia
6255,Caldas Novas,GO,GO,caldas novas
6256,Vila Boa,GO,GO,vila boa
6257,Mossâmedes,GO,GO,mossamedes
6258,Janaúba,MG,MG,janauba
6259,Belo Horizonte,MG,MG,belo horizonte
6260,Piaçabuçu,AL,AL,piacabucu
6261,Ibateguara,AL,AL,ibateguara
6262,Santa Quitéria do Maranhão,MA,MA,santa quiteria do maranhao
6263,Belo Horizonte,MG,MG,belo horizonte
6264,Belo Horizonte,MG,MG,belo horizonte
6265,Marechal Deodoro,AL,AL,marechal deodoro
6266,Boca da Mata,AL,AL,boca da mata
6267,Piaçabuçu,AL,AL,piacabucu
6268,Piaçabuçu,AL,AL,piacabucu
6269,São Luís do Quitunde,AL,AL,sao luis do quitunde
6270,Penedo,AL,AL,penedo
6271,Piaçabuçu,AL,AL,piacabucu
6272,São Luís do Quitunde,AL,AL,sao luis do quitunde
6273,Marechal Deodoro,AL,AL,marechal deodoro
6274,São José da Laje,AL,AL,sao jose da laje
6275,Campo Mourão,PR,PR,campo mourao
6276,Roncador,PR,PR,roncador
6277,Roncador,PR,PR,roncador
6278,Roncador,PR,PR,roncador
6279,Quebrangulo,AL,AL,quebrangulo
6280,Murici,AL,AL,murici
6281,Arapiraca,AL,AL,arapiraca
6282,Traipu,AL,AL,traipu
6283,Colônia Leopoldina,AL,AL,colonia leopoldina
6284,Santana do Ipanema,AL,AL,santana do ipanema
6285,Palmeira dos Índios,AL,AL,palmeira dos indios
6286,Coruripe,AL,AL,coruripe
6287,Rio Largo,AL,AL,rio largo
6288,Chã Preta,AL,AL,cha preta
6289,Piaçabuçu,AL,AL,piacabucu
6290,Maravilha,AL,AL,maravilha
6291,Guapiara,SP,SP,guapiara
6292,Balsa Nova,PR,PR,balsa nova
6293,Umuarama,PR,PR,umuarama
6294,Macaíba,RN,RN,macaiba
6295,Natal,RN,RN,natal
6296,Serra Negra do Norte,RN,RN,serra negra do norte
6297,Tibau do Sul,RN,RN,tibau do sul
6298,Natal,RN,RN,natal
6299,Campo Mourão,PR,PR,campo mourao
6300,Nísia Floresta,RN,RN,nisia floresta
6301,Macaíba,RN,RN,macaiba
6302,Natal,RN,RN,natal
6303,Doutor Severiano,RN,RN,doutor severiano
6304,Macaíba,RN,RN,macaiba
6305,Macaíba,RN,RN,macaiba
6306,Nísia Floresta,RN,RN,nisia floresta
6307,Monte Belo do Sul,RS,RS,monte belo do sul
6308,Cambará do Sul,RS,RS,cambara do sul
6309,Sant'Ana do Livramento,RS,RS,sant ana do livramento
6310,Moinhos do Sul,RS,RS,moinhos do sul
6311,Caxias do Sul,RS,RS,caxias do sul
6312,Nova Pádua,RS,RS,nova padua
6317,São Mateus do Sul,PR,PR,sao mateus do sul
6314,Itaberaba,BA,BA,itaberaba
6315,Urubici,SC,SC,urubici
6316,Jaquirana,RS,RS,jaquirana
6318,Urubici,SC,SC,urubici
6319,Campo Mourão,PR,PR,campo mourao
6320,Iretama,PR,PR,iretama
6321,Luiziana,PR,PR,luiziana
6322,Candeias do Jamari,RO,RO,candeias do jamari
6323,Machadinho d'Oeste,RO,RO,machadinho d oeste
6324,Candeias do Jamari,RO,RO,candeias do jamari
6325,Cerejeiras,RO,RO,cerejeiras
6326,Cerejeiras,RO,RO,cerejeiras
6327,Campo Novo,RO,RO,campo novo
6328,Itapuã do Oeste.,RP,RP,itapua do oeste
6329,Itapuã do Oeste,RO,RO,itapua do oeste
6330,Praia Grande,SC,SC,praia grande
6331,Lontras,SC,SC,lontras
6332,Nova Prata,RS,RS,nova prata
6333,Imbituba,SC,SC,imbituba
6334,Nova Prata,RS,RS,nova prata
6335,Santa Tereza,RS,RS,santa tereza
6336,Sant'Ana do Livramento,RS,RS,sant ana do livramento
6337,São José dos Ausentes,RS,RS,sao jose dos ausentes
6338,Caçapava do Sul,RS,RS,cacapava do sul
6339,Manoel Viana,RS,RS,manoel viana
6340,Turvo,PR,PR,turvo
6341,Acará,PA,PA,acara
6342,Campo Mourão,PR,PR,campo mourao
6343,Tanque d'Arca,AL,AL,tanque d arca
6344,Paripueira,AL,AL,paripueira
6345,Pires do Rio,GO,GO,pires do rio
6346,Ipameri,GO,GO,ipameri
6347,Araucária,PR,PR,araucaria
6348,Paranaguá,PR,PR,paranagua
6349,Boa Ventura de São Roque,PR,PR,boa ventura de sao roque
6350,Londrina,PR,PR,londrina
6351,Muqui,ES,ES,muqui
6352,Mimoso do Sul,ES,ES,mimoso do sul
6353,Prudentópolis,PR,PR,prudentopolis
6354,São Bernardo do Campo,SP,SP,sao bernardo do campo
6355,Barão de Melgaço,MT,MT,barao de melgaco
6356,Nova Mutum,MT,MT,nova mutum
6357,Lapa,PR,PR,lapa
6358,Campo Largo,PR,PR,campo largo
6359,Orizona,GO,GO,orizona
6360,São Bento do Sul,SC,SC,sao bento do sul
6361,Urataí,GO,GO,uratai
6362,Timóteo,MG,MG,timoteo
6363,Piraquara,PR,PR,piraquara
6364,Morretes,PR,PR,morretes
6365,Coronel Domingos Soares,PR,PR,coronel domingos soares
6366,São Bernardo do Campo,SP,SP,sao bernardo do campo
6367,Barrolândia,TO,TO,barrolandia
6368,Anapu,PA,PA,anapu
6369,São Vicente de Minas,MG,MG,sao vicente de minas
6370,Itutinga,MG,MG,itutinga
6371,Ipueiras,TO,TO,ipueiras
6372,Barra do Garças,MT,MT,barra do garcas
6373,São Bento do Sul,SC,SC,sao bento do sul
6374,Mairinque,SP,SP,mairinque
6375,São Bento do Sul,SC,SC,sao bento do sul
6376,Arraial do Cabo,RJ,RJ,arraial do cabo
6377,São Bento do Sul,SC,SC,sao bento do sul
6378,Uruará,PA,PA,uruara
6379,Bom Retiro,SC,SC,bom retiro
6380,Andradas,MG,MG,andradas
6381,Brasilândia,MS,MS,brasilandia
6382,Campo Mourão,PR,PR,campo mourao
6383,Brasilândia,MS,MS,brasilandia
6384,Campo Mourão,PR,PR,campo mourao
6385,Campo Mourão,PR,PR,campo mourao
6386,Morretes,PR,PR,morretes
6387,Campo Mourão,PR,PR,campo mourao
6388,Bom Jardim da Serra,SC,SC,bom jardim da serra
6389,Imbaú,PR,PR,imbau
6390,Boa Ventura de São Roque,PR,PR,boa ventura de sao roque
6391,Turvo,PR,PR,turvo
6392,Pitanga,PR,PR,pitanga
6393,Murici,AL,AL,murici
6394,Ouro Verde,SP,SP,ouro verde
6395,Penedo,AL,AL,penedo
6396,Paripueira,AL,AL,paripueira
6397,Coruripe,AL,AL,coruripe
6398,Satuba,AL,AL,satuba
6399,Quebrangulo,AL,AL,quebrangulo
6400,São Paulo,SP,SP,sao paulo
6401,Jundiaí,SP,SP,jundiai
6402,Agudos,SP,SP,agudos
6403,Bertioga,SP,SP,bertioga
6404,Iperó,SP,SP,ipero
6405,Santa Helena,PR,PR,santa helena
6406,Toledo,PR,PR,toledo
6407,Marechal Cândido Rondon,PR,PR,marechal candido rondon
6408,Santa Helena,PR,PR,santa helena
6409,Jundiaí,SP,SP,jundiai
6410,Iperó,SP,SP,ipero
6411,Iperó,SP,SP,ipero
6412,Iperó,SP,SP,ipero
6413,Campo Mourão,PR,PR,campo mourao
6414,Rolândia,PR,PR,rolandia
6415,Santa Helena,PR,PR,santa helena
6416,Gonçalves,MG,MG,goncalves
6417,Campinas,SP,SP,campinas
6418,Jundiaí,SP,SP,jundiai
6419,Timburi,SP,SP,timburi
6420,Botucatu,SP,SP,botucatu
6421,Santa Helena,PR,PR,santa helena
6422,Foz do Iguaçu,PR,PR,foz do iguacu
6423,Paranaguá,PR,PR,paranagua
6424,Cachoeiro do Itapemirim,ES,ES,cachoeiro do itapemirim
6425,Linhares,ES,ES,linhares
6426,Linhares,ES,ES,linhares
6472,Linhares,ES,ES,linhares
6428,Quatro Barras,PR,PR,quatro barras
6429,São Carlos,SP,SP,sao carlos
6430,Quatro Barras,PR,PR,quatro barras
6431,Paranaguá,PR,PR,paranagua
6432,Itapoá,SC,SC,itapoa
6433,Campo Magro,PR,PR,campo magro
6434,Paraty,RJ,RJ,paraty
6435,Itamonte,MG,MG,itamonte
6436,Ibitiara,BA,BA,ibitiara
6437,Lapa,PR,PR,lapa
6438,Ubatuba,SP,SP,ubatuba
6439,Ibitiara,BA,BA,ibitiara
6440,Ubatuba,SP,SP,ubatuba
6441,Itamonte,MG,MG,itamonte
6442,Rio do Pires,BA,BA,rio do pires
6443,Analândia,SP,SP,analandia
6444,Cunha,SP,SP,cunha
6445,Cunha,SP,SP,cunha
6446,Guarapuava,PR,PR,guarapuava
6447,São Bento do Sul,SC,SC,sao bento do sul
6448,Linhares,ES,ES,linhares
6449,Salesópolis,SP,SP,salesopolis
6450,Piranguçu,MG,MG,pirangucu
6451,Virmond,PR,PR,virmond
6452,Ipiranga do Sul,RS,RS,ipiranga do sul
6453,Carlinda,MT,MT,carlinda
6454,Passo de Camaragibe,AL,AL,passo de camaragibe
6455,Rio Largo,AL,AL,rio largo
6456,Flexeiras,AL,AL,flexeiras
6457,Água Branca,AL,AL,agua branca
6458,Teotônio Vilela,AL,AL,teotonio vilela
6459,Piaçabuçu,AL,AL,piacabucu
6460,Igaci,AL,AL,igaci
6461,Rio Largo,AL,AL,rio largo
6462,Mar Vermelho,AL,AL,mar vermelho
6463,Coruripe,AL,AL,coruripe
6464,São Bento do Sul,SC,SC,sao bento do sul
6465,Linhares,ES,ES,linhares
6466,Venta Nova do Imigrante,ES,ES,venta nova do imigrante
6467,Ouro Preto,MG,MG,ouro preto
6468,Sooretama,ES,ES,sooretama
6469,Linhares,ES,ES,linhares
6470,Santarém,PA,PA,santarem
6471,Turvo,PR,PR,turvo
6473,Santarém,PA,PA,santarem
6474,Porto Amazonas,PR,PR,porto amazonas
6475,Porto Amazonas,PR,PR,porto amazonas
6476,Laranjeiras do Sul,PR,PR,laranjeiras do sul
6477,Corumbá de Goiás,GO,GO,corumba de goias
6478,Caiapônia,GO,GO,caiaponia
6479,Buriti de Goiás,GO,GO,buriti de goias
6480,Buriti de Goiás,GO,GO,buriti de goias
6481,Cocos,BA,BA,cocos
6482,Buriti de Goiás,GO,GO,buriti de goias
6483,Caiapônia,GO,GO,caiaponia
6484,Buriti de Goiás,GO,GO,buriti de goias
6485,Buriti de Goiás,GO,GO,buriti de goias
6486,Caiapônia,GO,GO,caiaponia
6487,Buriti de Goiás,GO,GO,buriti de goias
6488,Mossâmedes,GO,GO,mossamedes
6489,Campo Mourão,PR,PR,campo mourao
6490,Reserva do Iguaçu,PR,PR,reserva do iguacu
6491,São Manoel do Paraná,PR,PR,sao manoel do parana
6492,Cianorte,PR,PR,cianorte
6493,Cianorte,PR,PR,cianorte
6494,Campo Mourão,PR,PR,campo mourao
6495,Goiânia,GO,GO,goiania
6496,Goiânia,GO,GO,goiania
6497,Goiânia,GO,GO,goiania
6498,Goiânia,GO,GO,goiania
6499,Goiânia,GO,GO,goiania
6500,Goiânia,GO,GO,goiania
6501,Guarulhos,SP,SP,guarulhos
6502,Boituva,SP,SP,boituva
6503,Botucatu,SP,SP,botucatu
6504,Botucatu,SP,SP,botucatu
6505,Botucatu,SP,SP,botucatu
6506,Goiânia,GO,GO,goiania
6507,Goiânia,GO,GO,goiania
6508,Goiânia,GO,GO,goiania
6509,Goiânia,GO,GO,goiania
6510,Goiânia,GO,GO,goiania
6511,Boa Esperança do Sul,SP,SP,boa esperanca do sul
6512,Botucatu,SP,SP,botucatu
6513,São Pedro do Ivaí,PR,PR,sao pedro do ivai
6514,São Pedro do Ivaí,PR,PR,sao pedro do ivai
6515,São Pedro do Ivaí,PR,PR,sao pedro do ivai
6516,São Pedro do Ivaí,PR,PR,sao pedro do ivai
6517,São Pedro do Ivaí,PR,PR,sao pedro do ivai
6518,São Pedro do Ivaí,PR,PR,sao pedro do ivai
6519,Campo Magro,PR,PR,campo magro
6520,Campo Magro,PR,PR,campo magro
6521,Morretes,PR,PR,morretes
6522,Vila Bela da Santíssima Trindade,MT,MT,vila bela da santissima trindade
6523,Vila Bela da Santíssima Trindade,MT,MT,vila bela da santissima trindade
6524,Cruz Machado,PR,PR,cruz machado
6525,Pato Branco,PR,PR,pato branco
6526,Porto Murtinho,MS,MS,porto murtinho
6527,Pato Branco,PR,PR,pato branco
6528,Inácio Martins,PR,PR,inacio martins
6529,Coronel Domingos Soares,PR,PR,coronel domingos soares
6530,Coronel Domingos Soares,PR,PR,coronel domingos soares
6531,Palmeira,PR,PR,palmeira
6532,Balneário Camboriú,SC,SC,balneario camboriu
6533,Balsas,MA,MA,balsas
6534,Pato Branco,PR,PR,pato branco
6535,Paranaguá,PR,PR,paranagua
6536,Teresina de Goiás,GO,GO,teresina de goias
6537,Nova Fátima,PR,PR,nova fatima
6538,Capitão Enéas,MG,MG,capitao eneas
6539,Buritizeiro,MB,MB,buritizeiro
6540,Caparaó,MG,MG,caparao
6541,Joaquim Felício,MG,MG,joaquim felicio
6542,Jaguariaíva,PR,PR,jaguariaiva
6543,Ponte Alta do Tocantins,TO,TO,ponte alta do tocantins
6544,São Vicente de Minas,MG,MG,sao vicente de minas
6545,Cerro Azul,PR,PR,cerro azul
6546,Telêmaco Borba,PR,PR,telemaco borba
6547,Corumbá,MS,MS,corumba
6548,Telêmaco Borba,PR,PR,telemaco borba
6549,Campo Largo,PR,PR,campo largo
6550,Porto Amazonas,PR,PR,porto amazonas
6551,Campos do Jordão,SP,SP,campos do jordao
6552,Quedas do Iguaçu,PR,PR,quedas do iguacu
6553,Morretes,PR,PR,morretes
6554,Uruará,PA,PA,uruara
6555,Santarém,PA,PA,santarem
6556,Pacaembu,SP,SP,pacaembu
6557,Carambeí,PR,PR,carambei
6558,Cajati,SP,SP,cajati
6559,Lapa,PR,PR,lapa
6560,Guaratuba,PR,PR,guaratuba
6561,Conselheiro Mairinck,PR,PR,conselheiro mairinck
6562,Uruguaiana,RS,RS,uruguaiana
6563,São Borja,RS,RS,sao borja
6564,Clevelândia,PR,PR,clevelandia
6565,Curitiba,PR,PR,curitiba
6566,Sengés,PR,PR,senges
6567,Doutor Ulysses,PR,PR,doutor ulysses
6568,Clevelândia,PR,PR,clevelandia
6569,Ribeirão do Pinhal,PR,PR,ribeirao do pinhal
6570,Jataizinho,PR,PR,jataizinho
6571,Pinhão,PR,PR,pinhao
6572,Rio Grande,RS,RS,rio grande
6573,Guaraqueçaba,PR,PR,guaraquecaba
6574,Cruzeiro do Iguaçu,PR,PR,cruzeiro do iguacu
6575,Coronel Domingos Soares,PR,PR,coronel domingos soares
6576,Sengés,PR,PR,senges
6577,Sombrio,SC,SC,sombrio
6578,Almirante Tamandaré,PR,PR,almirante tamandare
6579,Antonia,PR,PR,antonia
6580,Cumari,GO,GO,cumari
6581,Curitiba,PR,PR,curitiba
6582,Paranaguá,PR,PR,paranagua
6583,Jaguariaíva,PR,PR,jaguariaiva
6584,Ortigueira,PR,PR,ortigueira
6585,Céu Azul,PR,PR,ceu azul
6586,Diamante do Norte,PR,PR,diamante do norte
6587,Jaguariaíva,PR,PR,jaguariaiva
6588,Foz do Jordão,PR,PR,foz do jordao
6589,Mafra,SC,SC,mafra
6590,Amambai,MS,MS,amambai
6591,Guarapuava,PR,PR,guarapuava
6592,São José dos Pinhais,PR,PR,sao jose dos pinhais
6593,Telêmaco Borba,PR,PR,telemaco borba
6594,Coronel Domingos Soares,PR,PR,coronel domingos soares
6595,Iúna,ES,ES,iuna
6596,Corumbá,MS,MS,corumba
6597,Ladário,MS,MS,ladario
6598,Ladário,MS,MS,ladario
6599,Campo Magro,PR,PR,campo magro
6600,Dracena,SP,SP,dracena
6601,Itapoá,SC,SC,itapoa
6602,Campo Largo,PR,PR,campo largo
6603,Campo Magro,PR,PR,campo magro
6604,Itapoá,SC,SC,itapoa
6605,Paranaguá,PR,PR,paranagua
6606,Antonina,PR,PR,antonina
6607,Antonina,PR,PR,antonina
6608,Antonina,PR,PR,antonina
6609,Candói,PR,PR,candoi
6610,Campo Largo,PR,PR,campo largo
6611,Guaraqueçaba,PR,PR,guaraquecaba
6612,Itapoá,SC,SC,itapoa
6613,Piraí do Sul,PR,PR,pirai do sul
6614,Morretes,PR,PR,morretes
6615,Guaraqueçaba,PR,PR,guaraquecaba
6616,Anastácio,MS,MS,anastacio
6617,Garuva,SC,SC,garuva
6618,Porto Esperidião,MS,MS,porto esperidiao
6619,Cidreira,RS,RS,cidreira
6620,Nova Friburgo,RJ,RJ,nova friburgo
6621,Tijucas do Sul,PR,PR,tijucas do sul
6622,Morretes,PR,PR,morretes
6623,Uruaçu,GO,GO,uruacu
6624,Prudentópolis,PR,PR,prudentopolis
6625,Piraí do Sul,PR,PR,pirai do sul
6626,Colombo,PR,PR,colombo
6627,Coronel Domingos Soares,PR,PR,coronel domingos soares
6628,Palmas,PR,PR,palmas
6629,Honório Serpa,PR,PR,honorio serpa
6630,Sengés,PR,PR,senges
6631,Coronel Domingos Soares,PR,PR,coronel domingos soares
6632,Clevelândia,PR,PR,clevelandia
6633,Piraquara,PR,PR,piraquara
6634,Arroio do Sal,RS,RS,arroio do sal
6635,Arataca,BA,BA,arataca
6636,Palmeira,PR,PR,palmeira
6637,São Joaquim,SC,SC,sao joaquim
6638,Ortigueira,PR,PR,ortigueira
6639,Bocaiúva do Sul,PR,PR,bocaiuva do sul
6640,Ponta Grossa,PR,PR,ponta grossa
6641,Tibagi,PR,PR,tibagi
6642,Turvo,PR,PR,turvo
6643,Turvo,PR,PR,turvo
6644,Guarapuava,PR,PR,guarapuava
6645,Bom Jardim da Serra,SC,SC,bom jardim da serra
6646,Lapa,PR,PR,lapa
6647,Itambé,PR,PR,itambe
6648,Clevelândia,PR,PR,clevelandia
6649,Porto Amazonas,PR,PR,porto amazonas
6650,Clevelândia,PR,PR,clevelandia
6651,Paranaguá,PR,PR,paranagua
6652,Lapa,PR,PR,lapa
6653,Indiana,SP,SP,indiana
6654,Porto Amazonas,PR,PR,porto amazonas
6655,Assis Chateubriand,PR,PR,assis chateubriand
6656,Santa Helena,PR,PR,santa helena
6657,Santa Helena,PR,PR,santa helena
6658,Santa Helena,PR,PR,santa helena
6659,Santa Helena,PR,PR,santa helena
6660,Diamante D'Oeste,PR,PR,diamante d oeste
6661,Santa Helena,PR,PR,santa helena
6662,Santa Terezinha de Itaipu,PR,PR,santa terezinha de itaipu
6663,Santa Helena,PR,PR,santa helena
6664,Santa Helena,PR,PR,santa helena
6665,Miranda,MS,MS,miranda
6666,Jundiaí do Sul,PR,PR,jundiai do sul
6667,Campo Largo,PR,PR,campo largo
6668,Campo Largo,PR,PR,campo largo
6669,União da Vitória,PR,PR,uniao da vitoria
6670,Santo Antônio do Leverger,MT,MT,santo antonio do leverger
6671,São Francisco de Paula,RS,RS,sao francisco de paula
6672,Departamento de Rocha,,,departamento de rocha
6673,Iguatemi,MS,MS,iguatemi
6674,Guaraqueçaba,PR,PR,guaraquecaba
6675,Quatro Barras,PR,PR,quatro barras
6676,Quatro Barras,PR,PR,quatro barras
6677,Nova Laranjeiras,PR,PR,nova laranjeiras
6678,Laranjeiras do Sul,PR,PR,laranjeiras do sul
6679,Quatro Barras,PR,PR,quatro barras
6680,Quatro Barras,PR,PR,quatro barras
6681,Virmond,PR,PR,virmond
6682,Mallet,PR,PR,mallet
6683,Morretes,PR,PR,morretes
6684,Guarapuava,PR,PR,guarapuava
6685,Bituruna,PR,PR,bituruna
6686,Gouveia,MG,MG,gouveia
6687,Ventania,PR,PR,ventania
6688,Guarapuava,PR,PR,guarapuava
6689,Guapirama,PR,PR,guapirama
6690,Gouveia,MG,MG,gouveia
6691,Campo Largo,PR,PR,campo largo
6692,Nova Fátima,PR,PR,nova fatima
6693,Bela Vista,MS,MS,bela vista
6694,Paranaguá,PR,PR,paranagua
6695,Campo Largo,PR,PR,campo largo
6696,Curitiba,PR,PR,curitiba
6697,Campo Largo,PR,PR,campo largo
6698,Coronel Domingos Soares,PR,PR,coronel domingos soares
6699,Barra do Quaraí,RS,RS,barra do quarai
6700,São José dos Pinhais,PR,PR,sao jose dos pinhais
6701,Curitiba,PR,PR,curitiba
6702,Coronel Domingos Soares,PR,PR,coronel domingos soares
6703,Londrina,PR,PR,londrina
6704,Gurinhatã,MG,MG,gurinhata
6705,Guaratuba,PR,PR,guaratuba
6706,Bom Jardim da Serra,SC,SC,bom jardim da serra
6707,Palmas,PR,PR,palmas
6708,Piraquara,PR,PR,piraquara
6709,Grão Mogol,MG,MG,grao mogol
6710,Campo Largo,PR,PR,campo largo
6711,Campo Largo,PR,PR,campo largo
6712,Paranaguá,PR,PR,paranagua
6713,Ortigueira,PR,PR,ortigueira
6714,Rio Branco do Ivaí,PR,PR,rio branco do ivai
6715,Telêmaco Borba,PR,PR,telemaco borba
6716,Ortigueira,PR,PR,ortigueira
6717,São Joaquim,SC,SC,sao joaquim
6718,Lages,SC,SC,lages
6719,Alto Paraíso de Goiás,GO,GO,alto paraiso de goias
6720,São Domingos,GO,GO,sao domingos
6721,Rio Brilhante,MS,MS,rio brilhante
6722,Doutor Ulysses,PR,PR,doutor ulysses
6723,Telêmaco Borba,PR,PR,telemaco borba
6724,Lapa,PR,PR,lapa
6725,Guaratuba,PR,PR,guaratuba
6726,Antonina,PR,PR,antonina
6727,Campo Mourão,PR,PR,campo mourao
6728,Ponte Alta do Tocantins,TO,TO,ponte alta do tocantins
6729,Guaraqueçaba,PR,PR,guaraquecaba
6730,São Sebastião do Uatumã,AM,AM,sao sebastiao do uatuma
6731,Cáceres,MT,MT,caceres
6732,Buritizeiro,MG,MG,buritizeiro
6733,Jundiaí do Sul,PR,PR,jundiai do sul
6734,Jundiaí do Sul,PR,PR,jundiai do sul
6735,Cajati,SP,SP,cajati
6736,Bela Vista,MS,MS,bela vista
6737,Jaguariaíva,PR,PR,jaguariaiva
6738,Bela Vista,MS,MS,bela vista
6739,Curitiba,PR,PR,curitiba
6740,Itapiranga,SC,SC,itapiranga
6741,Guaratuba,PR,PR,guaratuba
6742,Telêmaco Borba,PR,PR,telemaco borba
6743,Telêmaco Borba,PR,PR,telemaco borba
6744,Tijucas do Sul,PR,PR,tijucas do sul
6745,Morretes,PR,PR,morretes
6746,São João do Triunfo,PR,PR,sao joao do triunfo
6747,Piraquara,PR,PR,piraquara
6748,Morretes,PR,PR,morretes
6749,Bocaiúva do Sul,PR,PR,bocaiuva do sul
6750,Bocaiúva,MG,MG,bocaiuva
6751,Morretes,PR,PR,morretes
6752,Paiçandu,PR,PR,paicandu
6753,Faxinal,PR,PR,faxinal
6754,Diamante do Norte,PR,PR,diamante do norte
6755,Diamante do Norte,PR,PR,diamante do norte
6756,Maringá,PR,PR,maringa
6757,Ortigueira,PR,PR,ortigueira
6758,Sâo Joaquim,SC,SC,sao joaquim
6759,Piraquara,PR,PR,piraquara
6760,Capitão Enéas,MG,MG,capitao eneas
6761,Vila Bela da Santíssima Trindade,MT,MT,vila bela da santissima trindade
6762,Adrianópolis,PR,PR,adrianopolis
6763,São Mateus do Sul,PR,PR,sao mateus do sul
6764,Telêmaco Borba,PR,PR,telemaco borba
6765,São José dos PInhais,PR,PR,sao jose dos pinhais
6766,Barra do Turvo,SP,SP,barra do turvo
6767,Rosana,SP,SP,rosana
6768,Guarapuava,PR,PR,guarapuava
6769,Chuí,RS,RS,chui
6770,Curitiba,PR,PR,curitiba
6771,Palmas,PR,PR,palmas
6772,Uruguaiana,RS,RS,uruguaiana
6773,Morretes,PR,PR,morretes
6774,Céu Azul,PR,PR,ceu azul
6775,Palmas,PR,PR,palmas
6776,Prudentópolis,PR,PR,prudentopolis
6777,Panorama,SP,SP,panorama
6778,Corumbá,MS,MS,corumba
6779,Diamantina,MG,MG,diamantina
6780,Diamantina,MG,MG,diamantina
6781,Datas,MG,MG,datas
6782,Gouveia,MG,MG,gouveia
6783,Gouveia,MG,MG,gouveia
6784,Campo Mourão,PR,PR,campo mourao
6785,Morretes,PR,PR,morretes
6786,Lapa,PR,PR,lapa
6787,Roncador,PR,PR,roncador
6788,Roncador,PR,PR,roncador
6789,Roncador,PR,PR,roncador
6790,Piraquara,PR,PR,piraquara
6791,Paraúna,GO,GO,parauna
6792,São Miguel do Araguaia,GO,GO,sao miguel do araguaia
6793,São Miguel do Araguaia,GO,GO,sao miguel do araguaia
6794,Planaltina,GO,GO,planaltina
6795,Brasília,DF,DF,brasilia
6796,São Miguel do Araguaia,GO,GO,sao miguel do araguaia
6797,Antonina,PR,PR,antonina
6798,São Miguel do Araguaia,GO,GO,sao miguel do araguaia
6799,São Miguel do Araguaia,GO,GO,sao miguel do araguaia
6800,São Miguel do Araguaia,GO,GO,sao miguel do araguaia
6801,Caiapônia,GO,GO,caiaponia
6802,Caiapônia,GO,GO,caiaponia
6803,São Miguel do Araguaia,GO,GO,sao miguel do araguaia
6804,Planaltina,GO,GO,planaltina
6805,Planaltina,GO,GO,planaltina
6806,Caiapônia,GO,GO,caiaponia
6807,Paraúna,GO,GO,parauna
6808,Paraúna,GO,GO,parauna
6809,Caiapônia,GO,GO,caiaponia
6810,Wanderley,BA,BA,wanderley
6811,Paraúna,GO,GO,parauna
6812,Buenópolis,MG,MG,buenopolis
6813,Buenópolis,MG,MG,buenopolis
6814,Caiapônia,GO,GO,caiaponia
6815,São Miguel do Araguaia,GO,GO,sao miguel do araguaia
6816,São Miguel do Araguaia,GO,GO,sao miguel do araguaia
6817,São Miguel do Araguaia,GO,GO,sao miguel do araguaia
6818,Wanderley,BA,BA,wanderley
6819,Almirante Tamandaré,PR,PR,almirante tamandare
6820,Curitiba,PR,PR,curitiba
6821,Nova Cantu,PR,PR,nova cantu
6822,Palmas,PR,PR,palmas
6823,Campo Largo,PR,PR,campo largo
6824,Campina Grande do Sul,PR,PR,campina grande do sul
6825,Campo Mourão,PR,PR,campo mourao
6826,Prudentópolis,PR,PR,prudentopolis
6827,Bituruna,PR,PR,bituruna
6828,São José dos PInhais,PR,PR,sao jose dos pinhais
6829,Missal,PR,PR,missal
6830,Medianeira,PR,PR,medianeira
6831,Pato Bragado,PR,PR,pato bragado
6832,Sâo Miguel do Iguaçu,PR,PR,sao miguel do iguacu
6833,São Miguel do Iguaçu,PR,PR,sao miguel do iguacu
6834,São Miguel do Iguaçu,PR,PR,sao miguel do iguacu
6835,Missal,PR,PR,missal
6836,Marechal Cândido Rondon,PR,PR,marechal candido rondon
6837,Pato Bragado,PR,PR,pato bragado
6838,Lages,SC,SC,lages
6839,Timbó do Sul,RS,RS,timbo do sul
6840,Dom Pedrito,RS,RS,dom pedrito
6841,Lapa,PR,PR,lapa
6842,São José dos Pinhais,PR,PR,sao jose dos pinhais
6843,Telêmaco Borba,PR,PR,telemaco borba
6844,Cerro Azul,PR,PR,cerro azul
6845,Maracaju,MS,MS,maracaju
6846,Bodoquena,MS,MS,bodoquena
6847,Miranda,MS,MS,miranda
6848,Nova Viçosa,BA,BA,nova vicosa
6849,Sidrolândia,MS,MS,sidrolandia
6850,Corumbá,MS,MS,corumba
6851,Corumbá,MS,MS,corumba
6852,Corumbá,MS,MS,corumba
6853,Alto Paraíso de Goiás,GO,GO,alto paraiso de goias
6854,Lucas do Rio Verde,MT,MT,lucas do rio verde
6855,Itu,SP,SP,itu
6856,São José dos Pinhais,PR,PR,sao jose dos pinhais
6857,Tibagi,PR,PR,tibagi
6858,Inajá,PR,PR,inaja
6859,Teodoro Sampaio,SP,SP,teodoro sampaio
6860,Diamantino,MT,MT,diamantino
6861,Astorga,PR,PR,astorga
6862,Peabiru,PR,PR,peabiru
6863,Mandirituba,PR,PR,mandirituba
6864,Tangará,SC,SC,tangara
6865,Treze Tílias,SC,SC,treze tilias
6866,Piraquara,PR,PR,piraquara
6867,Barra,BA,BA,barra
6868,Iguatú,PR,PR,iguatu
6869,Umburanas,BA,BA,umburanas
6870,Vargem Bonita,SC,SC,vargem bonita
6871,Cambará do Sul,RS,RS,cambara do sul
6872,Urupema,SC,SC,urupema
6873,Rio Pardo,RS,RS,rio pardo
6874,Imbituba,SC,SC,imbituba
6875,Quaraí,RS,RS,quarai
6876,Monte Belo do Sul,RS,RS,monte belo do sul
6877,Caxias do Sul,RS,RS,caxias do sul
6878,Farroupilha,RS,RS,farroupilha
6879,Bom Jesus,RS,RS,bom jesus
6880,Esmeralda,RS,RS,esmeralda
6881,Farroupilha,RS,RS,farroupilha
6882,Morrinhos do Sul,RS,RS,morrinhos do sul
6883,Caraá,RS,RS,caraa
6884,Caxias do Sul,RS,RS,caxias do sul
6885,São José dos Ausentes,RS,RS,sao jose dos ausentes
6886,Bento Gonçalves,RS,RS,bento goncalves
6887,Caxias do Sul,RS,RS,caxias do sul
6888,Palhoça,SC,SC,palhoca
6889,Cambará do Sul,RS,RS,cambara do sul
6890,Palhoça,SC,SC,palhoca
6891,Caxias do Sul,RS,RS,caxias do sul
6892,Farroupilha,RS,RS,farroupilha
6893,Campina Grande do Sul,PR,PR,campina grande do sul
6894,Praia Grande,SC,SC,praia grande
6895,Santa Tereza,RS,RS,santa tereza
6896,Urubici,SC,SC,urubici
6897,Imbituba,SC,SC,imbituba
6898,Imbituba,SC,SC,imbituba
6899,Unistalda,RS,RS,unistalda
6900,Três Cachoeiras,RS,RS,tres cachoeiras
6901,Palhoça,SC,SC,palhoca
6902,Paranaguá,PR,PR,paranagua
6903,Cuiabá,MT,MT,cuiaba
6904,Brotas de Macaúbas,BA,BA,brotas de macaubas
6905,Colombo,PR,PR,colombo
6906,Guapimirim,RJ,RJ,guapimirim
6907,Teresópolis,RJ,RJ,teresopolis
6908,Morretes,PR,PR,morretes
6909,Morretes,PR,PR,morretes
6910,Nova Laranjeira,PR,PR,nova laranjeira
6911,Itaúba,MT,MT,itauba
6912,Vacaria,RS,RS,vacaria
6913,Palhoça,SC,SC,palhoca
6914,São José dos Pinhais,PR,PR,sao jose dos pinhais
6915,Lapa,PR,PR,lapa
6916,Torres,RS,RS,torres
6917,Balsa Nova,PR,PR,balsa nova
6918,Maquiné,RS,RS,maquine
6919,Cotiporã,RS,RS,cotipora
6920,São Borja,RS,RS,sao borja
6921,Ibaiti,PR,PR,ibaiti
6922,Pato Bragado,PR,PR,pato bragado
6923,Tomazina,PR,PR,tomazina
6924,Morretes,PR,PR,morretes
6925,Cambará do Sul,RS,RS,cambara do sul
6926,Cruz Machado,PR,PR,cruz machado
6927,Ventania,PR,PR,ventania
6928,Turvo,PR,PR,turvo
6929,Rio Branco do Sul,PR,PR,rio branco do sul
6930,Garopaba,SC,SC,garopaba
6931,Brasília,DF,DF,brasilia
6932,Guarapuava,PR,PR,guarapuava
6933,Turvo,PR,PR,turvo
6934,Guarapuava,PR,PR,guarapuava
6935,Colombo,PR,PR,colombo
6936,Turvo,PR,PR,turvo
6937,Tibagi,PR,PR,tibagi
6938,Curitiba,PR,PR,curitiba
6939,Caçador,SC,SC,cacador
6940,Balsa Nova,PR,PR,balsa nova
6941,Palmeira,PR,PR,palmeira
6942,Campo Alegre,SC,SC,campo alegre
6943,Campo Largo,PR,PR,campo largo
6944,Mandirituba,PR,PR,mandirituba
6945,Curitiba,PR,PR,curitiba
6946,Campo Largo,PR,PR,campo largo
6947,São Sebastião do Passé,BA,BA,sao sebastiao do passe
6948,Xique-Xique,BA,BA,xique xique
6949,Curitiba,PR,PR,curitiba
6950,Itaúba,MT,MT,itauba
6951,Timon,MA,MA,timon
6952,Balsa Nova,PR,PR,balsa nova
6953,Colombo,PR,PR,colombo
6954,Corbélia,PR,PR,corbelia
6955,Xique-Xique,BA,BA,xique xique
6956,Itaguaçú da Bahia,BA,BA,itaguacu da bahia
6958,Ilhéus,BA,BA,ilheus
6959,Uruçuca,BA,BA,urucuca
6960,Uruçuca,BA,BA,urucuca
6961,Uruçuca,BA,BA,urucuca
6962,Descoberto,MG,MG,descoberto
6963,Congonhas,MG,MG,congonhas
6964,Ibicoara,BA,BA,ibicoara
6965,Camaçari,BA,BA,camacari
6966,Igrapiúna,BA,BA,igrapiuna
6967,Casa Nova,BA,BA,casa nova
6968,Casa Nova,BA,BA,casa nova
6969,Ibicoara,BA,BA,ibicoara
6970,Ibicoara,BA,BA,ibicoara
6971,Licínio de Almeida,BA,BA,licinio de almeida
6972,Igrapiúna,BA,BA,igrapiuna
6973,Camaçari,BA,BA,camacari
6974,São João do Piauí,PI,PI,sao joao do piaui
6975,Licínio de Almeida,BA,BA,licinio de almeida
6976,Mucugê,BA,BA,mucuge
6977,Rio Branco do Sul,PR,PR,rio branco do sul
6978,Quedas do Iguaçu,PR,PR,quedas do iguacu
6979,Paranaguá,PR,PR,paranagua
6980,Curitiba,PR,PR,curitiba
6981,João Pessoa,PB,PB,joao pessoa
6982,Guarapuava,PR,PR,guarapuava
6983,Paranaguá,PR,PR,paranagua
6984,Santa Terezinha de Itaipu,PR,PR,santa terezinha de itaipu
6985,Quatro Barras,PR,PR,quatro barras
6986,Curitiba,PR,PR,curitiba
6987,Quatro Barras,PR,PR,quatro barras
6988,Paranaguá,PR,PR,paranagua
6989,Matinhos,PR,PR,matinhos
6990,Jaguariaíva,PR,PR,jaguariaiva
6991,Santa Terezinha de Itaipu,PR,PR,santa terezinha de itaipu
6992,São José dos Pinhais,PR,PR,sao jose dos pinhais
6993,Paranaguá,PR,PR,paranagua
6994,Quatro Barras,PR,PR,quatro barras
6995,Paranaguá,PR,PR,paranagua
6996,Paranaguá,PR,PR,paranagua
6997,Adrianópolis,PR,PR,adrianopolis
6998,Morretes,PR,PR,morretes
6999,Adrianópolis,PR,PR,adrianopolis
7000,Antonina,PR,PR,antonina
7001,Foz do Iguaçu,PR,PR,foz do iguacu
7002,Almirante Tamandaré,PR,PR,almirante tamandare
7003,Turvo,PR,PR,turvo
7004,Barra Velha,SC,SC,barra velha
7005,Curitibanos,SC,SC,curitibanos
7006,Foz do Iguaçu,PR,PR,foz do iguacu
7007,Tapiraí,SP,SP,tapirai
7008,Borrazópolis,PR,PR,borrazopolis
7009,Foz do Iguaçu,PR,PR,foz do iguacu
7010,Foz do Iguaçu,PR,PR,foz do iguacu
7011,Foz do Iguaçu,PR,PR,foz do iguacu
7012,Foz do Iguaçu,PR,PR,foz do iguacu
7013,Foz do Iguaçu,PR,PR,foz do iguacu
7014,Foz do Iguaçu,PR,PR,foz do iguacu
7015,Paranaguá,PR,PR,paranagua
7016,Curitiba,PR,PR,curitiba
7017,Guarapuava,PR,PR,guarapuava
7018,Guarapuava,PR,PR,guarapuava
7019,Conceição do Mato Dentro,MG,MG,conceicao do mato dentro
7020,Turvo,PR,PR,turvo
7021,Morretes,PR,PR,morretes
7022,Santa Terezinha de Itaipu,PR,PR,santa terezinha de itaipu
7023,Quatro Barras,PR,PR,quatro barras
7024,Clevelândia,PR,PR,clevelandia
7025,Guaraqueçaba,PR,PR,guaraquecaba
7026,Iperó,SP,SP,ipero
7027,Bonito,MS,MS,bonito
7028,Mutuípe,BA,BA,mutuipe
7029,Paranaguá,PR,PR,paranagua
7030,Prado,BA,BA,prado
7031,Praia Grande,SP,SP,praia grande
7032,Tunas do Paraná,PR,PR,tunas do parana
7033,Quatro Barras,PR,PR,quatro barras
7034,Porto Seguro,BA,BA,porto seguro
7035,Prado,BA,BA,prado
7036,Quatro Barras,PR,PR,quatro barras
7037,São Francisco do Sul,SC,SC,sao francisco do sul
7038,Piedade,SP,SP,piedade
7039,Porto Amazonas,PR,PR,porto amazonas
7040,Céu Azul,PR,PR,ceu azul
7041,Foz do Iguaçu,PR,PR,foz do iguacu
7042,Foz do Iguaçu,PR,PR,foz do iguacu
7043,Matelândia,PR,PR,matelandia
7044,Foz do Iguaçu,PR,PR,foz do iguacu
7045,Foz do Iguaçu,PR,PR,foz do iguacu
7046,Foz do Iguaçu,PR,PR,foz do iguacu
7047,Foz do Iguaçu,PR,PR,foz do iguacu
7048,Corumbá,MS,MS,corumba
7049,Cambará do Sul,RS,RS,cambara do sul
7050,Manoel Viana,RS,RS,manoel viana
7051,Miranda,MS,MS,miranda
7052,Miranda,MS,MS,miranda
7053,Corumbá,MS,MS,corumba
7054,Costa Rica,MS,MS,costa rica
7055,Foz do Iguaçu,PR,PR,foz do iguacu
7056,Valença,RJ,RJ,valenca
7057,Ouro Preto,MG,MG,ouro preto
7058,Carambeí,PR,PR,carambei
7059,Lapa,PR,PR,lapa
7060,Curitiba,PR,PR,curitiba
7061,Juiz de Fora,MG,MG,juiz de fora
7062,Lima Duarte,MG,MG,lima duarte
7063,Piumhi,MG,MG,piumhi
7064,Rio de Janeiro,RJ,RJ,rio de janeiro
7065,Piumhi,MG,MG,piumhi
7066,Ouro Preto,MG,MG,ouro preto
7067,Campo Grande,MS,MS,campo grande
7068,Cruzeiro do Iguaçu,PR,PR,cruzeiro do iguacu
7069,Quirinópolis,GO,GO,quirinopolis
7070,Campo Largo,PR,PR,campo largo
7071,Bocaiúva do Sul,PR,PR,bocaiuva do sul
7072,Igrapiúna,BA,BA,igrapiuna
7073,Mutuípe,BA,BA,mutuipe
7074,Ituberá,BA,BA,itubera
7075,Maricá,RJ,RJ,marica
7076,Santo Antônio de Pádua,RJ,RJ,santo antonio de padua
7077,Duas Barras,RJ,RJ,duas barras
7078,Timon,MA,MA,timon
7079,Rio das Antas,SC,SC,rio das antas
7080,Tangará,SC,SC,tangara
7081,Juiz de Fora,MG,MG,juiz de fora
7082,Tefé,AM,AM,tefe
7083,Entre Rios de Minas,MG,MG,entre rios de minas
7084,?,MG,MG,
7085,Belo Horizonte,MG,MG,belo horizonte
7086,Congonhas,MG,MG,congonhas
7087,Itambé do Mato Dentro,MG,MG,itambe do mato dentro
7088,Caxambu,MG,MG,caxambu
7089,Juiz de Fora,MG,MG,juiz de fora
7090,Tefé,AM,AM,tefe
7091,Porto Velho,RO,RO,porto velho
7092,Lima Duarte,MG,MG,lima duarte
7093,Guarapuava,PR,PR,guarapuava
7094,São José da Boa Vista,PR,PR,sao jose da boa vista
7095,Rio Bonito do Iguaçu,PR,PR,rio bonito do iguacu
7096,Quedas do Iguaçu,PR,PR,quedas do iguacu
7097,Morretes,PR,PR,morretes
7098,Meander Valley-Tasmania,,,meander valley tasmania
7099,Guaratuba,PR,PR,guaratuba
7100,Igaporã,BA,BA,igapora
7101,Cerro Azul,PR,PR,cerro azul
7102,Indiana,SP,SP,indiana
7103,Morretes,PR,PR,morretes
7104,Palmas,PR,PR,palmas
7105,Toledo,PR,PR,toledo
7106,Campo Largo,PR,PR,campo largo
7107,Guaratuba,PR,PR,guaratuba
7108,Morretes,PR,PR,morretes
7109,Campina Grande do Sul,PR,PR,campina grande do sul
7110,Guarapuava,PR,PR,guarapuava
7111,Campina Grande do Sul,PR,PR,campina grande do sul
7112,Jundiaí do Sul,PR,PR,jundiai do sul
7113,São Miguel do Iguaçu,PR,PR,sao miguel do iguacu
7114,São Miguel do Iguaçu,PR,PR,sao miguel do iguacu
7115,São Miguel do Iguaçu,PR,PR,sao miguel do iguacu
7116,Mercedes,PR,PR,mercedes
7117,Marechal Cândido Rondon,PR,PR,marechal candido rondon
7118,Entre Rios do Oeste,PR,PR,entre rios do oeste
7119,Santa Helena,PR,PR,santa helena
7120,Itaipulândia,PR,PR,itaipulandia
7121,São Miguel do Iguaçu,PR,PR,sao miguel do iguacu
7122,Santa Helena,PR,PR,santa helena
7123,Itaipulândia,PR,PR,itaipulandia
7124,Marechal Cândido Rondon,PR,PR,marechal candido rondon
7125,Missal,PR,PR,missal
7126,São Miguel do Iguaçu,PR,PR,sao miguel do iguacu
7127,Entre Rios do Oeste,PR,PR,entre rios do oeste
7128,Quinta do Sol,PR,PR,quinta do sol
7129,Engenheiro Beltrão,PR,PR,engenheiro beltrao
7130,Peabiru,PR,PR,peabiru
7131,Engenheiro Beltrão,PR,PR,engenheiro beltrao
7132,Peabiru,PR,PR,peabiru
7133,Peabiru,PR,PR,peabiru
7134,Peabiru,PR,PR,peabiru
7135,Peabiru,PR,PR,peabiru
7136,Foz do Iguaçu,PR,PR,foz do iguacu
7137,Guaratuba,PR,PR,guaratuba
7138,Campina Grande do Sul,PR,PR,campina grande do sul
7139,Iretama,PR,PR,iretama
7140,Rio Grande,RS,RS,rio grande
7141,Tunas do Paraná,PR,PR,tunas do parana
7142,Guaratuba,PR,PR,guaratuba
7143,Curitiba,PR,PR,curitiba
7144,Nova Andradina,MS,MS,nova andradina
7145,São Bernardo do Campo,SP,SP,sao bernardo do campo
7146,Santo André,SP,SP,santo andre
7147,Carambeí,PR,PR,carambei
7148,Garuva,SC,SC,garuva
7149,Paranaguá,PR,PR,paranagua
7150,Paranaguá,PR,PR,paranagua
7151,Jaguariaíva,PR,PR,jaguariaiva
7152,Itapema,SC,SC,itapema
7153,Foz do Iguaçu,PR,PR,foz do iguacu
7154,Jeceaba,MG,MG,jeceaba
7155,Caratinga,PR,PR,caratinga
7156,Alfredo Wagner,SC,SC,alfredo wagner
7157,Alto Caparaó,MG,MG,alto caparao
7158,Rafael Jambeiro,BA,BA,rafael jambeiro
7159,Guaraqueçaba,PR,PR,guaraquecaba
7160,Douradina,PR,PR,douradina
7161,Douradina,PR,PR,douradina
7162,Antonina,PR,PR,antonina
7163,Sengés,PR,PR,senges
7164,Garuva,SC,SC,garuva
7165,Curitiba,PR,PR,curitiba
7166,Piraquara,PR,PR,piraquara
7167,Palmeira,PR,PR,palmeira
7168,Porto Vitória,PR,PR,porto vitoria
7169,Carambeí,PR,PR,carambei
7170,Domingos Martins,ES,ES,domingos martins
7171,Porto Murtinho,MS,MS,porto murtinho
7172,Bonito,MS,MS,bonito
7173,Guaratba,PR,PR,guaratba
7174,Marmeleiro,PR,PR,marmeleiro
7175,Piraquara,PR,PR,piraquara
7176,Curitiba,PR,PR,curitiba
7177,Bocaiúva do Sul,PR,PR,bocaiuva do sul
7178,Bodoquena,MS,MS,bodoquena
7179,Guaratuba,PR,PR,guaratuba
7180,Teixeira Soares,PR,PR,teixeira soares
7181,Londrina,PR,PR,londrina
7182,Tunas do Paraná,PR,PR,tunas do parana
7183,Ortigueira,PR,PR,ortigueira
7184,Tomazina,PR,PR,tomazina
7185,Ortigueira,PR,PR,ortigueira
7186,Alto Paraíso de Goiás,GO,GO,alto paraiso de goias
7187,Alto Paraíso de Goiás,GO,GO,alto paraiso de goias
7188,Alto Paraíso de Goiás,GO,GO,alto paraiso de goias
7189,Alto Paraíso de Goiás,GO,GO,alto paraiso de goias
