"genero","especie"
Passiflora,actinia
Passiflora,acuminata
Passiflora,alata
Passiflora,amethystina
Passiflora,auriculata
Passiflora,caerulea
Passiflora,campanulata
Passiflora,capsularis
Passiflora,cervii
Passiflora,cincinnata
Passiflora,coccinea
Passiflora,cristalina
Passiflora,deidamioides
Passiflora,edmundoi
Passiflora,edulis
Passiflora,eichleriana
Passiflora,foetida
Passiflora,garckei
Passiflora,gardneri
Passiflora,gibertii
Passiflora,glandulosa
Passiflora,haematostigma
Passiflora,junqueirae
Passiflora,lepidota
Passiflora,luetzelburgii
Passiflora,mansoi
Passiflora,mediterranea
Passiflora,mendoncaei
Passiflora,miersii
Passiflora,misera
Passiflora,morifolia
Passiflora,nitida
Passiflora,picturata
Passiflora,pohlii
Passiflora,porophylla
Passiflora,racemosa
Passiflora,setulosa
Passiflora,sidifolia
Passiflora,silvestris
Passiflora,suberosa
Passiflora,tenuifila
Passiflora,tricuspis
Passiflora,trintae
Passiflora,urnifolia
Passiflora,vellozoi
Passiflora,villosa
Specklinia,grobyi
Specklinia,marginalis
Litothamnus,nitidus
Crepidomanes,pyxidiferum
Acanthospermum,australe
Acanthospermum,hispidum
Dyssochroma,longipes
Dyssochroma,viridiflorum
Hygrophila,costata
Hygrophila,guianensis
Hypoestes,phyllostachya
Justicia,aequilabris
Justicia,asclepiadea
Justicia,boliviana
Justicia,brandegeeana
Justicia,brasiliana
Justicia,carnea
Justicia,chrysotrichoma
Justicia,comata
Justicia,floribunda
Justicia,gendarussa
Justicia,gilliesii
Justicia,goudotii
Justicia,kleinii
Justicia,laevilinguis
Justicia,lanstyakii
Justicia,lythroides
Justicia,nodicaulis
Justicia,oblonga
Justicia,ramulosa
Justicia,thunbergioides
Justicia,xipotensis
Justicia,sarothroides
Pachystachys,dubiosa
Pachystachys,lutea
Ruellia,affinis
Ruellia,angustiflora
Ruellia,asperula
Ruellia,brevifolia
Ruellia,elegans
Ruellia,epallocaulos
Ruellia,erythropus
Ruellia,exserta
Ruellia,geminiflora
Ruellia,hapalotricha
Ruellia,hygrophila
Ruellia,incomta
Ruellia,jussieuoides
Ruellia,macrantha
Ruellia,multifolia
Ruellia,paniculata
Ruellia,simplex
Ruellia,solitaria
Ruellia,sp.
Ruellia,subsessilis
Sanchezia,oblonga
Sanchezia,parvibracteata
Thunbergia,alata
Thunbergia,cf. fragrans
Thunbergia,erecta
Thunbergia,fragrans
Thunbergia,grandiflora
Thunbergia,laurifolia
Thunbergia,mysorensis
Paepalanthus,albovaginatus 
Paepalanthus,bellus
Paepalanthus,bifidus
Paepalanthus,bromelioides
Paepalanthus,caldensis
Paepalanthus,catharinae
Paepalanthus,chiquitensis
Paepalanthus,dasynema
Paepalanthus,elongatus
Paepalanthus,erectifolius
Paepalanthus,macropodus
Paepalanthus,paulensis
Paepalanthus,pedunculatus
Paepalanthus,planifolius
Paepalanthus,pulvinatus
Paepalanthus,reflexus
Paepalanthus,subtilis
Paepalanthus,tessmannii
Paepalanthus,tortilis
Paepalanthus,trichophyllus
Paepalanthus,vaginatus
Eriocaulon,arechavaletae
Eriocaulon,coniferum
Eriocaulon,crassiscapum
Eriocaulon,ligulatum
Eriocaulon,macrobolax
Eriocaulon,modestum
Echinodorus,aschersonianus
Echinodorus,cylindricus
Echinodorus,glaucus
Echinodorus,grandiflorus
Echinodorus,grisebachii
Echinodorus,longipetalus
Echinodorus,macrophyllus
Echinodorus,subalatus
Bomarea,edulis
Alternanthera,adscendens
Alternanthera,brasiliana
Alternanthera,littoralis
Alternanthera,martii
Alternanthera,micrantha
Alternanthera,praelonga
Alternanthera,pubiflora
Alternanthera,rufa
Alternanthera,tenella
Amaranthus,caudatus
Amaranthus,graecizans
Amaranthus,hybridus
Amaranthus,spinosus
Amaranthus,viridis
Celosia,argentea
Celosia,grandifolia
Chamissoa,acuminata
Chamissoa,altissima
Froelichia,interrupta
Froelichia,procera
Gomphrena,agrestis
Gomphrena,arborescens
Gomphrena,celosioides
Gomphrena,chrestoides
Gomphrena,demissa
Gomphrena,desertorum
Gomphrena,elegans
Gomphrena,globosa
Gomphrena,graminea
Gomphrena,macrocephala
Gomphrena,mollis
Gomphrena,paranensis
Gomphrena,perennis
Gomphrena,pohlii
Gomphrena,prostrata
Gomphrena,riparia
Gomphrena,vaga
Hebanthe,eriantha
Hebanthe,pulverulenta
Hebanthe,reticulata
Hebanthe,erianthos
Iresine,diffusa
Pfaffia,glabrata
Pfaffia,glomerata
Pfaffia,gnaphaloides
Pfaffia,tuberosa
Syngonanthus,caulescens
Syngonanthus,cuyabensis
Syngonanthus,densiflorus
Syngonanthus,fischerianus
Syngonanthus,gracilis
Syngonanthus,helminthorrhizus
Syngonanthus,nitens
Syngonanthus,oblongus
Syngonanthus,reclinatus 
Syngonanthus,tenuis
Syngonanthus,verticillatus
Agapanthus,africanus
Crinum,americanum
Nothoscordum,bonariense
Nothoscordum,exile
Nothoscordum,gracile
Nothoscordum,luteomajus
Anacardium,giganteum
Anacardium,humile
Anacardium,occidentale
Astronium,concinnum
Astronium,fraxinifolium
Astronium,graveolens
Astronium,urundeuva
Lithraea,brasiliensis
Lithraea,molleoides
Mangifera,indica
Schinus,engleri
Schinus,lentiscifolia
Schinus,longifolia
Schinus,molle
Schinus,spinosa
Schinus,terebinthifolia
Schinus,weinmanniifolia
Tapirira,guianensis
Tapirira,obtusa
Annona,acutiflora
Annona,aurantiaca
Annona,cacans
Annona,cf. cordifolia
Annona,coriacea
Annona,cornifolia
Annona,crassiflora
Annona,dioica
Annona,dolabripetala
Annona,emarginata
Annona,exsucca
Annona,montana
Annona,mucosa
Annona,nutans
Annona,sylvatica
Annona,tomentosa
Duguetia,furfuracea
Duguetia,lanceolata
Guatteria,australis
Guatteria,citriodora
Guatteria,coriacea
Guatteria,ferruginea
Guatteria,liesneri
Guatteria,pogonopus
Guatteria,punctata
Guatteria,rigida
Guatteria,schomburgkiana
Phlegmariurus,acerosus
Phlegmariurus,biformis
Phlegmariurus,comans
Phlegmariurus,flexibilis
Phlegmariurus,fontinaloides
Phlegmariurus,heterocarpon
Phlegmariurus,hexastichus
Phlegmariurus,mandiocanus
Phlegmariurus,quadrifariatus
Phlegmariurus,reflexus
Xylopia,amazonica
Xylopia,aromatica
Xylopia,brasiliensis
Xylopia,brasiliensis
Xylopia,emarginata
Xylopia,frutescens
Xylopia,laevigata
Xylopia,nitida
Xylopia,sericea
Coriandrum,sativum
Eryngium,aloifolium
Eryngium,canaliculatum
Eryngium,corallinum
Eryngium,dusenii
Eryngium,ebracteatum
Eryngium,eburneum
Eryngium,ekmanii
Eryngium,elegans
Eryngium,eriophorum
Eryngium,floribundum
Eryngium,horridum
Eryngium,junceum
Eryngium,juncifolium
Eryngium,koehneanum
Eryngium,mesopotamicum
Eryngium,pandanifolium
Eryngium,pohlianum
Eryngium,pristis
Eryngium,rochei
Eryngium,sanguisorba
Eryngium,scirpinum
Eryngium,subinerme
Eryngium,urbanianum
Xylosma,ciliatifolia
Xylosma,prockia
Xylosma,pseudosalzmannii
Xylosma,tweediana
Xylosma,venosa
Allamanda,angustifolia
Allamanda,blanchetii
Allamanda,cathartica
Allamanda,polyantha
Allamanda,puberula
Allamanda,schottii
Aspidosperma,australe
Aspidosperma,cylindrocarpon
Aspidosperma,macrocarpon
Aspidosperma,nobile
Aspidosperma,olivaceum
Aspidosperma,parvifolium
Aspidosperma,polyneuron
Aspidosperma,pyricollum
Aspidosperma,pyrifolium
Aspidosperma,ramiflorum
Aspidosperma,riedelii
Aspidosperma,spruceanum
Aspidosperma,subincanum
Aspidosperma,tomentosum
Catharanthus,roseus
Condylocarpon,isthmicum
Forsteronia,australis
Forsteronia,glabrescens
Forsteronia,leptocarpa
Forsteronia,pubescens
Forsteronia,refracta
Forsteronia,rufa
Forsteronia,thyrsoidea
Forsteronia,velloziana
Hancornia,speciosa
Mandevilla,atroviolacea
Mandevilla,clandestina
Mandevilla,coccinea
Mandevilla,emarginata
Mandevilla,hatschbachii
Mandevilla,hirsuta
Mandevilla,illustris
Mandevilla,immaculata
Mandevilla,longiflora
Mandevilla,myriophylla
Mandevilla,pentlandiana
Mandevilla,petraea
Mandevilla,pohliana
Mandevilla,pycnantha
Mandevilla,scabra
Mandevilla,sellowii
Mandevilla,spigeliiflora
Mandevilla,tenuifolia
Mandevilla,urophylla
Nerium,oleander
Plumeria,pudica
Plumeria,rubra
Prestonia,bahiensis
Prestonia,calycina
Prestonia,coalita
Prestonia,mexicana
Prestonia,quinquangularis
Prestonia,tomentosa
Rauvolfia,ligustrina
Rauvolfia,sellowii
Secondatia,densiflora
Tabernaemontana,catharinensis
Tabernaemontana,laeta
Tabernaemontana,siphilitica
Temnadenia,odorifera
Temnadenia,violacea
Ilex,affinis
Ilex,brasiliensis
Ilex,brevicuspis
Ilex,chamaedryfolia
Ilex,conocarpa
Ilex,dumosa
Ilex,floribunda
Ilex,gracilior
Ilex,integerrima
Ilex,lundii
Ilex,microdonta
Ilex,paraguariensis
Ilex,pseudobuxus
Ilex,taubertiana
Ilex,theezans
Ilex,trichothyrsa
Anthurium,acutum
Anthurium,affine
Anthurium,andraeanum
Anthurium,bonplandii
Anthurium,gaudichaudianum
Anthurium,itanhaense
Anthurium,loefgrenii
Anthurium,minarum
Anthurium,pentaphyllum
Anthurium,plowmanii
Anthurium,raimundii
Anthurium,scandens
Anthurium,sellowianum
Anthurium,sinuatum
Colocasia,esculenta
Monstera,adansonii
Monstera,deliciosa
Monstera,praetermissa
Monstera,subpinnata
Spathicarpa,hastifolia
Spathicarpa,lanceolata
Syngonium,podophyllum
Syngonium,vellozianum
Syngonium,yurimaguense
Aralia,warmingiana
Dendropanax,australis
Dendropanax,cuneatus
Dendropanax,monogynus
Tetrapanax,papyrifer
Araucaria,angustifolia
Araucaria,bidwillii
Araucaria,columnaris
Caesalpinia,pulcherrima
Allagoptera,campestris
Allagoptera,caudescens
Bactris,glaucescens
Bactris,setosa
Bactris,simplicifrons
Butia,eriospatha
Butia,microspadix
Butia,paraguayensis
Butia,soffiae
Euterpe,edulis
Euterpe,oleracea
Geonoma,elegans
Geonoma,gamiova
Geonoma,schottiana
Livistona,benthamii
Livistona,chinensis
Phoenix,roebelenii
Syagrus,allagopteroides
Syagrus,comosa
Syagrus,flexuosa
Syagrus,glaucescens
Syagrus,hoehnei
Syagrus,romanzoffiana
Aristolochia,arcuata
Aristolochia,chamissonis
Aristolochia,chiquitensis
Aristolochia,elegans
Aristolochia,esperanzae
Aristolochia,gibertii
Aristolochia,gigantea
Aristolochia,labiata
Aristolochia,melastoma
Aristolochia,odoratissima
Aristolochia,stomachoides
Aristolochia,triangularis
Aristolochia,trilobata
Aristolochia,wendeliana
Acianthera,aphthosa
Acianthera,crepiniana
Acianthera,fenestrata
Acianthera,fockei
Acianthera,glanduligera
Acianthera,gracilisepala
Acianthera,hatschbachii
Acianthera,hygrophila
Acianthera,klotzschiana
Acianthera,luteola
Acianthera,ochreata
Acianthera,pubescens
Acianthera,recurva
Acianthera,saundersiana
Acianthera,saurocephala
Acianthera,sonderiana
Acianthera,violaceomaculata
Cranichis,candida
Chaetogastra,cerastifolia
Chaetogastra,clinopodifolia
Chaetogastra,cogniauxiana
Chaetogastra,cordeiroi
Chaetogastra,crassifolia
Chaetogastra,debilis
Chaetogastra,flavum
Chaetogastra,gracilis
Chaetogastra,herbacea
Chaetogastra,herincquiana
Chaetogastra,parviflora
Chaetogastra,saxicola
Asplenium,abscissum
Asplenium,alatum
Asplenium,atlanticum
Asplenium,auriculatum
Asplenium,auritum
Asplenium,balansae
Asplenium,brasiliense
Asplenium,campos-portoi
Asplenium,cf. auritum
Asplenium,claussenii
Asplenium,discrepans
Asplenium,douglasii
Asplenium,feei
Asplenium,flabellulatum
Asplenium,gastonis
Asplenium,harpeodes
Asplenium,inaequilaterale
Asplenium,incurvatum
Asplenium,kunzeanum
Asplenium,martianum
Asplenium,mucronatum
Asplenium,oligophyllum
Asplenium,otites
Asplenium,pseudonitidum
Asplenium,pulchellum
Asplenium,scandicinum
Asplenium,serra
Asplenium,serratum
Asplenium,squamosum
Asplenium,stuebelianum
Asplenium,uniseriale
Esterhazya,eitenorum
Esterhazya,macrodonta
Esterhazya,splendida
Achyrocline,alata
Achyrocline,satureioides
Achyrocline,vauthieriana
Ambrosia,artemisiifolia
Ambrosia,polystachya
Ambrosia,tenuifolia
Artemisia,ludoviciana
Artemisia,verlotiorum 
Artemisia,vulgaris
Aspilia,attenuata
Aspilia,duarteana
Aspilia,latissima
Aspilia,montevidensis
Aspilia,pascalioides
Aspilia,reflexa
Smallanthus,connatus
Smallanthus,sonchifolius
Austroeupatorium,inulaefolium
Austroeupatorium,laetevirens
Austroeupatorium,picturatum
Austroeupatorium,rosmarinaceum
Austroeupatorium,silphiifolium
Baccharis,aliena
Baccharis,angusticeps
Baccharis,anomala
Baccharis,aracatubensis
Baccharis,articulata
Baccharis,axillaris
Baccharis,brevifolia
Baccharis,breviseta
Baccharis,calvescens
Baccharis,caprariifolia
Baccharis,cognata
Baccharis,conyzoides
Baccharis,coridifolia
Baccharis,crispa
Baccharis,curitybensis
Baccharis,darwinii
Baccharis,deblei
Baccharis,dentata
Baccharis,dracunculifolia
Baccharis,elliptica
Baccharis,erioclada
Baccharis,glutinosa
Baccharis,gnaphalioides
Baccharis,gracilis
Baccharis,helichrysoides
Baccharis,illinita
Baccharis,incisa
Baccharis,intermixta
Baccharis,junciformis
Baccharis,leptospermoides 
Baccharis,leucocephala
Baccharis,linearifolia
Baccharis,longiattenuata
Baccharis,megapotamica
Baccharis,mesoneura
Baccharis,microcephala
Baccharis,microdonta
Baccharis,milleflora
Baccharis,montana
Baccharis,myricifolia
Baccharis,myriocephala
Baccharis,nummularia
Baccharis,oblongifolia
Baccharis,ochracea
Baccharis,oreophila
Baccharis,organensis
Baccharis,oxyodonta
Baccharis,paranensis
Baccharis,pauciflosculosa
Baccharis,pentaptera
Baccharis,pentodonta
Baccharis,pingraea
Baccharis,platypoda
Baccharis,pseudomyriocephala
Baccharis,pseudovillosa
Baccharis,punctulata
Baccharis,ramboi
Baccharis,reticularia
Baccharis,retusa
Baccharis,rufidula
Baccharis,sagittalis
Baccharis,salicifolia
Baccharis,semiserrata
Baccharis,serrulata
Baccharis,sessiliflora
Baccharis,singularis
Baccharis,sphenophylla
Baccharis,spicata
Baccharis,subdentata
Baccharis,subtropicalis
Baccharis,tarchonanthoides
Baccharis,trilobata
Baccharis,trinervis
Baccharis,trineura
Baccharis,uleana
Baccharis,umbellata
Baccharis,uncinella
Baccharis,urvilleana
Baccharis,vincifolia
Baccharis,vulneraria
Baccharis,weirii
Barrosoa,betonicaeformis
Barrosoa,candolleana
Bidens,alba
Bidens,gardneri
Bidens,pilosa
Bidens,squarrosa
Bidens,subalternans
Psiguria,ternata
Calea,acaulis
Calea,candolleana
Calea,clausseniana
Calea,clematidea
Calea,cuneifolia
Calea,cymosa
Calea,graminifolia
Calea,ilienii
Calea,lantanoides
Calea,marginata
Calea,mediterranea
Calea,monocephala
Calea,parvifolia
Calea,phyllolepis
Calea,pinnatifida
Calea,teucriifolia
Calea,triantha
Calyptocarpus,brasiliensis
Campovassouria,barbosae
Campovassouria,cruciata
Campuloclinium,macrocephalum
Campuloclinium,purpurascens
Centratherum,punctatum
Leucanthemum,vulgare
Chaptalia,integerrima
Chaptalia,nutans
Chaptalia,piloselloides
Chresta,angustifolia
Chresta,curumbensis
Chresta,hatschbachii
Chresta,plantaginifolia
Chresta,scapigera
Chresta,sphaerocephala
Chromolaena,ascendens
Chromolaena,asperrima
Chromolaena,chaseae
Chromolaena,congesta
Chromolaena,elliptica
Chromolaena,hirsuta
Chromolaena,hirsuta
Chromolaena,horminoides
Chromolaena,ivifolia
Chromolaena,laevigata
Chromolaena,latisquamulosa
Chromolaena,maximiliani
Chromolaena,odorata
Chromolaena,palmaris
Chromolaena,pedunculosa
Chromolaena,rhinanthacea
Chromolaena,sagittifera
Chromolaena,squarrulosa
Chromolaena,stachyophylla
Chrysanthemum,morifolium
Chrysolaena,cf. obovata
Chrysolaena,flexuosa
Chrysolaena,lithospermifolia
Chrysolaena,nicolackii
Chrysolaena,obovata
Chrysolaena,oligophylla
Chrysolaena,platensis
Chrysolaena,propinqua
Chrysolaena,simplex
Cirsium,vulgare
Odontonema,cuspidatum
Sagittaria,montevidensis
Sagittaria,rhombifolia
Blutaparon,portulacoides
Thevetia,bicornuta
Thevetia,peruviana
Ageratum,conyzoides
Ageratum,fastigiatum
Ageratum,houstonianum
Avicennia,germinans
Avicennia,schaueriana
Clibadium,armanii
Conyza,bonariensis
Conyza,canadensis
Conyza,primulifolia
Conyza,sumatrensis
Coreopsis,lanceolata
Coreopsis,tinctoria
Crepis,capillaris
Critonia,morifolia
Critonia,morifolia
Cyrtocymura,cincta
Cyrtocymura,mattos-silvae
Cyrtocymura,scorpioides
Dahlia,pinnata
Dasyphyllum,brasiliense
Dasyphyllum,flagellare
Dasyphyllum,spinescens
Dasyphyllum,sprengelianum
Dasyphyllum,vagans
Pseudogynoxys,cabrerae
Dendrophorbium,brachycodon
Dendrophorbium,fruticosum
Dendrophorbium,limosum
Dendrophorbium,paranense
Dendrophorbium,pluricephalum
Dendrophorbium,subnemorale
Dimerostemma,annuum
Dimerostemma,arnottii
Dimerostemma,indutum
Eclipta,elliptica
Eclipta,prostrata
Elephantopus,mollis
Emilia,cf. sonchifolia
Emilia,fosbergii
Emilia,limosa
Emilia,sonchifolia
Erechtites,hieracifolius
Erechtites,valerianifolius
Eremanthus,capitatus
Eremanthus,crotonoides
Eremanthus,erythropappus
Eremanthus,glomerulatus
Emmotum,nitens
Galinsoga,parviflora
Galinsoga,quadriradiata
Gazania,rigens
Gerbera,jamesonii
Xerochrysum,bracteatum
Grazielia,gaudichaudiana
Grazielia,intermedia
Grazielia,multifida
Grazielia,nummularia
Grazielia,serrata
Gymnanthemum,amygdalinum
Gyptis,tanacetifolia
Mauranthemum,paludosum
Inulopsis,camporum 
Inulopsis,scaposa
Inulopsis,stenophylla
Lepidaploa,argyrotricha
Lepidaploa,aurea
Lepidaploa,balansae
Lepidaploa,barbata
Lepidaploa,chalybaea
Lepidaploa,chamissonis
Lepidaploa,cotoneaster
Lepidaploa,eriolepis
Lepidaploa,muricata
Lepidaploa,nitens
Lepidaploa,pseudomuricata
Lepidaploa,remotiflora
Lepidaploa,rufogrisea
Lepidaploa,salzmannii
Lessingianthus,ammophilus
Lessingianthus,argenteus
Lessingianthus,asteriflorus
Lessingianthus,brevifolius
Lessingianthus,cordiger
Lessingianthus,coriaceus
Lessingianthus,durus
Lessingianthus,glabratus
Lessingianthus,grandiflorus
Lessingianthus,laniferus
Lessingianthus,macrocephalus
Lessingianthus,niederleinii
Lessingianthus,plantaginodes
Lessingianthus,polyphyllus
Lessingianthus,psilophyllus
Lessingianthus,pumillus
Lessingianthus,reitzianus
Lessingianthus,sancti-pauli
Lessingianthus,ulei
Lessingianthus,virgulatus
Lessingianthus,warmingianus
Lessingianthus,zuccarinianus
Mattfeldanthus,mutisioides
Dypsis,decaryi
Dypsis,lutescens
Mikania,argyreiae
Mikania,biformis
Mikania,burchellii
Mikania,campanulata
Mikania,capricorni
Mikania,clematidifolia
Mikania,cordifolia
Mikania,elliptica
Mikania,fulva
Mikania,glomerata
Mikania,hastato-cordata
Mikania,hemisphaerica
Mikania,hirsutissima
Mikania,hoffmanniana
Mikania,involucrata
Mikania,itambana
Mikania,laevigata
Mikania,lanuginosa
Mikania,leiolaena
Mikania,ligustrifolia
Mikania,lindbergii
Mikania,lindleyana
Mikania,lundiana
Mikania,micrantha
Mikania,microcephala
Mikania,nummularia
Mikania,oblongifolia
Mikania,officinalis
Mikania,oreophila
Mikania,orleansensis
Mikania,paniculata
Mikania,paranensis
Mikania,psilostachya
Mikania,salviifolia
Mikania,scandens
Mikania,sericea
Mikania,sessilifolia
Mikania,smaragdina
Mikania,ternata
Mikania,trinervis
Mikania,triphylla
Mutisia,campanulata
Mutisia,coccinea
Mutisia,speciosa
Mutisia,subulata
Neocabreria,malachophylla
Neocabreria,serrulata
Orthopappus,angustifolius
Parthenium,hysterophorus
Piptocarpha,angustifolia
Piptocarpha,axillaris
Piptocarpha,densifolia
Piptocarpha,macropoda
Piptocarpha,oblonga
Piptocarpha,quadrangularis
Piptocarpha,regnellii
Piptocarpha,reitziana
Piptocarpha,rotundifolia
Piptocarpha,sellowii
Porophyllum,curticeps
Porophyllum,ruderale
Praxelis,clematidea
Praxelis,diffusa
Praxelis,grandiflora
Praxelis,kleinioides
Praxelis,missiona
Praxelis,sanctopaulensis
Pterocaulon,alopecuroides
Pterocaulon,angustifolium
Pterocaulon,balansae
Pterocaulon,lanatum
Pterocaulon,lorentzii
Pterocaulon,rugosum
Pterocaulon,virgatum
Senecio,bonariensis
Senecio,brasiliensis
Senecio,cisplatinus
Senecio,conyzifolius
Senecio,crassiflorus
Senecio,grisebachii
Senecio,grossidens
Senecio,heterotrichius
Senecio,hoehnei
Senecio,icoglossus
Senecio,inaequidens
Senecio,juergensii
Senecio,langei
Senecio,leptolobus
Senecio,leptoschizus
Senecio,leucostachys
Senecio,oleosus
Senecio,selloi
Senecio,smithii
Senecio,stigophlebius
Senecio,trichocaulon
Sigesbeckia,orientalis
Solidago,chilensis
Sonchus,asper
Sonchus,oleraceus
Sphagneticola,brachycarpa
Sphagneticola,trilobata
Stevia,alternifolia
Stevia,catharinensis
Stevia,claussenii
Stevia,collina
Stevia,leptophylla
Stevia,lundiana
Stevia,myriadenia
Stevia,ophryophylla
Stevia,salicifolia
Stevia,tenuis
Stevia,veronicae
Symphyopappus,angustifolius
Symphyopappus,casarettoi
Symphyopappus,compressus
Symphyopappus,cuneatus
Symphyopappus,decussatus
Symphyopappus,itatiayensis
Symphyopappus,lymansmithii
Symphyopappus,reticulatus
Symphyopappus,uncinatus
Tagetes,erecta
Tagetes,minuta
Tagetes,patula
Tithonia,diversifolia
Trichogoniopsis,adenantha
Tridax,procumbens
Trixis,antimenorrhoea
Trixis,glaziovii
Trixis,lessingii
Trixis,nobilis
Trixis,praestans
Trixis,thyrsoidea
Trixis,vauthieri
Vernonanthura,beyrichii
Vernonanthura,brasiliana
Vernonanthura,canaminina
Vernonanthura,cf. squamulosa
Vernonanthura,chamaedrys
Vernonanthura,crassa
Vernonanthura,cuneifolia
Vernonanthura,discolor
Vernonanthura,divaricata
Vernonanthura,ferruginea
Vernonanthura,montevidensis
Vernonanthura,mucronulata
Vernonanthura,nana
Vernonanthura,nudiflora
Vernonanthura,oligactoides
Vernonanthura,oligolepis
Vernonanthura,perangusta
Vernonanthura,petiolaris
Vernonanthura,polyanthes
Vernonanthura,puberula
Vernonanthura,rigiophylla
Vernonanthura,subverticillata
Vernonanthura,tweediana
Vernonanthura,westiniana
Pseudognaphalium,cheiranthifolium
Dolichandra,chodatii
Dolichandra,cynanchoides
Dolichandra,dentata
Dolichandra,hispida
Dolichandra,quadrivalvis
Dolichandra,uncata
Dolichandra,unguis-cati
Xanthium,spinosum
Xanthium,strumarium
Begonia,aconitifolia
Begonia,angulata
Begonia,barkleyana
Begonia,bidentata
Begonia,biguassuensis
Begonia,capanemae
Begonia,catharinensis
Begonia,convolvulacea
Begonia,cucullata
Begonia,descoleana
Begonia,echinosepala
Begonia,fischeri
Begonia,fruticosa
Begonia,fuscocaulis
Begonia,grisea
Begonia,hammoniae
Begonia,ibitiocensis
Begonia,incisoserrata
Begonia,integerrima
Begonia,itatinensis
Begonia,itupavensis
Begonia,kuhlmannii
Begonia,lanceolata
Begonia,maculata
Begonia,medeirosii
Begonia,neglecta
Begonia,olsoniae
Begonia,paleata
Begonia,perdusenii
Begonia,pulchella
Begonia,radicans
Begonia,reniformis
Begonia,semperflorens
Begonia,solananthera
Begonia,stenolepis
Begonia,subvillosa
Begonia,ulmifolia
Nandina,domestica
Adenocalymma,alboaurantiacum
Adenocalymma,bracteatum
Adenocalymma,coriaceum
Adenocalymma,cymbalum
Adenocalymma,dusenii
Adenocalymma,marginatum
Adenocalymma,nodosum
Adenocalymma,paulistarum
Adenocalymma,peregrinum
Adenocalymma,pubescens
Anemopaegma,acutifolium
Anemopaegma,arvense
Anemopaegma,brevipes
Anemopaegma,chamberlaynii
Anemopaegma,floridum
Anemopaegma,glaucum
Anemopaegma,hilarianum
Anemopaegma,longipetiolatum
Anemopaegma,prostratum
Amphilophium,crucigerum
Amphilophium,dolichoides
Amphilophium,dusenianum
Amphilophium,elongatum
Amphilophium,falcatum
Amphilophium,paniculatum
Cybistax,antisyphilitica
Jacaranda,caroba
Jacaranda,glabra
Jacaranda,irwinii
Jacaranda,macrantha
Jacaranda,micrantha
Jacaranda,mimosifolia
Jacaranda,mutabilis
Jacaranda,obovata
Jacaranda,oxyphylla
Jacaranda,puberula
Jacaranda,racemosa
Jacaranda,rufa
Jacaranda,ulei
Artocarpus,heterophyllus
Mansoa,difficilis
Podranea,ricasoliana
Pyrostegia,venusta
Spathodea,campanulata
Stizophyllum,perforatum
Tabebuia,aurea
Tabebuia,cassinoides
Tabebuia,rosea
Tabebuia,roseoalba
Tecoma,stans
Tynanthus,cognatus
Tynanthus,micranthus
Tynanthus,polyanthus
Cochlospermum,orinocense
Cochlospermum,regium
Cochlospermum,vitifolium
Zeyheria,montana
Zeyheria,tuberculosa
Bixa,arborea
Bixa,orellana
Blechnum,areolatum
Blechnum,asplenioides
Blechnum,auriculatum
Blechnum,austrobrasilianum
Blechnum,gracile
Blechnum,laevigatum
Blechnum,lanceola
Blechnum,longipilosum
Blechnum,occidentale
Blechnum,polypodioides
Blechnum,xcaudatum
Pseudobombax,grandiflorum
Pseudobombax,longiflorum
Pseudobombax,simplicifolium
Corchorus,argutus
Corchorus,hirtus
Corchorus,olitorius
Aspidogyne,argentea
Aspidogyne,bidentifera
Aspidogyne,commelinoides
Aspidogyne,foliosa
Aspidogyne,juruenensis
Aspidogyne,kuczynskii
Aspidogyne,rosea
Waltheria,brachypetala
Waltheria,cinerascens
Waltheria,communis
Waltheria,indica
Waltheria,macropoda
Waltheria,polyantha
Waltheria,rotundifolia
Varronia,curassavica
Varronia,guazumifolia
Varronia,leucocephala
Varronia,polycephala
Euploca,filiformis
Euploca,hassleriana
Euploca,humilis
Euploca,parciflora
Euploca,procumbens
Euploca,salicoides
Moritzia,ciliata
Moritzia,dusenii
Pleocnemia,irregularis
Heliotropium,amplexicaule
Heliotropium,angiospermum
Heliotropium,cuspidatum
Heliotropium,elongatum
Heliotropium,funkiae
Heliotropium,indicum
Heliotropium,transalpinum
Lepidium,bonariense
Lepidium,virginicum
Sinapis,arvensis
Raphanus,raphanistrum
Raphanus,sativus
Acanthostachys,strobilacea
Aechmea,bromeliifolia
Aechmea,caudata
Aechmea,chantinii
Aechmea,comata
Aechmea,cylindrata
Aechmea,distichantha
Aechmea,gamosepala
Aechmea,kertesziae
Aechmea,lamarchei
Aechmea,mertensii
Aechmea,nudicaulis
Aechmea,organensis
Aechmea,ornata
Aechmea,recurvata
Ananas,ananassoides
Ananas,bracteatus
Billbergia,amoena
Billbergia,distachia
Billbergia,nutans
Billbergia,zebrina
Bromelia,antiacantha
Bromelia,balansae
Bromelia,glaziovii
Bromelia,laciniosa
Dyckia, tuberosa
Dyckia,dissitiflora
Dyckia,dusenii
Dyckia,ferruginea
Dyckia,fosteriana
Dyckia,leptostachya
Dyckia,microcalyx
Dyckia,reitzii
Dyckia,remotiflora
Dyckia,tuberosa
Dyckia,velascana
Dyckia,walteriana
Dyckia,braunii
Nidularium,innocentii
Nidularium,procerum
Browallia,americana
Tillandsia,adpressiflora
Tillandsia,aeranthos
Tillandsia,crocata
Tillandsia,didisticha
Tillandsia,gardnerii
Tillandsia,geminiflora
Tillandsia,linearis
Tillandsia,loliacea
Tillandsia,lorentziana
Tillandsia,mallemontii
Tillandsia,pohliana
Tillandsia,recurvata
Tillandsia,recurvifolia
Tillandsia,streptocarpa
Tillandsia,stricta
Tillandsia,tenuifolia
Tillandsia,tricholepis
Tillandsia,usneoides
Tillandsia,xiphioides
Vriesea,altodaserrae
Vriesea,carinata
Vriesea,ensiformis
Vriesea,erythrodactylon
Vriesea,flammea
Vriesea,flava
Vriesea,friburgensis
Vriesea,gigantea
Vriesea,guttata
Vriesea,incurvata
Vriesea,inflata
Vriesea,philippocoburgii
Vriesea,platynema
Vriesea,procera
Vriesea,reitzii
Vriesea,rodigasiana
Protium,altissimum
Protium,apiculatum
Protium,cf. icicariba
Protium,goudotianum
Protium,heptaphyllum
Protium,kleinii
Protium,ovatum
Protium,spruceanum
Protium,unifoliolatum
Brasiliopuntia,brasiliensis
Cereus,hildmannianus
Epiphyllum,oxypetalum
Epiphyllum,phyllanthus
Mimosa,acutistipula
Mimosa,amambayensis
Mimosa,antrorsa
Mimosa,apodocarpa
Mimosa,arenosa
Mimosa,asperoides
Mimosa,atlantica
Mimosa,aurivillus
Mimosa,balduinii
Mimosa,bathyrrhena
Mimosa,bifurca
Mimosa,bimucronata
Mimosa,bocainae
Mimosa,caesalpiniifolia
Mimosa,callidryas
Mimosa,candollei
Mimosa,chartostegia
Mimosa,claussenii
Mimosa,congestifolia
Mimosa,coniflora
Mimosa,cruenta
Mimosa,daleoides
Mimosa,debilis
Mimosa,diplotricha
Mimosa,distans
Mimosa,dolens
Mimosa,dryandroides
Mimosa,dutrae
Mimosa,fachinalensis
Mimosa,filipes
Mimosa,flagellaris
Mimosa,flocculosa
Mimosa,foliolosa
Mimosa,furfuracea
Mimosa,gemmulata
Mimosa,glutinosa
Mimosa,glycyrrhizoides
Mimosa,gracilis
Mimosa,guaranitica
Mimosa,gymnas
Mimosa,hatschbachii
Mimosa,hebecarpa
Mimosa,hexandra
Mimosa,hilariana
Mimosa,incana
Mimosa,invisa
Mimosa,irrigua
Mimosa,lanata
Mimosa,lanuginosa
Mimosa,lepidorepens
Mimosa,melanocarpa
Mimosa,micropteris
Mimosa,miranda
Mimosa,misera
Mimosa,modesta
Mimosa,monticola
Mimosa,murex
Mimosa,myriophylla
Mimosa,niederleinii
Mimosa,oblonga
Mimosa,oligophylla
Mimosa,orthacantha
Mimosa,paraguariae
Mimosa,paranapiacabae
Mimosa,paupera
Mimosa,per-dusenii
Mimosa,pigra
Mimosa,pilulifera
Mimosa,piptoptera
Mimosa,pithecolobioides
Mimosa,polycarpa
Mimosa,polycephala
Mimosa,prionopus
Mimosa,pseudocallosa
Mimosa,pseudotrachycarpa
Mimosa,pteridifolia
Mimosa,pudica
Mimosa,ramentacea
Mimosa,ramosissima
Mimosa,reduviosa
Mimosa,regnellii
Mimosa,rojasii
Mimosa,scabrella
Mimosa,schleidenii
Mimosa,selloi
Mimosa,sensitiva
Mimosa,setosa
Mimosa,skinneri
Mimosa,sobralii
Mimosa,somnians
Mimosa,sparsiformis
Mimosa,spixiana
Mimosa,sprengelii
Mimosa,strobiliflora
Mimosa,taimbensis
Mimosa,tenuiflora
Mimosa,tucumensis
Mimosa,uraguensis
Mimosa,urbica
Mimosa,urticaria
Mimosa,velloziana
Mimosa,xanthocentra
Lepismium,cruciforme
Lepismium,houlletianum
Lepismium,lumbricoides
Lepismium,warmingianum
Albizia,edwallii
Albizia,inundata 
Albizia,lebbeck
Albizia,niopoides
Albizia,pedicellaris
Albizia,polycephala
Opuntia,dillenii
Opuntia,ficus-indica
Opuntia,monacantha
Pereskia,aculeata
Pereskia,grandifolia
Rhipsalis,baccifera
Rhipsalis,campos-portoana
Rhipsalis,cereuscula
Rhipsalis,cf. trigona
Rhipsalis,dissimilis
Rhipsalis,elliptica
Rhipsalis,floccosa
Rhipsalis,grandiflora
Rhipsalis,pachyptera
Rhipsalis,paradoxa
Rhipsalis,pilocarpa
Rhipsalis,teres
Rhipsalis,trigona
Pomaria,pilosa
Pomaria,rubicunda
Pomaria,stipularis
Delonix,regia
Bonyunia,antoniifolia
Dimorphandra,mollis
Gleditsia,amorphoides
Gleditsia,sinensis
Goniorrhachis,marginata
Hymenaea,courbaril
Hymenaea,eriogyne
Hymenaea,longifolia
Hymenaea,martiana
Hymenaea,stigonocarpa
Melanoxylon,brauna
Peltophorum,dubium
Pterogyne,nitens
Schizolobium,parahyba
Swartzia,acutifolia
Swartzia,apetala
Swartzia,arborescens
Swartzia,jorori
Swartzia,laurifolia
Swartzia,panacoco
Rhizophora,mangle
Laguncularia,racemosa
Adenostemma,brasilianum
Adenostemma,verbesina
Parapiptadenia,blanchetii
Parapiptadenia,pterosperma
Parapiptadenia,rigida
Acicarpha,bonariensis
Acicarpha,tribuloides
Lobelia,anceps
Lobelia,aquatica
Lobelia,brasiliensis
Lobelia,camporum
Lobelia,exaltata
Lobelia,fistulosa
Lobelia,hassleri
Lobelia,hederacea
Lobelia,langeana
Lobelia,xalapensis
Siphocampylus,convolvulaceus
Siphocampylus,densidentatus
Siphocampylus,fimbriatus
Siphocampylus,fluminensis
Siphocampylus,fulgens
Siphocampylus,lycioides
Siphocampylus,macropodus
Siphocampylus,nitidus
Siphocampylus,sulfureus
Siphocampylus,verticillatus
Siphocampylus,westinianus
Valeriana,catharinensis
Valeriana,eupatoria
Valeriana,salicariifolia
Valeriana,scandens
Valeriana,ulei
Cyclospermum,leptophyllum
Carica,papaya
Jacaratia,spinosa
Caryocar,brasiliense
Caryocar,coriaceum
Cerastium,rivulare
Dianthus,chinensis
Spergula,arvensis
Maytenus,boaria
Hedyosmum,brasiliense
Couepia,cataractae
Couepia,grandiflora
Couepia,uiti
Hirtella,bicornis
Hirtella,burchellii
Hirtella,ciliata
Hirtella,eriandra
Hirtella,glandulosa
Hirtella,gracilipes
Hirtella,hebeclada
Hirtella,insignis
Licania,aff. pallida
Licania,dealbata
Licania,hoehnei
Licania,kunthiana
Licania,lamentanda
Parinari,brasiliensis
Parinari,excelsa
Parinari,obtusifolia
Clethra,scabra
Clethra,uleana
Cinnamodendron,dinisii
Cinnamodendron,occhionianum
Clusia,aemygdioi
Clusia,criuva
Clusia,fluminensis
Clusia,lanceolata
Clusia,nemorosa
Clusia,organensis
Anthodon,decussatus
Picramnia,antidesma
Picramnia,excelsa
Picramnia,glazioviana
Picramnia,parvifolia
Picramnia,ramiflora
Combretum,duarteanum
Combretum,fruticosum
Combretum,hilarianum
Combretum,indicum
Combretum,lanceolatum
Combretum,laxum
Combretum,leprosum
Combretum,mellifluum
Combretum,monetaria
Combretum,pyramidatum
Combretum,rotundifolium
Terminalia,actinophylla
Terminalia,argentea
Terminalia,australis
Terminalia,catappa
Terminalia,cf. argentea
Terminalia,corrugata
Terminalia,fagifolia
Terminalia,glabrescens
Terminalia,mameluco
Terminalia,tetraphylla
Terminalia,triflora
Sinningia,aggregata
Sinningia,allagophylla
Sinningia,brasiliensis
Sinningia,canescens
Sinningia,conspicua
Sinningia,cooperi
Sinningia,curtiflora
Sinningia,douglasii
Sinningia,elatior
Sinningia,eumorpha
Sinningia,leopoldii
Sinningia,lineata
Sinningia,macropoda
Sinningia,nivalis
Sinningia,reitzii
Sinningia,sceptrum
Sinningia,sellovii
Impatiens,balsamina
Impatiens,parviflora
Impatiens,walleriana
Anredera,cordifolia
Anredera,tucumanensis
Canna,generalis
Canna,indica
Pseuderanthemum,riedelianum
Commelina,benghalensis
Commelina,cf. obliqua
Commelina,diffusa
Commelina,erecta
Commelina,fasciculata
Commelina,longicaulis
Commelina,obliqua
Commelina,rufipes
Commelina,tuberosa
Commelina,virginica
Dichorisandra,hexandra
Dichorisandra,incurva
Dichorisandra,paranaensis
Dichorisandra,penduliflora
Dichorisandra,procera
Dichorisandra,pubescens
Dichorisandra,villosula
Tradescantia,cerinthoides
Tradescantia,chrysophylla
Tradescantia,crassula
Tradescantia,cymbispatha
Tradescantia,decora
Tradescantia,fluminensis
Tradescantia,mundula
Tradescantia,pallida
Tradescantia,tenella
Tradescantia,umbraculifera
Tradescantia,virginiana
Tradescantia,zanonia
Tradescantia,zebrina
Tripogandra,diuretica
Ipomoea,acutisepala
Ipomoea,alba
Ipomoea,argentea
Ipomoea,asarifolia
Ipomoea,batatas
Ipomoea,bonariensis
Ipomoea,burchellii
Ipomoea,cairica
Ipomoea,carnea
Ipomoea,cf. indica
Ipomoea,delphinioides
Ipomoea,gigantea
Ipomoea,goyazensis
Ipomoea,hederifolia
Ipomoea,horsfalliae
Ipomoea,imperati
Ipomoea,incarnata
Ipomoea,indica
Ipomoea,indivisa
Ipomoea,malvaeoides
Ipomoea,nil
Ipomoea,padillae
Ipomoea,pes-caprae
Ipomoea,philomega
Ipomoea,pinifolia
Ipomoea,procumbens
Ipomoea,procurrens
Ipomoea,purpurea
Ipomoea,quamoclit
Ipomoea,ramosissima
Ipomoea,rubens
Ipomoea,saopaulista
Ipomoea,subincana
Ipomoea,syringifolia
Ipomoea,tiliacea
Ipomoea,triloba
Cayaponia,bonariensis
Cayaponia,cabocla
Cayaponia,diversifolia
Cayaponia,espelina
Cayaponia,martiana
Cayaponia,pilosa
Cayaponia,racemosa
Cayaponia,tayuya
Cayaponia,villosissima
Cayaponia,weddellii
Ceratosanthes,hilariana
Luffa,cylindrica
Melothria,campestris
Melothria,candolleana
Melothria,cucumis
Melothria,hirsuta
Melothria,pendula
Momordica,charantia
Wilbrandia,ebracteata
Wilbrandia,hibiscoides
Wilbrandia,longisepala
Lamanonia,brasiliensis
Lamanonia,cuneata
Lamanonia,speciosa
Lamanonia,ternata
Cupressus,goveniana
Cupressus,lusitanica
Cupressus,sempervirens
Oxalis,alstonii
Oxalis,articulata
Oxalis,barrelieri
Oxalis,bipartita
Oxalis,clausenii
Oxalis,confertissima
Oxalis,conorrhiza
Oxalis,cordata
Oxalis,corniculata
Oxalis,cytisoides
Oxalis,debilis
Oxalis,eriocarpa
Oxalis,frutescens
Oxalis,gardneriana
Oxalis,geralensis
Oxalis,goyazensis
Oxalis,hirsutissima
Oxalis,hyalotricha
Oxalis,linarantha
Oxalis,myriophylla
Oxalis,neuwiedii
Oxalis,niederleiniana
Oxalis,niederleinii
Oxalis,paranaensis
Oxalis,physocalyx
Oxalis,polymorpha
Oxalis,potamophila
Oxalis,renifolia
Oxalis,rhombeo-ovata
Oxalis,riparia
Oxalis,rupestris
Oxalis,sarmentosa
Oxalis,sellowii
Oxalis,sepium
Oxalis,tenerrima
Oxalis,triangularis
Cyathea,atrovirens
Cyathea,corcovadensis
Cyathea,delgadii
Cyathea,feeana
Cyathea,glaziovii
Cyathea,hirsuta
Cyathea,leucofolis
Cyathea,phalerata
Cyathea,rufa
Cyathea,uleana
Cyathea,villosa
Cycas,revoluta
Cycas,thouarsii
Bulbostylis, sphaerolepis
Bulbostylis,barbata
Bulbostylis,brevifolia
Bulbostylis,capillaris
Bulbostylis,cf. capillaris
Bulbostylis,communis
Bulbostylis,conifera
Bulbostylis,consanguinea
Bulbostylis,glaziovii
Bulbostylis,hirtella
Bulbostylis,juncoides
Bulbostylis,lombardii
Bulbostylis,paradoxa
Bulbostylis,scabra
Bulbostylis,sphaerocephala
Bulbostylis,sphaerolepis
Carex,bonariensis
Carex,brasiliensis
Carex,davalliana
Carex,lanceolata
Carex,longii
Carex,meridionalis
Carex,moesta
Carex,neurocarpa
Carex,polysticha
Carex,sellowiana
Carex,seticulmis
Carex,sororia
Carex,spicata
Cyperus,aggregatus
Cyperus,alternifolius
Cyperus,andreanus
Cyperus,articulatus
Cyperus,blepharoleptos
Cyperus,brevifolius
Cyperus,cf. hermaphroditus
Cyperus,chalaranthus
Cyperus,compressus
Cyperus,distans
Cyperus,entrerianus
Cyperus,eragrostis
Cyperus,esculentus
Cyperus,friburgensis
Cyperus,haspan
Cyperus,hermaphroditus
Cyperus,imbricatus
Cyperus,incomtus
Cyperus,intricatus
Cyperus,iria
Cyperus,lanceolatus
Cyperus,laxus
Cyperus,ligularis
Cyperus,luzulae
Cyperus,meyenianus
Cyperus,mundtii
Cyperus,obtusatus
Cyperus,odoratus
Cyperus,pohlii
Cyperus,polystachyos 
Cyperus,prolixus
Cyperus,reflexus
Cyperus,rigens
Cyperus,rotundus
Cyperus,sellowianus 
Cyperus,sesquiflorus
Cyperus,surinamensis
Cyperus,trigynus
Cyperus,unioloides
Cyperus,virens
Eleocharis,acutangula
Eleocharis,capillacea
Eleocharis,cf. montana
Eleocharis,debilis
Eleocharis,elegans
Eleocharis,filiculmis
Eleocharis,geniculata
Eleocharis,interstincta
Eleocharis,maculosa
Eleocharis,minima
Eleocharis,montana
Eleocharis,mutata
Eleocharis,nana
Eleocharis,radicans
Eleocharis,sellowiana
Eleocharis,squamigera
Eleocharis,subarticulata
Eleocharis,viridans
Lagenocarpus,rigidus
Rhynchospora,albiceps
Rhynchospora,albobracteata
Rhynchospora,barrosiana
Rhynchospora,biflora
Rhynchospora,cephalotes
Rhynchospora,cf. comata
Rhynchospora,cf. emaciata
Rhynchospora,cf. exaltata
Rhynchospora,cf. rugosa
Rhynchospora,cf. scutellata
Rhynchospora,ciliata
Rhynchospora,consanguinea
Rhynchospora,corymbosa
Rhynchospora,corymbosa
Rhynchospora,crinigera
Rhynchospora,cryptantha
Rhynchospora,distichophylla
Rhynchospora,emaciata
Rhynchospora,exaltata
Rhynchospora,foliosa
Rhynchospora,foliosa
Rhynchospora,gaudichaudii
Rhynchospora,glaziovii
Rhynchospora,globosa
Rhynchospora,holoschoenoides
Rhynchospora,marisculus
Rhynchospora,nardifolia
Rhynchospora,nervosa
Rhynchospora,orbignyana
Rhynchospora,panicoides 
Rhynchospora,paranaensis
Rhynchospora,polyantha
Rhynchospora,radicans
Rhynchospora,ridleyi
Rhynchospora,riparia
Rhynchospora,rugosa
Rhynchospora,scalaris
Rhynchospora,setigera
Rhynchospora,splendens
Rhynchospora,tenuiflora
Rhynchospora,tenuis
Rhynchospora,velutina
Rhynchospora,warmingii
Scleria, sororia
Scleria,aromatica
Scleria,bracteata
Scleria,cf. microcarpa
Scleria,distans
Scleria,gaertneri
Scleria,hirtella
Scleria,latifolia
Scleria,leptostachya
Scleria,macrophylla
Scleria,microcarpa
Scleria,mitis
Scleria,panicoides
Scleria,secans
Scleria,variegata
Copaifera,langsdorffii
Copaifera,marginata
Copaifera,martii
Copaifera,trapezifolia
Dennstaedtia,cicutaria
Dennstaedtia,cornuta
Dennstaedtia,dissecta
Dennstaedtia,globulifera
Dennstaedtia,obtusifolia
Richterago,discoidea
Richterago,polymorpha
Richterago,radiata
Pteridium,esculentum
Dicksonia,sellowiana
Curatella,americana
Davilla,angustifolia
Davilla,elliptica
Davilla,flexuosa
Davilla,grandiflora
Davilla,nitida
Davilla,rugosa
Davilla,villosa
Doliocarpus,dentatus
Doliocarpus,elegans
Doliocarpus,glomeratus
Doliocarpus,schottianus
Tetracera,oblongata
Dioscorea,alata
Dioscorea,amaranthoides
Dioscorea,bulbifera
Dioscorea,bulbotricha
Dioscorea,campestris
Dioscorea,ceratandra
Dioscorea,cinnamomifolia
Dioscorea,coronata
Dioscorea,dodecaneura
Dioscorea,glandulosa
Dioscorea,laxiflora
Dioscorea,leptostachya
Dioscorea,monadelpha
Dioscorea,multiflora
Dioscorea,ovata
Dioscorea,piperifolia
Dioscorea,polygonoides
Dioscorea,scabra
Dioscorea,sinuata
Dioscorea,subhastata
Drosera,brevifolia
Drosera,cayennensis
Drosera,latifolia
Drosera,montana
Drosera,sessilifolia
Drosera,villosa
Drosera,viridis
Lastreopsis,amplissima
Megalastrum,abundans
Megalastrum,albidum
Megalastrum,connexum
Megalastrum,oreocharis
Megalastrum,umbrinum
Diospyros,blancoi
Diospyros,guianensis
Diospyros,inconstans
Diospyros,kaki
Diospyros,lasiocalyx
Diospyros,sericea
Schlumbergera,gaertneri
Schlumbergera,rosea
Schlumbergera,truncata
Rourea,gardneriana
Rourea,induta
Kalanchoe,delagoensis
Kalanchoe,fedtschenkoi
Kalanchoe,gastonis-bonnieri
Kalanchoe,manginii
Kalanchoe,pinnata
Sedum,dendroideum
Sedum,multiceps
Sedum,palmeri
Trianthema,portulacastrum
Cordyline,congesta
Cordyline,fruticosa
Cordyline,spectabilis
Sloanea,garckeana
Sloanea,guianensis
Sloanea,hatschbachii
Sloanea,hirsuta
Sloanea,lasiocoma
Gaylussacia,angustifolia
Gaylussacia,brasiliensis
Gaylussacia,caratuvensis
Gaylussacia,pseudogaultheria
Gaylussacia,reticulata
Gaylussacia,salicifolia
Gaylussacia,virgata
Rhododendron,indicum 
Erythroxylum,ambiguum
Erythroxylum,anguifugum
Erythroxylum,argentinum
Erythroxylum,betulaceum
Erythroxylum,campestre
Erythroxylum,cf. pelleterianum
Erythroxylum,citrifolium
Erythroxylum,coca
Erythroxylum,cuneifolium
Erythroxylum,cuspidifolium
Erythroxylum,daphnites
Erythroxylum,deciduum
Erythroxylum,gonocladum
Erythroxylum,microphyllum
Erythroxylum,mucronatum
Erythroxylum,myrsinites
Erythroxylum,nobile
Erythroxylum,passerinum
Erythroxylum,pelleterianum
Erythroxylum,revolutum
Erythroxylum,rosuliferum
Erythroxylum,spruceanum
Erythroxylum,squamatum
Erythroxylum,suberosum
Erythroxylum,subrotundum
Erythroxylum,umbu
Erythroxylum,vacciniifolium
Acalypha,amblyodonta
Acalypha,amentacea
Acalypha,brasiliensis
Acalypha,chamaedrifolia
Acalypha,claussenii
Acalypha,communis
Acalypha,digynostachya
Acalypha,diversifolia
Acalypha,gaumeri
Acalypha,gracilis
Acalypha,herzogiana
Acalypha,hispida
Acalypha,multicaulis
Acalypha,poiretii
Acalypha,villosa
Actinostemon,amazonicus
Actinostemon,appendiculatus
Actinostemon,concepcionis
Actinostemon,concolor
Actinostemon,klotzschii
Alchornea,castaneifolia
Alchornea,discolor
Alchornea,glandulosa
Alchornea,sidifolia
Alchornea,triplinervia
Bernardia,hirsutissima
Bernardia,multicaulis
Bernardia,paraguariensis
Bernardia,pulchella
Bernardia,sellowii
Bernardia,spartioides
Bia,alienata
Codiaeum,variegatum
Croton,abaitensis
Croton,agoensis
Croton,antisyphiliticus
Croton,argenteus
Croton,betaceus
Croton,bonplandianus
Croton,campestris
Croton,catariae
Croton,ceanothifolius
Croton,chaetophorus
Croton,chamaepitys
Croton,conduplicatus
Croton,cuneatus
Croton,dichrous
Croton,didrichsenii
Croton,dracunculoides
Croton,dusenii
Croton,eichleri
Croton,ericoides
Croton,erythroxyloides
Croton,flavispicatus
Croton,floribundus
Croton,fuscus
Croton,glandulosus
Croton,glechomifolius
Croton,glutinosus
Croton,glyptospermus
Croton,goyazensis
Croton,gracilipes
Croton,grandivelus
Croton,heliotropiifolius
Croton,heterocalyx
Croton,heterodoxus
Croton,hirtus
Croton,imbricatus
Croton,jacobinensis
Croton,julopsidium
Croton,lachnostachyus
Croton,lanatus
Croton,leptobotryus
Croton,leptophyllus
Croton,longibracteatus
Croton,longicarpus
Croton,lundianus
Croton,macrobothrys
Croton,montevidensis
Croton,muellerianus
Croton,myrianthus
Croton,odontadenius
Croton,pallidulus
Croton,pedicellatus
Croton,pycnocephalus
Croton,pygmaeus
Croton,reitzii
Croton,sanctae-crucis
Croton,sclerocalyx
Croton,sellowii
Croton,serpyllifolius
Croton,serratifolius
Croton,splendidus
Croton,stenotrichus
Croton,triangularis
Croton,tricolor
Croton,triqueter
Croton,urticifolius
Croton,urucurana
Croton,uruguayensis
Croton,vulnerarius
Dalechampia,adscendens
Dalechampia,clausseniana
Dalechampia,ficifolia
Dalechampia,guaranitica
Dalechampia,micromeria
Dalechampia,scandens
Dalechampia,stenosepala
Dalechampia,stipulacea
Dalechampia,subintegra
Dalechampia,weddelliana
Euphorbia,bahiensis
Euphorbia,cotinifolia
Euphorbia,graminea
Euphorbia,helioscopia
Euphorbia,heterophylla
Euphorbia,hirta
Euphorbia,hyssopifolia
Euphorbia,leucocephala
Euphorbia,papillosa
Euphorbia,peplus
Euphorbia,phosphorea
Euphorbia,potentilloides
Euphorbia,prostrata
Euphorbia,pulcherrima
Euphorbia,sarcodes
Euphorbia,sciadophila
Euphorbia,selloi
Euphorbia,serpens
Euphorbia,setosa
Euphorbia,thymifolia
Euphorbia,tirucalli
Euphorbia,tithymaloides
Euphorbia,umbellata
Jatropha,curcas
Jatropha,gossypiifolia
Jatropha,isabellei
Jatropha,mollissima
Jatropha,multifida
Jatropha,ribifolia
Jatropha,weddeliana
Neckeropsis,undulata
Manihot,anomala
Manihot,caerulescens
Manihot,carthagenensis
Manihot,esculenta
Manihot,gracilis
Manihot,grahamii
Manihot,pentaphylla
Manihot,pruinosa
Manihot,reniformis
Manihot,tripartita
Manihot,violacea
Microstachys,corniculata
Microstachys,daphnoides
Microstachys,hispida
Microstachys,nana
Ricinus,communis
Sapium,glandulosum
Sapium,haematospermum
Sapium,obovatum
Sebastiania,brasiliensis
Sebastiania,ramosissima
Tetrorchidium,rubrivenium
Tragia,giardelliae
Tragia,polyandra
Tragia,volubilis
Bionia,coccinea
Bionia,tomentosa
Aeschynomene,americana
Aeschynomene,denticulata
Aeschynomene,fluminensis
Aeschynomene,montevidensis
Aeschynomene,selloi
Aeschynomene,sensitiva
Andira,anthelmia
Andira,cf. anthelmia
Andira,cordata
Andira,fraxinifolia
Andira,humilis
Andira,inermis
Cajanus,cajan
Calopogonium,caeruleum
Calopogonium,mucunoides
Canavalia,brasiliensis
Canavalia,gladiolata
Canavalia,grandiflora
Canavalia,parviflora
Canavalia,picta
Canavalia,rosea
Centrosema,angustifolium
Centrosema,arenarium
Centrosema,bracteosum
Centrosema,brasilianum
Centrosema,grandiflorum
Centrosema,pubescens
Centrosema,sagittatum
Centrosema,vetulum
Centrosema,virginianum
Clitoria,amazonum
Clitoria,densiflora
Clitoria,epetiolata
Clitoria,fairchildiana
Clitoria,falcata
Clitoria,guianensis
Collaea,aschersoniana
Collaea,cipoensis
Collaea,speciosa
Collaea,stenophylla
Crotalaria,balansae
Crotalaria,breviflora
Crotalaria,flavicoma
Crotalaria,hilariana
Crotalaria,holosericea
Crotalaria,incana
Crotalaria,juncea
Crotalaria,lanceolata
Crotalaria,maypurensis
Crotalaria,micans
Crotalaria,ochroleuca
Crotalaria,pallida
Crotalaria,spectabilis
Crotalaria,tweediana
Crotalaria,vespertilio
Crotalaria,vitellina
Dahlstedtia,floribunda
Dahlstedtia,muehlbergiana
Dahlstedtia,pentaphylla
Dahlstedtia,pinnata
Dalbergia,acuta
Dalbergia,brasiliensis
Dalbergia,cuiabensis
Dalbergia,ecastaphyllum
Dalbergia,frutescens
Dalbergia,lateriflora
Dalbergia,miscolobium
Dalbergia,nigra
Dalbergia,riedelii
Desmodium,adscendens
Desmodium,affine
Desmodium,axillare
Desmodium,barbatum
Desmodium,cajanifolium
Desmodium,cuneatum
Desmodium,distortum
Desmodium,guaraniticum
Desmodium,incanum
Desmodium,leiocarpum
Desmodium,pachyrhizum
Desmodium,sclerophyllum
Desmodium,subsecundum
Desmodium,subsericeum
Desmodium,tortuosum
Desmodium,triarticulatum
Desmodium,triflorum
Desmodium,uncinatum
Desmodium,venosum
Dioclea,virgata
Erythrina,crista-galli
Erythrina,falcata
Erythrina,fusca
Erythrina,mulungu
Erythrina,speciosa
Erythrina,variegata
Erythrina,velutina
Eriosema,campestre
Eriosema,congestum
Eriosema,crinitum
Eriosema,defoliatum
Eriosema,glabrum
Eriosema,heterophyllum
Eriosema,longifolium
Eriosema,venulosum
Galactia,glaucescens
Galactia,jussiaeana
Galactia,striata
Glycine,max 
Lygodium,venustum
Lygodium,volubile
Indigofera,asperifolia
Indigofera,bongardiana
Indigofera,campestris
Indigofera,hirsuta
Indigofera,lespedezioides
Indigofera,sabulicola
Indigofera,suffruticosa
Indigofera,truxillensis
Lonchocarpus,cultratus
Lonchocarpus,nitidus
Lonchocarpus,pluvialis
Lonchocarpus,sericeus
Lupinus,albescens
Lupinus,bracteolaris
Lupinus,crotalarioides
Lupinus,gibertianus
Lupinus,guaraniticus
Lupinus,lanatus
Lupinus,multiflorus
Lupinus,paranensis
Lupinus,reitzii
Lupinus,sellowianus
Lupinus,velutinus
Machaerium,aculeatum
Machaerium,acutifolium
Machaerium,brasiliense
Machaerium,eriocarpum
Machaerium,floribundum
Machaerium,hatschbachii
Machaerium,hirtum
Machaerium,myrianthum
Machaerium,nyctitans
Machaerium,oblongifolium
Machaerium,opacum
Machaerium,paraguariense
Machaerium,punctatum
Machaerium,quinata
Machaerium,scleroxylon
Machaerium,stipitatum
Machaerium,uncinatum
Machaerium,villosum
Macroptilium,atropurpureum
Macroptilium,bracteatum
Macroptilium,erythroloma
Macroptilium,lathyroides
Macroptilium,panduratum
Macroptilium,prostratum
Macroptilium,sabaraense
Mucuna,bennettii
Mucuna,cf. pruriens
Mucuna,pruriens
Mucuna,sloanei
Mucuna,urens
Myrocarpus,fastigiatus
Myrocarpus,frondosus
Myroxylon,balsamum
Myroxylon,peruiferum
Phaseolus,lunatus
Phaseolus,vulgaris
Poiretia,latifolia
Poiretia,tetraphylla
Rhynchosia,corylifolia
Rhynchosia,edulis
Rhynchosia,melanocarpa
Rhynchosia,minima
Rhynchosia,phaseoloides
Sesbania,exasperata
Sesbania,punicea
Sesbania,virgata
Stylosanthes,acuminata
Stylosanthes,capitata
Stylosanthes,gracilis
Stylosanthes,guianensis
Stylosanthes,hamata
Stylosanthes,hippocampoides
Stylosanthes,humilis
Stylosanthes,leiocarpa
Stylosanthes,macrocephala
Stylosanthes,montevidensis
Stylosanthes,scabra
Stylosanthes,viscosa
Tipuana,tipu
Vicia,cracca
Vicia,graminea
Vicia,hirsuta
Vicia,sativa
Vicia,stenophylla
Vicia,villosa
Vigna,halophila
Vigna,longifolia
Vigna,luteola
Vigna,venusta
Zornia,cryptantha
Zornia,curvata
Zornia,diphylla
Zornia,latifolia
Zornia,ramboiana
Zornia,reticulata
Zornia,villosa
Zornia,virgata
Piper,aduncum
Piper,aff. aduncum
Piper,aff. cuyabanum
Piper,aff. fuligineum
Piper,aff. gaudichaudianum
Piper,aff. glabratum
Piper,aff. mollicomum
Piper,aff. ovatum
Piper,amalago
Piper,anisum
Piper,arboreum
Piper,caldense
Piper,cernuum
Piper,cf. mikanianum
Piper,chimonanthifolium
Piper,corcovadensis
Piper,corintoanum
Piper,crassinervium
Piper,cuyabanum
Piper,dilatatum
Piper,diospyrifolium
Piper,fluminense
Piper,forzzae
Piper,fuligineum
Piper,gaudichaudianum
Piper,glabratum
Piper,hemmendorffii
Piper,hispidum
Piper,lepturum
Piper,lhotzkyanum
Piper,lucaeanum
Piper,macedoi
Piper,malacophyllum
Piper,mikanianum
Piper,miquelianum
Piper,mollicomum
Piper,mosenii
Piper,nigrum
Piper,ovatum
Piper,piliovarium
Piper,piritubanum
Piper,regnellii
Piper,regnellii
Piper,reitzii
Piper,rivinoides
Piper,schenckii
Piper,solmsianum
Piper,subcinereum
Piper,tectoniifolium
Piper,umbellatum
Piper,viminifolium
Piper,xylosteoides
Doryopteris,concolor
Doryopteris,nobilis
Doryopteris,patula
Doryopteris,pentagona
Doryopteris,sagittifolia
Doryopteris,triphylla
Solanum,acerifolium
Solanum,aculeatissimum
Solanum,adscendens
Solanum,adspersum
Solanum,affine
Solanum,alatirameum
Solanum,alternatopinnatum
Solanum,americanum
Solanum,amygdalifolium
Solanum,anoacanthum
Solanum,aparadense
Solanum,argenteum
Solanum,asperum
Solanum,asterophorum
Solanum,atropurpureum
Solanum,betaceum
Solanum,bistellatum
Solanum,bullatum
Solanum,caavurana
Solanum,campaniforme
Solanum,capsicoides
Solanum,cassioides
Solanum,cernuum
Solanum,cf. bonariense
Solanum,cf. compressum
Solanum,chacoense
Solanum,cinnamomeum
Solanum,commersonii
Solanum,compressum
Solanum,concinnum
Solanum,cordifolium
Solanum,cordioides
Solanum,corumbense
Solanum,corymbiflorum
Solanum,crinitum
Solanum,cylindricum
Solanum,decompositiflorum
Solanum,decorum
Solanum,delicatulum
Solanum,didymum
Solanum,diploconos
Solanum,enantiophyllanthum
Solanum,flaccidum
Solanum,fusiforme
Solanum,gardneri
Solanum,gertii
Solanum,glaucophyllum
Solanum,gomphodes
Solanum,granulosoleprosum
Solanum,guaraniticum
Solanum,hasslerianum
Solanum,hexandrum
Solanum,hirtellum
Solanum,inodorum
Solanum,kleinii
Solanum,lacerdae
Solanum,lantana
Solanum,laxum
Solanum,leucodendron
Solanum,luridifuscescens
Solanum,lycocarpum
Solanum,lycopersicum
Solanum,mammosum
Solanum,mauritianum
Solanum,melissarum
Solanum,neei
Solanum,nigrescens
Solanum,pabstii
Solanum,pachimatium
Solanum,palinacanthum
Solanum,paludosum
Solanum,paniculatum
Solanum,paraibanum
Solanum,paranense
Solanum,paucidens
Solanum,pelagicum
Solanum,pilcomayense
Solanum,piluliferum
Solanum,pinetorum
Solanum,polytrichum
Solanum,pseudoauriculatum
Solanum,pseudocapsicum
Solanum,pseudodaphnopsis
Solanum,pseudoquina
Solanum,ramulosum
Solanum,reflexiflorum
Solanum,reflexum
Solanum,reineckii
Solanum,rhytidoandrum
Solanum,robustum
Solanum,rufescens
Solanum,rugosum
Solanum,sanctae-catharinae
Solanum,sciadostylis
Solanum,scuticum
Solanum,seaforthianum
Solanum,sisymbriifolium
Solanum,stenandrum
Solanum,stipulaceum
Solanum,sublentum
Solanum,subsylvestre
Solanum,subumbellatum
Solanum,swartzianum
Solanum,sycocarpum
Solanum,symmetricum
Solanum,thomasiifolium
Solanum,torvum
Solanum,trachytrichium
Solanum,tuberosum
Solanum,turneroides
Solanum,vaillantii
Solanum,variabile
Solanum,verticillatum
Solanum,viarum
Solanum,viscosissimum
Solanum,wacketii
Solanum,warmingii
Apium,commersonii
Apium,graveolens
Boehmeria,caudata
Boehmeria,cylindrica
Boehmeria,nivea
Boehmeria,ramiflora
Hypochaeris,catharinensis
Hypochaeris,chillensis
Hypochaeris,glabra
Hypochaeris,lutea
Hypochaeris,microcephala
Hypochaeris,radicata
Ficus,adhatodifolia
Ficus,aff. paraensis
Ficus,arpazusa
Ficus,auriculata
Ficus,bahiensis
Ficus,benjamina
Ficus,carautana
Ficus,castellviana
Ficus,cestrifolia
Ficus,citrifolia
Ficus,elastica
Ficus,enormis
Ficus,ernanii
Ficus,eximia
Ficus,gomelleira
Ficus,greiffiana
Ficus,guaranitica
Ficus,hirsuta
Ficus,insipida
Ficus,luschnathiana
Ficus,obtusifolia
Ficus,obtusiuscula
Ficus,paraensis
Ficus,pertusa
Ficus,pumila
Ficus,trigonata
Miconia,acutiflora
Miconia,albicans
Miconia,alterninervia
Miconia,amacurensis
Miconia,amygdaloides
Miconia,argyrophylla
Miconia,auricoma
Miconia,australis
Miconia,biserrata
Miconia,blepharodes
Miconia,brunnea
Miconia,buddlejoides
Miconia,burchellii
Miconia,calvescens
Miconia,catharinensis
Miconia,cf. albicans
Miconia,cf. catharinensis
Miconia,cf. chamissois
Miconia,cf. fallax
Miconia,cf. stenostachya
Miconia,chamissois
Miconia,ciliata
Miconia,ciliolata
Miconia,cinerascens
Miconia,cinnamomifolia
Miconia,collatata
Miconia,cordigera
Miconia,crenata
Miconia,cubatanensis
Miconia,cuneatissima
Miconia,dasytricha
Miconia,debilis
Miconia,dependens
Miconia,diffusa
Miconia,discolor
Miconia,dodecandra
Miconia,dubia
Miconia,dusenii
Miconia,ebracteata
Miconia,elegans
Miconia,erostrata
Miconia,fallax
Miconia,fasciculata
Miconia,ferruginata
Miconia,flammea 
Miconia,formosa
Miconia,hirtella
Miconia,hyemalis
Miconia,hypoleuca
Miconia,ibaguensis
Miconia,inconspicua
Miconia,latecrenata
Miconia,leacordifolia
Miconia,leadebilis
Miconia,leaechinata
Miconia,leaeichleri
Miconia,leaeriocalyx
Miconia,leafallax
Miconia,leagracilis
Miconia,leamarginata
Miconia,leasanguinea
Miconia,lepidota
Miconia,ligustroides
Miconia,lymanii
Miconia,macroptera
Miconia,macrosperma
Miconia,macrothyrsa
Miconia,melastomoides
Miconia,meridionalis
Miconia,miconiastrum
Miconia,microstachya
Miconia,minutiflora
Miconia,mirabilis
Miconia,nambyquarae
Miconia,neourceolata
Miconia,nervosa
Miconia,octopetala
Miconia,oocarpa
Miconia,paniculata
Miconia,paucidens
Miconia,pectinata
Miconia,pepericarpa
Miconia,petropolitana
Miconia,picinguabensis
Miconia,pleiorosea
Miconia,polystachya
Miconia,prasina
Miconia,punctata
Miconia,pusilliflora
Miconia,quinquedentata
Miconia,racemifera
Miconia,raddii
Miconia,ramboi
Miconia,refracta
Miconia,reitzii
Miconia,renatogoldenbergii
Miconia,reversa
Miconia,rimalis
Miconia,riograndensis
Miconia,rubella
Miconia,rubiginosa
Miconia,salicina
Miconia,sclerophylla
Miconia,sellowiana
Miconia,staminea
Miconia,stenostachya
Miconia,sublanata
Miconia,sulfurea
Miconia,theaezans
Miconia,tococa
Miconia,trauninensis
Miconia,tristis
Miconia,ulei
Miconia,urophylla
Miconia,vilhenensis
Miconia,viscosa
Miconia,xanthocoma
Miconia,xanthostachya
Tibouchina,aegopogon
Tibouchina,albescens
Tibouchina,verticillaris
Samanea,saman
Samanea,tubulosa
Hedychium,coccineum
Hedychium,coronarium
Zingiber,officinale
Zingiber,zerumbet
Xyris,asperula
Xyris,bialata
Xyris,capensis
Xyris,ciliata
Xyris,dissitifolia
Xyris,dusenii
Xyris,filifolia
Xyris,glandacea
Xyris,guaranitica
Xyris,hatschbachii
Xyris,hymenachne
Xyris,irwinii
Xyris,jupicai
Xyris,lucida
Xyris,macrocephala
Xyris,metallica
Xyris,neglecta
Xyris,piraquarae
Xyris,regnellii
Xyris,rigida
Xyris,savanensis
Xyris,schizachne
Xyris,seubertii
Xyris,spathacea
Xyris,stenophylla
Xyris,tenella
Xyris,teres
Xyris,tortula
Xyris,uninervis
Vochysia,bifalcata
Vochysia,cinnamomea
Vochysia,discolor
Vochysia,divergens
Vochysia,elliptica
Vochysia,ferruginea
Vochysia,gardneri
Vochysia,haenkeana
Vochysia,magnifica
Vochysia,palmirana
Vochysia,pyramidalis
Vochysia,rufa
Vochysia,thyrsoidea
Vochysia,tucanorum
Qualea,cordata
Qualea,cryptantha
Qualea,dichotoma
Qualea,dinizii
Qualea,glaziovii
Qualea,grandiflora
Qualea,multiflora
Qualea,paraensis
Qualea,parviflora
Qualea,selloi
Cissus,decidua
Cissus,erosa
Cissus,gongylodes
Cissus,palmata
Cissus,paulliniifolia
Cissus,spinosa
Cissus,stipulata
Cissus,sulcicaulis
Cissus,ulmifolia
Cissus,verticillata
Guapira,areolata
Guapira,hirsuta
Guapira,laurifolia
Guapira,obtusata
Guapira,opposita
Guapira,pernambucensis
Guapira,tomentosa
Sisyrinchium,alatum
Sisyrinchium,brasiliense
Sisyrinchium,bromelioides
Sisyrinchium,commutatum
Sisyrinchium,congestum
Sisyrinchium,densiflorum
Sisyrinchium,luzula
Sisyrinchium,marchio
Sisyrinchium,micranthum
Sisyrinchium,nidulare
Sisyrinchium,palmifolium
Sisyrinchium,pendulum
Sisyrinchium,platense
Sisyrinchium,platycaule
Sisyrinchium,plicatulum
Sisyrinchium,purpurellum
Sisyrinchium,reitzii
Sisyrinchium,restioides
Sisyrinchium,sectiandrum
Sisyrinchium,setaceum
Sisyrinchium,soboliferum
Sisyrinchium,uliginosum
Sisyrinchium,vaginatum
Sisyrinchium,weirii
Sisyrinchium,wettsteinii
Cuphea,antisyphilitica
Cuphea,brachiata
Cuphea,calophylla
Cuphea,carthagenensis
Cuphea,ericoides
Cuphea,flava
Cuphea,fruticosa
Cuphea,glaziovii
Cuphea,glutinosa
Cuphea,hyssopifolia
Cuphea,impatientifolia
Cuphea,ingrata
Cuphea,linarioides
Cuphea,lindmaniana
Cuphea,linifolia
Cuphea,lutescens
Cuphea,melvilla
Cuphea,micrantha
Cuphea,mimuloides
Cuphea,polymorpha
Cuphea,pulchra
Cuphea,racemosa
Cuphea,repens
Cuphea,sessilifolia
Cuphea,spermacoce
Cuphea,strigulosa
Cuphea,thymoides
Cuphea,urbaniana
Anathallis,adenochila
Anathallis,brevipes
Anathallis,dryadum
Anathallis,gerthatschbachii
Anathallis,linearifolia
Anathallis,obovata
Anathallis,sclerophylla
Anchietea,exaltata
Anchietea,pyrifolia
Anchietea,selloviana
Viviania,albiflora
Epidendrum,caldense
Epidendrum,cinnabarinum
Epidendrum,cristatum
Epidendrum,dendrobioides
Epidendrum,densiflorum
Epidendrum,denticulatum
Epidendrum,flexuosum
Epidendrum,fulgens
Epidendrum,latilabrum
Epidendrum,nocturnum
Epidendrum,paniculatum
Epidendrum,paranaense
Epidendrum,proligerum
Epidendrum,pseudodifforme
Epidendrum,puniceoluteum
Epidendrum,ramosum
Epidendrum,rigidum
Epidendrum,secundum
Epidendrum,strobiliferum
Epidendrum,tridactylum
Acer,negundo
Asemeia,acuminata
Asemeia,monninoides
Asemeia,ovata
Asemeia,violacea
Ceratopteris,pteridoides
Ceratopteris,thalictroides
Cupania,emarginata
Cupania,impressinervia
Cupania,ludowigii
Cupania,oblongifolia
Cupania,paniculata
Cupania,rugosa
Cupania,scrobiculata
Cupania,tenuivalvis
Cupania,vernalis
Cupania,zanthoxyloides
Vanilla,angustipetala
Vanilla,chamissonis
Vanilla,edwallii
Vanilla,palmarum
Vanilla,parvifolia
Vanilla,pompona
Hypericum,brasiliense
Hypericum,caprifoliatum
Hypericum,carinatum
Hypericum,connatum
Hypericum,cordiforme
Hypericum,denudatum
Hypericum,lorentzianum
Hypericum,mutilum
Hypericum,myrianthum
Hypericum,piriai
Hypericum,polyanthemum
Hypericum,rigidum
Hypericum,teretiusculum
Hypericum,ternum
Campyloneurum,angustifolium
Campyloneurum,atlanticum
Campyloneurum,austrobrasilianum
Campyloneurum,crispum
Campyloneurum,fallax
Campyloneurum,lapathifolium
Campyloneurum,nitidum
Campyloneurum,rigidum
Microgramma,geminata
Microgramma,lindbergii
Microgramma,megalophylla
Microgramma,percussa
Microgramma,squamulosa
Microgramma,tecta
Microgramma,vacciniifolia
Pleopeltis,astrolepis
Pleopeltis,furcata
Pleopeltis,hirsutissima
Pleopeltis,lepidopteris
Pleopeltis,macrocarpa
Pleopeltis,minima
Pleopeltis,pleopeltidis
Pleopeltis,pleopeltifolia
Podocarpus,lambertii
Podocarpus,sellowii
Cabralea,canjerana
Bifrenaria,harrisoniae
Fuchsia,hatschbachii
Fuchsia,hybrida
Fuchsia,regia
Peperomia,alata
Peperomia,arifolia
Peperomia,armondii
Peperomia,balansana
Peperomia,barbarana
Peperomia,blanda
Peperomia,campinasana
Peperomia,catharinae
Peperomia,circinnata
Peperomia,corcovadensis
Peperomia,delicatula
Peperomia,diaphanoides
Peperomia,dryadica
Peperomia,duartei
Peperomia,elongata
Peperomia,galioides
Peperomia,glabella
Peperomia,glazioui
Peperomia,hilariana
Peperomia,hispidula
Peperomia,hydrocotyloides
Peperomia,lyman-smithii
Peperomia,martiana
Peperomia,megapotamica
Peperomia,obtusifolia
Peperomia,pellucida
Peperomia,pereirae
Peperomia,pereskiaefolia
Peperomia,pseudoestrellensis
Peperomia,psilostachya
Peperomia,quadrifolia
Peperomia,renifolia
Peperomia,rizzinii
Peperomia,rotundifolia
Peperomia,rubricaulis
Peperomia,schwackei
Peperomia,subrubrispica
Peperomia,tetraphylla
Peperomia,tetraphylla
Peperomia,transparens
Peperomia,trineura
Peperomia,trineuroides
Peperomia,urocarpa
Habenaria,achalensis
Habenaria,bractescens
Habenaria,cryptophila
Habenaria,exaltata
Habenaria,gourlieana
Habenaria,johannensis
Habenaria,josephensis
Habenaria,longicauda
Habenaria,melanopoda
Habenaria,paranaensis
Habenaria,parviflora
Habenaria,petalodes
Habenaria,repens
Utricularia,breviscapa
Utricularia,cucullata
Utricularia,foliosa
Utricularia,gibba
Utricularia,nervosa
Utricularia,praelonga
Utricularia,reniformis
Utricularia,tricolor
Utricularia,triloba
Pyrus,communis
Discaria,americana
Balfourodendron,riedelianum
Cestrum,axillare
Cestrum,bracteatum
Cestrum,corymbosum
Cestrum,intermedium
Cestrum,mariquitense
Cestrum,nocturnum
Cestrum,salzmannii
Cestrum,schlechtendalii
Cestrum,strictum
Cestrum,strigilatum
Cestrum,subpulverulentum
Mussaenda,erythrophylla
Mussaenda,incana
Nymphoides,humboldtiana
Nymphoides,indica
Galianthe,brasiliensis
Galianthe,centranthoides
Galianthe,chodatiana
Galianthe,dichasia
Galianthe,gertii
Galianthe,grandifolia
Galianthe,hispidula
Galianthe,laxa
Galianthe,longifolia
Galianthe,palustris
Galianthe,thalictroides
Galianthe,valerianoides
Galianthe,verbenoides
Galium,atherodes
Galium,equisetoides
Galium,ericoides
Galium,hirtum
Galium,hypocarpium
Galium,megapotamicum
Galium,nigroramosum
Galium,noxium
Galium,richardianum
Galium,sellowianum
Philodendron,acutatum
Philodendron,appendiculatum
Philodendron,brevispathum
Philodendron,eximium
Philodendron,loefgrenii
Philodendron,martianum
Philodendron,meridionale
Philodendron,missionum
Philodendron,myrmecophilum
Philodendron,obliquifolium
Philodendron,oblongum
Philodendron,propinquum
Philodendron,rheophyticum
Adiantum,abscissum
Adiantum,amplum
Adiantum,argutum
Adiantum,cajennense
Adiantum,cf. abscissum
Adiantum,curvatum
Adiantum,glaucescens
Adiantum,humile
Adiantum,intermedium
Adiantum,latifolium
Adiantum,mathewsianum
Adiantum,obliquum
Adiantum,ornithopodum
Adiantum,pectinatum
Adiantum,pentadactylon
Adiantum,poiretii
Adiantum,pseudotinctum
Adiantum,pulverulentum
Adiantum,raddianum
Adiantum,serratodentatum
Adiantum,sinuosum
Adiantum,subcordatum
Adiantum,terminatum
Adiantum,tetraphyllum
Ludwigia,caparosa
Ludwigia,cf. peruviana
Ludwigia,decurrens
Ludwigia,elegans
Ludwigia,erecta
Ludwigia,grandiflora
Ludwigia,helminthorrhiza
Ludwigia,hyssopifolia
Ludwigia,lagunae
Ludwigia,leptocarpa
Ludwigia,longifolia
Ludwigia,major
Ludwigia,multinervia
Ludwigia,nervosa
Ludwigia,octovalvis
Ludwigia,peruviana
Ludwigia,sericea
Ludwigia,tomentosa
Randia,armata
Randia,calycina
Randia,cf. armata
Randia,ferox
Symplocos,arbutifolia
Symplocos,bidana
Symplocos,celastrinea
Symplocos,corymboclados
Symplocos,estrellensis
Symplocos,glandulosomarginata
Symplocos,incrassata
Symplocos,kleinii
Symplocos,laxiflora
Symplocos,nitens
Symplocos,nitidiflora
Symplocos,oblongifolia
Symplocos,pentandra
Symplocos,pubescens
Symplocos,pustulosa
Symplocos,tenuifolia
Symplocos,tetrandra
Symplocos,tetrandra
Symplocos,uniflora
Bambusa,gracilis
Bambusa,tuldoides
Muntingia,calabura
Heladena,multiflora
Exostigma,notobellidiastrum
Exostigma,rivulare
Eriotheca,gracilipes
Eriotheca,pubescens
Tamarindus,indica
Theobroma,cacao
Theobroma,grandiflorum
Theobroma,speciosum
Urera,aurantiaca
Urera,baccifera
Urera,caracasana
Urera,nitida
Pilea,astrogramma
Pilea,cadierei
Pilea,hilariana
Pilea,microphylla
Pilea,pubescens
Pilea,rhizobola
Glandularia,aristigera
Glandularia,catharinae
Glandularia,dusenii
Glandularia,hatschbachii
Glandularia,jordanensis
Glandularia,lobata
Glandularia,marrubioides
Glandularia,phlogiflora
Glandularia,selloi
Glandularia,subincana
Glandularia,tenera
Glandularia,thymoides
Glandularia,tweedieana
Duranta,erecta
Duranta,vestita
Bouchea,agrestis
Bouchea,fluminensis
Aloysia,chamaedryfolia
Aloysia,citrodora
Aloysia,cordata
Aloysia,dusenii
Aloysia,gratissima
Aloysia,hatschbachii
Aloysia,oblanceolata
Aloysia,polygalifolia
Aloysia,virgata
Cariniana,estrellensis
Cariniana,rubra
Asparagus,setaceus
Verbena,bonariensis
Verbena,caniuensis
Verbena,hirta
Verbena,lindbergii
Verbena,litoralis
Verbena,montevidensis
Verbena,rigida
Verbena,sagittalis
Verbena,supina
Stachytarpheta,angustifolia
Stachytarpheta,cayennensis
Stachytarpheta,cayennensis
Stachytarpheta,maximiliani
Stachytarpheta,radlkoferiana
Stachytarpheta,restingensis
Stachytarpheta,reticulata
Petrea,volubilis
Lippia,acutidens
Lippia,alba
Lippia,arechavaletae
Lippia,aristata
Lippia,asperrima
Lippia,balansae
Lippia,brasiliensis
Lippia,hermannioides
Lippia,hirta
Lippia,lasiocalycina
Lippia,lippioides
Lippia,lupulina
Lippia,origanoides
Lippia,pumila
Lippia,recolletae
Lippia,sclerophylla
Lippia,tristis
Lippia,turnerifolia
Lantana,achyranthifolia
Lantana,caatingensis
Lantana,camara
Lantana,fucata
Lantana,hypoleuca
Lantana,lundiana
Lantana,nivea
Lantana,radula
Lantana,robusta
Lantana,trifolia
Lantana,undulata
Cuscuta,purpurata
Cuscuta,racemosa
Cuscuta,xanthochortos
Equisetum,arvense
Equisetum,giganteum
Equisetum,hyemale
Castanea,sativa
Deianira,chiquitana
Deianira,erubescens
Deianira,nervosa
Deianira,pallescens
Majidea,zanguebarica
Pelargonium,hortorum
Averrhoa,carambola
Osmunda,regalis
Osmunda,spectabilis
Jasminum,azoricum
Jasminum,grandiflorum
Jasminum,mesnyi
Jasminum,multiflorum
Ligustrum,japonicum
Ligustrum,lucidum
Ligustrum,sinense
Glicophyllum,ambiguum
Glicophyllum,chamaecerasifolium
Glicophyllum,microphyllum
Glicophyllum,ramiflorum
Glicophyllum,salicifolium
Kielmeyera,abdita
Kielmeyera,coriacea
Kielmeyera,corymbosa
Kielmeyera,grandiflora
Kielmeyera,pumila
Kielmeyera,rubriflora
Kielmeyera,variabilis
Sauvagesia,deflexifolia
Sauvagesia,erecta
Sauvagesia,racemosa
Sauvagesia,rubiginosa
Sauvagesia,sprengelii
Sauvagesia,vellozii
Ouratea,acicularis
Ouratea,cassinifolia
Ouratea,castaneifolia
Ouratea,cf. floribunda
Ouratea,claudei
Ouratea,discophora
Ouratea,floribunda
Ouratea,glaucescens
Ouratea,hexasperma
Ouratea,humilis
Ouratea,macranthos
Ouratea,parviflora
Ouratea,salicifolia
Ouratea,sellowii
Ouratea,semiserrata
Ouratea,spectabilis
Ouratea,vaccinioides
Nymphaea,amazonum
Nymphaea,ampla
Nymphaea,caerulea
Nymphaea,pulchella
Nymphaea,rudgeana
Cissampelos,andromorpha
Cissampelos,laxiflora
Cissampelos,ovalifolia
Cissampelos,pareira
Stemodia,foliosa
Stemodia,hyptoides
Stemodia,maritima
Stemodia,stricta
Stemodia,trifoliata
Stemodia,verticillata
Marcgravia,polyantha
Lycopodium,clavatum
Lycopodiella,alopecuroides
Lycopodiella,tupiana
Pseudolycopodiella,caroliniana
Pseudolycopodiella,meridionalis
Lacistema,aggregatum
Lacistema,hasslerianum
Lacistema,ligiae
Lacistema,lucidum
Lacistema,pubescens
Lacistema,robustum
Krameria,grandiflora
Krameria,lanceolata
Krameria,tomentosa
Citronella,gongonha
Citronella,mucronata
Citronella,paniculata
Seemannia,sylvatica
Peritassa,campestris
Peritassa,dulcis
Peritassa,hatschbachii
Pristimera,celastroides
Hypoxis,decumbens
Hydrolea,spinosa
Heliconia,acuminata
Heliconia,farinosa
Heliconia,hirsuta
Heliconia,psittacorum
Heliconia,rostrata
Heliconia,subulata
Sticherus,bifidus
Sticherus,lanuginosus
Sticherus,nigropaleaceus
Sticherus,pruinosus
Sticherus,remotus
Sticherus,revolutus
Sticherus,squamulosus
Dicranopteris,flexuosa
Dicranopteris,nervosa
Dicranopteris,seminuda
Styrax,acuminatus
Styrax,camporum
Styrax,ferrugineus
Styrax,glabratus
Styrax,griseus
Styrax,latifolius
Styrax,leprosus
Styrax,pohlii
Siphanthera,arenaria
Siphanthera,cordata
Siphanthera,subtilis
Castela,tweedii
Selaginella,asperula
Selaginella,contigua
Selaginella,decomposita
Selaginella,flexuosa
Selaginella,marginata
Selaginella,microphylla
Selaginella,muscosa
Selaginella,parkeri
Selaginella,radiata
Selaginella,sellowii
Selaginella,suavis
Selaginella,sulcata
Veronica,arvensis
Veronica,peregrina
Veronica,persica
Eubrachion,ambiguum
Chaetocarpus,echinocarpus
Chaetocarpus,myrsinites
Chaetocarpus,schomburgkianus
Russelia,equisetiformis
Paulownia,tomentosa
Angelonia,crassifolia
Angelonia,integerrima
Angelonia,salicariifolia
Buchnera,integrifolia
Buchnera,juncea
Buchnera,lavandulacea
Buchnera,longifolia
Buchnera,palustris
Buchnera,ternifolia
Chevreulia,acuminata
Chevreulia,sarmentosa
Savia,dictyocarpa
Muehlenbeckia,platyclados
Clematis,affinis
Clematis,bonariensis
Clematis,brasiliana
Clematis,campestris
Clematis,denticulata
Clematis,discolor
Clematis,integra
Hevea,brasiliensis
Kallstroemia,tribuloides
Portulaca,amilis
Portulaca,halimoides
Portulaca,hatschbachii
Portulaca,hirsutissima
Portulaca,mucronata
Portulaca,oleracea
Portulaca,umbraticola
Pontederia,cordata
Pontederia,ovalis
Pontederia,reflexa
Pontederia,rotundifolia
Pontederia,subovata
Heteranthera,reniformis
Heteranthera,zosterifolia
Plumbago,auriculata
Plumbago,scandens
Platanus,orientalis
Plantago,australis
Plantago,catharinea
Plantago,commersoniana
Plantago,guilleminiana
Plantago,hatschbachiana
Plantago,major
Plantago,maritima
Plantago,tomentosa
Pinus,canariensis
Pinus,caribaea
Pinus,maximartinezii
Pinus,taeda
Papaver,orientale
Petiveria,alliacea
Phytolacca,americana
Phytolacca,dioica
Phytolacca,thyrsiflora
Vantanea,compacta
Drimys,angustifolia
Drimys,brasiliensis
Gleichenella,pectinata
Iris,domestica
Murdannia,nudiflora
Tropaeolum,majus
Tropaeolum,pentaphyllum
Tropaeolum,warmingianum
Trigonia,cipoensis
Trigonia,eriosperma
Trigonia,nivea
Typha,angustifolia
Typha,domingensis
Daphnopsis,brasiliensis
Daphnopsis,coriacea
Daphnopsis,fasciculata
Daphnopsis,pseudosalix
Daphnopsis,racemosa
Daphnopsis,sellowiana
Macrothelypteris,torresiana
Camellia,japonica
Camellia,sinensis
Curcuma,longa
Tectaria,incisa
Tectaria,pilosa
Tectaria,trifoliata
Caamembeca,salicifolia
Pachira,aquatica
Pachira,glabra
Diplazium,ambiguum
Diplazium,asplenioides
Diplazium,cristatum
Diplazium,herbaceum
Diplazium,leptocarpon
Diplazium,lindbergii
Diplazium,mattogrossense
Diplazium,plantaginifolium
Diplazium,plantaginifolium
Diplazium,rostratum
Heliocarpus,popayanensis
Hippobroma,longiflora
Dombeya,wallichii
Vassobia,breviflora
Petunia,bonjardinensis
Petunia,integrifolia
Petunia,scheideana
Nicotiana,alata
Nicotiana,bonariensis
Nicotiana,forgetiana
Nicotiana,glauca
Nicotiana,langsdorffii
Nicotiana,longiflora
Nicotiana,tabacum
Chuquiraga,longiflora
Lycianthes,pauciflora
Lycianthes,rantonnetii
Lycianthes,repens
Brunfelsia,australis
Brunfelsia,brasiliensis
Brunfelsia,brasiliensis
Brunfelsia,cuneifolia
Brunfelsia,hydrangeiformis
Brunfelsia,mire
Brunfelsia,pauciflora
Brunfelsia,pilosa
Brunfelsia,uniflora
Brugmansia,suaveolens
Athenaea,fasciculata
Athenaea,picta
Athenaea,wettsteiniana
Smilax,brasiliensis
Smilax,campestris
Smilax,cf. brasiliensis
Smilax,cf. campestris
Smilax,cognata
Smilax,elastica
Smilax,fluminensis
Smilax,goyazana
Smilax,larvata
Smilax,polyantha
Smilax,quinquenervia
Smilax,rufescens
Smilax,stenophylla
Smilax,syphilitica
Pouteria,beaurepairei
Pouteria,bullata
Pouteria,caimito
Pouteria,durlandii
Pouteria,gardneri
Pouteria,gardneriana
Pouteria,glomerata
Pouteria,macrophylla
Pouteria,multiflora
Pouteria,ramiflora
Pouteria,salicifolia
Pouteria,torta
Pouteria,venosa
Chrysophyllum,cainito
Chrysophyllum,gonocarpum
Chrysophyllum,inornatum
Chrysophyllum,marginatum
Chrysophyllum,paranaense
Chrysophyllum,viride
Paullinia,carpopoda
Paullinia,coriacea
Paullinia,cristata
Paullinia,cupana
Paullinia,elegans
Paullinia,meliifolia
Paullinia,pinnata
Paullinia,pseudota
Paullinia,rhomboidea
Paullinia,rubiginosa
Paullinia,seminuda
Paullinia,spicata
Paullinia,trigonia
Serjania,acutidentata
Serjania,caracasana
Serjania,clematidifolia
Serjania,communis
Serjania,erecta
Serjania,fuscifolia
Serjania,glabrata
Serjania,glutinosa
Serjania,gracilis
Serjania,hatschbachii
Serjania,hebecarpa
Serjania,laruotteana
Serjania,lethalis
Serjania,meridionalis
Serjania,multiflora
Serjania,ovalifolia
Serjania,paludosa
Serjania,paradoxa
Serjania,reticulata
Serjania,salzmanniana
Serjania,tripleuria
Serjania,tristis
Serjania,velutina
Urvillea,filipes
Urvillea,laevis
Urvillea,ulmacea
Urvillea,uniloba
Thinouia,compressa
Thinouia,mucronata
Thinouia,paraguayensis
Thinouia,scandens
Thinouia,ventricosa
Talisia,angustifolia
Talisia,esculenta
Talisia,subalbens
Matayba,cristae
Matayba,discolor
Matayba,elaeagnoides
Matayba,guianensis
Matayba,intermedia
Matayba,juglandifolia
Matayba,marginata
Koelreuteria,bipinnata
Koelreuteria,paniculata
Dodonaea,viscosa
Diatenopteryx,sorbifolia
Cardiospermum,corindum
Cardiospermum,grandiflorum
Cardiospermum,halicacabum
Allophylus,cominia
Allophylus,edulis
Allophylus,guaraniticus
Allophylus,petiolulatus
Allophylus,semidentatus
Zanthoxylum,caribaeum
Zanthoxylum,fagara
Zanthoxylum,hamadryadicum
Zanthoxylum,kleinii
Zanthoxylum,petiolare
Zanthoxylum,rhoifolium
Zanthoxylum,riedelianum
Zanthoxylum,rigidum
Pilocarpus,pauciflorus
Pilocarpus,pennatifolius
Pilocarpus,spicatus
Murraya,paniculata
Metrodorea,flavida
Metrodorea,nigra
Helietta,apiculata
Helietta,puberula
Esenbeckia,almawillia
Esenbeckia,febrifuga
Esenbeckia,grandiflora
Esenbeckia,hieronimy
Esenbeckia,pumila
Citrus,limon
Citrus,medica
Citrus,reticulata
Citrus,sinensis
Citrus,×aurantium
Citrus,×limon
Psychotria,bahiensis
Psychotria,brachyceras
Psychotria,capillacea
Psychotria,carthagenensis
Psychotria,fractistipula
Psychotria,hastisepala
Psychotria,laciniata
Psychotria,leiocarpa
Psychotria,leitana
Psychotria,mima
Psychotria,nemorosa
Psychotria,nuda
Psychotria,pedunculosa
Psychotria,pubigera
Psychotria,stachyoides
Psychotria,suterella
Psychotria,tenuifolia
Palicourea,amplectens
Palicourea,australis
Palicourea,blanchetiana
Palicourea,brachypoda
Palicourea,coriacea
Palicourea,crocea
Palicourea,croceoides
Palicourea,deflexa
Palicourea,divaricata
Palicourea,forsteronioides
Palicourea,gracilenta
Palicourea,guianensis
Palicourea,hoffmannseggiana
Palicourea,iodotricha
Palicourea,jambosioides
Palicourea,longipedunculata
Palicourea,macrobotrys
Palicourea,mamillaris
Palicourea,marcgravii
Palicourea,nitidella
Palicourea,officinalis
Palicourea,racemosa
Palicourea,rigida
Palicourea,rosea
Palicourea,ruelliifolia
Palicourea,sessilis
Palicourea,swartziana
Palicourea,tenerior
Palicourea,tomentosa
Palicourea,trichophora
Palicourea,turbinella
Manettia,chrysoderma
Manettia,cordifolia
Manettia,glaziovii
Manettia,gracilis
Manettia,luteo-rubra
Manettia,paraguariensis
Manettia,paranensis
Manettia,pubescens
Manettia,rojasiana
Manettia,tweedieana
Ixora,chinensis
Ixora,coccinea
Ixora,venulosa
Mitracarpus,brasiliensis
Mitracarpus,hirtus
Mitracarpus,rigidifolius
Mitracarpus,strigosus
Pentas,lanceolata
Richardia,brasiliensis
Richardia,grandiflora
Richardia,humistrata
Rudgea,coriacea
Rudgea,cornifolia
Rudgea,erioloba
Rudgea,gardenioides
Rudgea,jasminoides
Rudgea,parquioides
Rudgea,recurva
Rudgea,viburnoides
Sabicea,brasiliensis
Sabicea,cinerea
Sabicea,villosa
Spermacoce,eryngioides
Spermacoce,gracillima
Spermacoce,ovalifolia
Spermacoce,prostrata
Tocoyena,formosa
Tocoyena,sellowiana
Guettarda,pohliana
Guettarda,uruguensis
Guettarda,viburnoides
Geophila,macropoda
Geophila,prancei
Geophila,repens
Genipa,americana
Gardenia,jasminoides
Ferdinandusa,speciosa
Emmeorhiza,umbellata
Declieuxia,aspalathoides
Declieuxia,deltoidea
Declieuxia,dusenii
Declieuxia,fruticosa
Declieuxia,oenanthoides
Declieuxia,passerina
Declieuxia,spergulifolia
Coussarea,contracta
Coussarea,hydrangeifolia
Coussarea,triflora
Cordiera,bahiensis
Cordiera,concolor
Cordiera,elliptica
Cordiera,macrophylla
Cordiera,rigida
Coffea,arabica
Coffea,liberica
Coccocypselum,aureum
Coccocypselum,capitatum
Coccocypselum,condalia
Coccocypselum,cordifolium
Coccocypselum,geophiloides
Coccocypselum,glabrifolium
Coccocypselum,guianense
Coccocypselum,hasslerianum
Coccocypselum,lanceolatum
Coccocypselum,pulchellum
Chomelia,bahiae
Chomelia,brasiliana
Chomelia,obtusa
Chiococca,alba
Cephalanthus,glabratus
Squamidium,isocladum
Faramea,capillipes
Faramea,coerulea
Faramea,hyacinthina
Faramea,marginata
Faramea,montevidensis
Faramea,multiflora
Faramea,oligantha
Faramea,paratiensis
Faramea,truncata
Spiraea,cantoniensis
Rubus,brasiliensis
Rubus,erythroclados
Rubus,flagellaris
Rubus,imperialis
Rubus,niveus
Rubus,rosifolius
Rubus,sellowii
Rubus,spectabilis
Rubus,ulmifolius
Rubus,urticifolius
Rosa,alba
Rosa,gallica
Rosa,laevigata
Rosa,luciae
Eriobotrya,japonica
Pyracantha,coccinea
Prunus,brasiliensis
Prunus,campanulata
Prunus,mume
Prunus,myrtifolia
Prunus,persica
Prunus,serrulata
Prunus,subcoriacea
Rhamnus,arguta
Rhamnus,parvifolia
Rhamnidium,elaeocarpum
Hovenia,dulcis
Gouania,blanchetiana
Gouania,latifolia
Gouania,polygama
Gouania,ulmifolia
Leucochloron,incuriale
Colubrina,glandulosa
Colubrina,retusa
Capsicum,annuum
Capsicum,baccatum
Capsicum,flexuosum
Capsicum,frutescens
Capsicum,recurvatum
Capsicum,villosum
Sida,angustissima
Sida,cerradoensis
Sida,cordifolia
Sida,glaziovii
Sida,glomerata
Sida,linifolia
Sida,planicaulis
Sida,potentilloides
Sida,rhombifolia
Sida,santaremensis
Sida,ulei
Sida,urens
Pavonia,angustipetala
Pavonia,betonicaefolia
Pavonia,cancellata
Pavonia,communis
Pavonia,commutata
Pavonia,distinguenda
Pavonia,dusenii
Pavonia,exasperata
Pavonia,friesii
Pavonia,grandiflora
Pavonia,guerkeana
Pavonia,harleyi
Pavonia,hastata
Pavonia,hexaphylla
Pavonia,lanata
Pavonia,malacophylla
Pavonia,martii
Pavonia,missionum
Pavonia,multiflora
Pavonia,opulifolia
Pavonia,platyloba
Pavonia,psilophylla
Pavonia,restiaria
Pavonia,reticulata
Pavonia,rosa-campestris
Pavonia,rosengurttii
Pavonia,salmonea
Pavonia,schiedeana
Pavonia,schrankii
Pavonia,sepium
Pavonia,sidifolia
Pavonia,viscosa
Pavonia,vitifolia
Pavonia,zehntneri
Niphidium,crassifolium
Niphidium,rufosquamatum
Olyra,ciliatifolia
Olyra,fasciculata
Olyra,glaberrima
Olyra,humilis
Olyra,latifolia
Panicum,aquaticum
Panicum,campestre
Panicum,cayennense
Panicum,cervicatum
Panicum,dichotomiflorum
Panicum,exiguum
Panicum,millegrana
Panicum,olyroides
Panicum,pedersenii
Panicum,peladoense
Panicum,racemosum
Panicum,repens
Panicum,rudgei
Panicum,sellowii
Panicum,stramineum
Lasiacis,divaricata
Lasiacis,ligulata
Lasiacis,sorghoidea
Corymborkis,flava
Saranthe,composita
Saranthe,eichleri
Cotula,australis
Cotula,coronopifolia
Strychnos,brasiliensis
Strychnos,cf. brasiliensis
Strychnos,pseudoquina
Strychnos,rubiginosa
Strychnos,trinervis
Trichilia,casaretti
Trichilia,catigua
Trichilia,claussenii
Trichilia,elegans
Trichilia,hirta
Trichilia,micrantha
Trichilia,pallens
Trichilia,pallida
Trichilia,silvatica
Trichilia,stellato-tomentosa
Salvia,aliciae
Salvia,brevipes
Salvia,coccinea
Salvia,congestiflora
Salvia,consimilis
Salvia,guaranitica
Salvia,harleyana
Salvia,lachnostachys
Salvia,leucantha
Salvia,melissiflora
Salvia,officinalis
Salvia,procurrens
Salvia,rosmarinus
Salvia,scoparia
Salvia,sellowiana
Salvia,splendens
Salvia,subrotunda
Maranta,cristata
Maranta,divaricata
Maranta,parvifolia
Maranta,pohliana
Maranta,sobolifera
Caryota,mitis
Caryota,urens
Coix,lacryma-jobi
Monteiroa,bullata
Monteiroa,catharinensis
Monteiroa,glomerata
Monteiroa,hatschbachii
Monteiroa,ptarmicifolia
Monteiroa,reitzii
Monteiroa,smithii
Spathiphyllum,gardneri
Spathiphyllum,wallisii
Abutilon,costicalyx
Abutilon,macrocarpum
Abutilon,megapotamicum
Abutilon,pauciflorum
Abutilon,pedrae-brancae
Abutilon,terminale
Abutilon,umbelliflorum
Pityrogramma,calomelanos
Pityrogramma,chaerophylla
Pityrogramma,trifoliata
Pteris,brasiliensis
Pteris,cretica
Pteris,decurrens
Pteris,deflexa
Pteris,denticulata
Pteris,lechleri
Pteris,splendens
Pteris,vittata
Cheilanthes,micropteris
Cheilanthes,regnelliana
Adiantopsis,chlorophylla
Adiantopsis,occulta
Adiantopsis,perfasciculata
Adiantopsis,radiata
Adiantopsis,regularis
Grevillea,banksii
Grevillea,robusta
Roupala,meisneri
Roupala,montana
Pecluma,chnoophora
Pecluma,filicula
Pecluma,paradiseae
Pecluma,pectinatiformis
Pecluma,recurvata
Pecluma,robusta
Pecluma,singeri
Pecluma,truncorum
Archontophoenix,cunninghamiana
Hibiscus,acetosella
Hibiscus,bifurcatus
Hibiscus,cf. furcellatus
Hibiscus,laxiflorus
Hibiscus,paludicola
Hibiscus,rosa-sinensis
Hibiscus,striatus
Hibiscus,syriacus
Centrolobium,tomentosum
Casuarina,cunninghamiana
Casuarina,equisetifolia
Araujia,odorata
Araujia,plumosa
Araujia,sericifera
Oeceoclades,maculata
Ctenanthe,casupoides
Ctenanthe,compressa
Ctenanthe,lanceolata
Ctenanthe,marantifolia
Ctenanthe,muelleri
Ctenanthe,setosa
Melia,azedarach
Cinnamomum,camphora
Cinnamomum,microneurum
Cinnamomum,verum
Sambucus,australis
Sambucus,nigra
Bromus,auleticus
Bromus,brachyanthera
Bromus,brevis
Bromus,catharticus
Merostachys,calderoniana
Merostachys,cf. fistulosa
Merostachys,claussenii
Merostachys,delicatula
Merostachys,fischeriana
Merostachys,fistulosa
Merostachys,lanata
Merostachys,multiramea
Merostachys,pilifera
Merostachys,skvortzovii
Merostachys,ternata
Xanthisma,gracile
Juncus,bufonius
Juncus,densiflorus
Juncus,dichotomus
Juncus,effusus
Juncus,holoschoenus
Juncus,marginatus
Juncus,micranthus
Juncus,microcephalus
Aspicarpa,pulchella
Byrsonima,basiloba
Byrsonima,brachybotrya
Byrsonima,cf. arthropoda
Byrsonima,cf. crassifolia
Byrsonima,cf. psilandra
Byrsonima,chrysophylla
Byrsonima,clausseniana
Byrsonima,coccolobifolia
Byrsonima,correifolia
Byrsonima,crassifolia
Byrsonima,cydoniifolia
Byrsonima,dealbata
Byrsonima,gardneriana
Byrsonima,guilleminiana
Byrsonima,intermedia
Byrsonima,laxiflora
Byrsonima,ligustrifolia
Byrsonima,macrophylla
Byrsonima,microphylla
Byrsonima,myricifolia
Byrsonima,niedenzuiana
Byrsonima,pachyphylla
Byrsonima,psilandra
Byrsonima,sericea
Byrsonima,stipulacea
Byrsonima,triopterifolia
Byrsonima,umbellata
Byrsonima,variabilis
Byrsonima,verbascifolia
Banisteriopsis,adenopoda
Banisteriopsis,angustifolia
Banisteriopsis,anisandra
Banisteriopsis,argyrophylla
Banisteriopsis,campestris
Banisteriopsis,cf. anisandra
Banisteriopsis,cf. caapi
Banisteriopsis,cf. malifolia
Banisteriopsis,cf. stellaris
Banisteriopsis,confusa
Banisteriopsis,gardneriana
Banisteriopsis,malifolia
Banisteriopsis,muricata
Banisteriopsis,paraguariensis
Banisteriopsis,parviflora
Banisteriopsis,stellaris
Banisteriopsis,variabilis
Janusia,guaranitica
Janusia,schwannioides
Syzygium,cumini
Syzygium,jambos
Syzygium,malaccense
Hesperozygis,myrtoides
Hesperozygis,nitida
Hesperozygis,rhododon
Hesperozygis,ringens
Hesperozygis,spathulata
Cotoneaster,franchetii
Staurogyne,eustachya
Staurogyne,mandioccana
Staurogyne,sylvatica
Costus,arabicus
Costus,spiralis
Asclepias,candida
Asclepias,curassavica
Asclepias,mellodora
Griselinia,ruscifolia
Hymenophyllum,asplenioides
Hymenophyllum,caudiculatum
Hymenophyllum,crispum
Hymenophyllum,elegans
Hymenophyllum,fragile
Hymenophyllum,magellanicum
Hymenophyllum,polyanthos
Hymenophyllum,pulchellum
Hymenophyllum,rufum
Hymenophyllum,sturmii
Hymenophyllum,vestitum
Matelea,denticulata
Matelea,kelleri
Matelea,pyrrhotricha
Gratiola,peruviana
Seguieria,aculeata
Seguieria,americana
Seguieria,langsdorffii
Dracaena,fragrans
Actinocephalus,bongardii
Actinocephalus,brachypus
Actinocephalus,claussenianus
Actinocephalus,polyanthus
Actinocephalus,rigidus
Oenothera,affinis
Oenothera,biennis
Oenothera,rosea
Bryopteris,filicina
Rumohra,adiantiformis
Coccoloba,alnifolia
Coccoloba,cordata
Coccoloba,cujabensis
Coccoloba,declinata
Coccoloba,glaziovii
Coccoloba,laevis
Coccoloba,lucidula
Coccoloba,marginata
Coccoloba,mollis
Coccoloba,rosea
Coccoloba,salicifolia
Polygonum,acuminatum
Polygonum,aviculare
Polygonum,capitatum
Polygonum,ferrugineum
Polygonum,hydropiperoides
Polygonum,meisnerianum
Polygonum,orientale
Polygonum,persicaria
Polygonum,punctatum
Polygonum,stelligerum
Antigonon,leptopus
Corymbia,citriodora
Triplaris,americana
Triplaris,cf. americana
Triplaris,gardneriana
Pseudechinolaena,polystachya
Monnina,cardiocarpa
Monnina,goiana
Monnina,richardiana
Monnina,tristaniana
Securidaca,bialata
Securidaca,divaricata
Securidaca,diversifolia
Securidaca,lanceolata
Securidaca,rivinifolia
Endlicheria,glomerata
Endlicheria,paniculata
Nectandra,amazonum
Nectandra,angustifolia
Nectandra,cissiflora
Nectandra,cuspidata
Nectandra,grandiflora
Nectandra,hihua
Nectandra,lanceolata
Nectandra,leucantha
Nectandra,megapotamica
Nectandra,membranacea
Nectandra,nitidula
Nectandra,oppositifolia
Nectandra,paranaensis
Nectandra,psammophila
Nectandra,puberula
Nectandra,pulverulenta
Nectandra,reticulata
Steinchisma,decipiens
Steinchisma,laxum
Sorghastrum,incompletum
Sorghastrum,nutans
Sorghastrum,pellitum
Sorghastrum,setosum
Sorghastrum,stipoides
Sorghum,bicolor
Sorghum,halepense
Setaria,palmifolia
Setaria,parviflora
Setaria,sphacelata
Setaria,sulcata
Setaria,tenax
Setaria,vaginata
Setaria,vulpiseta
Secale,cereale
Schizachyrium,condensatum
Schizachyrium,hatschbachii
Schizachyrium,microstachyum
Schizachyrium,tenerum
Paspalum,biaristatum
Paspalum,carinatum
Paspalum,compressifolium
Paspalum,conjugatum
Paspalum,conspersum
Paspalum,corcovadense
Paspalum,cordatum
Paspalum,dasytrichium
Paspalum,dasytrichum
Paspalum,decumbens
Paspalum,dilatatum
Paspalum,erianthum
Paspalum,eucomum
Paspalum,fimbriatum
Paspalum,gardnerianum
Paspalum,glaucescens
Paspalum,lilloi
Paspalum,lineare
Paspalum,macranthecium
Paspalum,maculosum
Paspalum,mandiocanum
Paspalum,nicorae
Paspalum,notatum
Paspalum,paniculatum
Paspalum,pectinatum
Paspalum,pilosum
Paspalum,plicatulum
Paspalum,polyphyllum
Paspalum,pumilum
Paspalum,regnellii
Paspalum,repens
Paspalum,rhodopedum
Paspalum,urvillei
Parodiolyra,luetzelburgii
Melinis,minutiflora
Melinis,repens
Melica,sarmentosa
Melica,scabrosa
Melica,tenuis
Loudetiopsis,chrysothrix
Lolium,multiflorum
Hemistylus,brasiliensis
Ichnanthus,calvescens
Ichnanthus,inconstans
Ichnanthus,leiocarpus
Ichnanthus,leptophyllus
Ichnanthus,nemoralis
Hymenachne,amplexicaulis
Hymenachne,donacifolia
Hymenachne,grumosa
Hymenachne,pernambucensis
Filgueirasia,cannavieira
Eustachys,distichophylla
Eustachys,uliginosa
Eriochrysis,cayennensis
Eriochrysis,filiformis
Eriochrysis,holcoides
Eleusine,indica
Eleusine,tristachya
Echinolaena,inflexa
Echinochloa,colona
Echinochloa,crus-galli
Echinochloa,polystachya
Digitaria,bicornis
Digitaria,ciliaris
Digitaria,corynotricha
Digitaria,eriantha
Digitaria,insularis
Digitaria,violascens
Danthonia,secundiflora
Cynodon,dactylon
Cynodon,nlemfuensis
Cynodon,plectostachyus
Chloris,elata
Chloris,gayana
Cenchrus,americanus
Cenchrus,clandestinus
Cenchrus,echinatus
Cenchrus,latifolius
Cenchrus,pedicellatus
Cenchrus,polystachios
Cenchrus,purpureus
Cenchrus,setaceus
Briza,maxima
Briza,minor
Axonopus,affinis
Axonopus,aureus
Axonopus,brasiliensis
Axonopus,chrysoblepharis
Axonopus,compressus
Axonopus,fastigiatus
Axonopus,marginatus
Axonopus,pellitus
Axonopus,polystachyus
Axonopus,pressus
Axonopus,siccus
Axonopus,suffultus
Avena,sativa
Avena,strigosa
Andropogon,angustatus
Andropogon,bicornis
Andropogon,lateralis
Andropogon,leucostachyus
Andropogon,macrothrix
Andropogon,selloanus
Andropogon,ternatus
Andropogon,virgatus
Actinocladum,verticillatum
Dicella,bracteosa
Dicella,nucifera
Melaleuca,leucadendra
Zygostates,alleniana
Zygostates,cornuta
Zygostates,pustulata
Zygopetalum,maculatum
Zygopetalum,maxillare
Trizeuxis,falcata
Stelis,argentata
Stelis,caespitosa
Stelis,grandiflora
Stelis,intermedia
Stelis,papaquerensis
Stelis,ruprechtiana
Sauroglossum,elatum
Rodriguezia,decora
Rodriguezia,pubescens
Polystachya,caespitosa
Polystachya,caracasana
Polystachya,concreta
Polystachya,foliosa
Paspalidium,geminatum
Phymatidium,delicatulum
Phymatidium,microphyllum
Octomeria,crassifolia
Octomeria,diaphana
Octomeria,gracilis
Octomeria,grandiflora
Octomeria,hatschbachii
Octomeria,micrantha
Octomeria,pusilla
Octomeria,rotundiglossa
Octomeria,warmingii
Miltonia,flavescens
Miltonia,regnellii
Gymnopogon,foliosus
Mollinedia,acutissima
Mollinedia,argyrogyna
Mollinedia,boracensis
Mollinedia,clavigera
Mollinedia,elegans
Mollinedia,grazielae
Mollinedia,luizae
Mollinedia,oligantha
Mollinedia,schottiana
Mollinedia,triflora
Mollinedia,uleana
Mollinedia,widgrenii
Crescentia,cujete
Myrcia,aethusa
Myrcia,albotomentosa
Myrcia,amazonica
Myrcia,anacardiifolia
Myrcia,anomala
Myrcia,bella
Myrcia,bergiana
Myrcia,bicolor
Myrcia,brasiliensis
Myrcia,cerqueiria
Myrcia,decorticans
Myrcia,dichrophylla
Myrcia,eriocalyx
Myrcia,eugenioides
Myrcia,eugeniopsoides
Myrcia,excoriata
Myrcia,fenzliana
Myrcia,ferruginosa
Myrcia,glabra
Myrcia,glomerata
Myrcia,guianensis
Myrcia,hartwegiana
Myrcia,hatschbachii
Myrcia,hebepetala
Myrcia,ilheosensis
Myrcia,inaequiloba
Myrcia,isaiana
Myrcia,lacunosa
Myrcia,laricina
Myrcia,lasiantha
Myrcia,linearifolia
Myrcia,lonchophylla
Myrcia,loranthifolia
Myrcia,multiflora
Myrcia,neolucida
Myrcia,neoriedeliana
Myrcia,neorubella
Myrcia,neosuaveolens
Myrcia,neuwiedeana
Myrcia,nivea
Myrcia,oblongata
Myrcia,obovata
Myrcia,palustris
Myrcia,pinifolia
Myrcia,pubipetala
Myrcia,pulchella
Myrcia,racemosa
Myrcia,reitzii
Myrcia,retorta
Myrcia,rosangelae
Myrcia,salzmannii
Myrcia,selloi
Myrcia,spectabilis
Myrcia,splendens
Myrcia,squamata
Myrcia,strigipes
Myrcia,subalpestris
Myrcia,subcordata
Myrcia,sylvatica
Myrcia,tenuivenosa
Myrcia,thyrsoidea
Myrcia,tomentosa
Myrcia,tricona
Myrcia,uberavensis
Myrcia,undulata
Myrcia,vellozoi
Myrcia,venulosa
Myrcia,verrucosa
Myrcia,vittoriana
Toulicia,cf. subsquamulata
Toulicia,crassifolia
Toulicia,subsquamulata
Toulicia,tomentosa
Physalis,angulata
Physalis,cf. angulata
Physalis,peruviana
Physalis,pubescens
Physalis,viscosa
Zinnia,elegans
Vachellia,constricta
Vachellia,farnesiana
Myrceugenia,acutiflora
Myrceugenia,aff. ovata
Myrceugenia,alpigena
Myrceugenia,campestris
Myrceugenia,cucullata
Myrceugenia,euosma
Myrceugenia,gertii
Myrceugenia,gigantea
Myrceugenia,glaucescens
Myrceugenia,mesomischa
Myrceugenia,miersiana
Myrceugenia,myrcioides
Myrceugenia,myrtoides
Myrceugenia,ovalifolia
Myrceugenia,ovata
Myrceugenia,oxysepala
Myrceugenia,pilotantha
Myrceugenia,regnelliana
Myrceugenia,reitzii
Myrceugenia,rufescens
Myrceugenia,seriatoramosa
Ocotea,aciphylla
Ocotea,acutifolia
Ocotea,amazonica
Ocotea,beulahiae
Ocotea,bicolor
Ocotea,brachybotrya
Ocotea,calliscypha
Ocotea,catharinensis
Ocotea,cernua
Ocotea,cf. diospyrifolia
Ocotea,ciliata
Ocotea,corymbosa
Ocotea,cujumary
Ocotea,daphnifolia
Ocotea,diospyrifolia
Ocotea,dispersa
Ocotea,elegans
Ocotea,floribunda
Ocotea,glauca
Ocotea,glaziovii
Ocotea,glomerata
Ocotea,gracilis
Ocotea,guianensis
Ocotea,indecora
Ocotea,koscinskii
Ocotea,lanata
Ocotea,lancifolia
Ocotea,laxa
Ocotea,leucoxylon
Ocotea,lobbii
Ocotea,longifolia
Ocotea,marumbiensis
Ocotea,matogrossensis
Ocotea,mellosilvae
Ocotea,minarum
Ocotea,mosenii
Ocotea,nectandrifolia
Ocotea,nigrescens
Ocotea,nitida
Ocotea,notata
Ocotea,nunesiana
Ocotea,nutans
Ocotea,odorifera
Ocotea,percurrens
Ocotea,porosa
Ocotea,prolifera
Ocotea,puberula
Ocotea,pulchella
Ocotea,pulchra
Ocotea,silvestris
Ocotea,spixiana
Ocotea,subrutilans
Ocotea,sulcata
Ocotea,teleiandra
Ocotea,tristis
Ocotea,velloziana
Ocotea,velutina
Ocotea,venulosa
Microlicia,cardiophora
Microlicia,cordata
Microlicia,cryptandra
Microlicia,euphorbioides
Microlicia,fasciculata
Microlicia,graveolens
Microlicia,insignis
Microlicia,isophylla
Microlicia,juniperina
Microlicia,leucopetala
Microlicia,macrophylla
Microlicia,minima
Microlicia,myrtoidea
Microlicia,polystemma
Microlicia,serpyllifolia
Microlicia,setosa
Microlicia,sincorensis
Microlicia,tenuifolia
Microlicia,viminalis
Tetrapterys,cf. phlomoides
Tetrapterys,phlomoides
Tetrapterys,xylosteifolia
Agalinis,brachyphylla
Agalinis,communis
Agalinis,fiebrigii
Agalinis,genistifolia
Trichocline,catharinensis
Trichocline,speciosa
Myrcianthes,gigantea
Myrcianthes,pungens
Blepharodon,bicuspidatum
Blepharodon,pictum
Blepharodon,salicinum
Cambessedesia,espora
Cambessedesia,glaziovii
Cambessedesia,hilariana
Cambessedesia,salviifolia
Connarus,blanchetii
Connarus,rostratus
Connarus,suberosus
Tripodanthus,acutifolius
Berberis,campos-portoi
Berberis,laurina
Tanacetum,vulgare
Prunella,vulgaris
Platymiscium,floribundum
Platymiscium,trinitatis
Lavoisiera,grandiflora
Lavoisiera,imbricata
Lavoisiera,nervulosa
Lavoisiera,pulchella
Plenckia,populnea
Mouriri,apiranga
Mouriri,cf. glazioviana
Mouriri,elliptica
Mouriri,guianensis
Mouriri,myrtilloides
Mouriri,pusa
Abuta,grandifolia
Abuta,selloana
Garcinia,brasiliensis
Garcinia,gardneriana
Garcinia,madruno
Piptochaetium,montevidense
Piptadenia,adiantoides
Piptadenia,gonoacantha
Piptadenia,paniculata
Mascagnia,cordifolia
Mascagnia,divaricata
Mascagnia,sepium
Hyptis,brevipes
Hyptis,caespitosa
Hyptis,campestris
Hyptis,comaroides
Hyptis,conferta
Hyptis,crenata
Hyptis,dumetorum
Hyptis,goyazensis
Hyptis,hilarii
Hyptis,hirsuta
Hyptis,homalophylla
Hyptis,inodora
Hyptis,lacustris
Hyptis,lagenaria
Hyptis,lappulacea
Hyptis,linarioides
Hyptis,lorentziana
Hyptis,lutescens
Hyptis,marrubioides
Hyptis,meridionalis
Hyptis,monticola
Hyptis,muelleri
Hyptis,passerina
Hyptis,radicans
Hyptis,rubiginosa
Hyptis,saxatilis
Hyptis,sinuata
Hyptis,turnerifolia
Hyptis,uliginosa
Jungia,floribunda
Raulinoreitzia,crenulata
Raulinoreitzia,leptophlebia
Raulinoreitzia,tremula
Athyrium,dombeyi
Zoysia,japonica
Zoysia,matrella
Leptotes,bicolor
Leptotes,unicolor
Luetzelburgia,auriculata
Luetzelburgia,bahiensis
Lankesterella,caespitosa
Lankesterella,ceracifolia
Isabelia,pulchella
Isabelia,virginalis
Dendrobium,nobile
Cyrtopodium,flavum
Cyrtopodium,lamellaticallosum
Cyrtopodium,pallidum
Cyrtopodium,palmifrons
Cyrtopodium,parviflorum
Grandiphyllum,divaricatum
Grandiphyllum,hians
Cyclopogon,aff. warmingii
Cyclopogon,apricus
Cyclopogon,calophyllus
Cyclopogon,congestus
Cyclopogon,elatus
Cyclopogon,polyaden
Cyclopogon,warmingii
Cattleya,briegeri
Cattleya,cernua
Cattleya,coccinea
Cattleya,forbesii
Cattleya,nobilior
Cattleya,pfisteri
Cattleya,violacea
Catasetum,fimbriatum
Catasetum,juruenense
Catasetum,osculatum
Catasetum,socco
Catasetum,triodon
Capanemia,micromera
Capanemia,superflua
Capanemia,therezae
Campylocentrum,brachycarpum
Campylocentrum,grisebachii
Campylocentrum,pauloense
Barbosella,cogniauxiana
Barbosella,dusenii
Morus,alba
Morus,nigra
Pisonia,aculeata
Pisonia,ambigua
Mirabilis,jalapa
Mirabilis,laevis
Bougainvillea,glabra
Bougainvillea,spectabilis
Psidium,acutangulum
Psidium,araucanum
Psidium,australe
Psidium,cattleyanum
Psidium,densicomum
Psidium,firmum
Psidium,grandifolium
Psidium,guajava
Psidium,guineense
Psidium,kennedyanum
Psidium,longipetiolatum
Psidium,myrtoides
Psidium,oligospermum
Psidium,ovale
Psidium,rufum
Psidium,salutare
Psidium,striatulum
Schlechtendalia,luzulifolia
Eugenia,angustissima
Eugenia,arenaria
Eugenia,arenosa
Eugenia,astringens
Eugenia,aurata
Eugenia,azuruensis
Eugenia,beaurepairiana
Eugenia,bimarginata
Eugenia,blastantha
Eugenia,brasiliensis
Eugenia,brejoensis
Eugenia,burkartiana
Eugenia,caducibracteata
Eugenia,caipora
Eugenia,candolleana
Eugenia,catharinensis
Eugenia,cerasiflora
Eugenia,cereja
Eugenia,chiquitensis
Eugenia,chlorophylla
Eugenia,copacabanensis
Eugenia,costatifructa
Eugenia,densiracemosa
Eugenia,dichroma
Eugenia,disperma
Eugenia,dysenterica
Eugenia,egensis
Eugenia,excelsa
Eugenia,expansa
Eugenia,florida
Eugenia,francavilleana
Eugenia,handroana
Eugenia,handroi
Eugenia,hiemalis
Eugenia,inundata
Eugenia,involucrata
Eugenia,joenssonii
Eugenia,kleinii
Eugenia,ligustrina
Eugenia,longipedunculata
Eugenia,magnibracteolata
Eugenia,malacantha
Eugenia,melanogyna
Eugenia,mosenii
Eugenia,multicostata
Eugenia,myrcianthes
Eugenia,myrciariifolia
Eugenia,neomyrtifolia
Eugenia,neoverrucosa
Eugenia,oeidocarpa
Eugenia,paracatuana
Eugenia,patens
Eugenia,pitanga
Eugenia,platysema
Eugenia,pluriflora
Eugenia,prasina
Eugenia,pruniformis
Eugenia,punicifolia
Eugenia,pyriformis
Eugenia,repanda
Eugenia,sclerocalyx
Eugenia,sellowiana
Eugenia,speciosa
Eugenia,stictopetala
Eugenia,stigmatosa
Eugenia,subavenia
Eugenia,suberosa
Eugenia,subterminalis
Eugenia,sulcata
Eugenia,tenuipedunculata 
Eugenia,uniflora
Eugenia,vattimoana
Eugenia,verticillata
Campomanesia,adamantium
Campomanesia,aurea
Campomanesia,eugenioides
Campomanesia,grandiflora
Campomanesia,guaviroba
Campomanesia,guazumifolia
Campomanesia,ilhoensis
Campomanesia,littoralis
Campomanesia,neriiflora
Campomanesia,phaea
Campomanesia,pubescens
Campomanesia,schlechtendaliana
Campomanesia,sessiliflora
Campomanesia,xanthocarpa
Siphoneugena,reitzii
Plinia,cordifolia
Plinia,edulis
Plinia,hatschbachii
Plinia,nana
Plinia,peruviana
Plinia,pseudodichasiantha
Plinia,rivularis
Plinia,silvestris
Pimenta,dioica
Pimenta,pseudocaryophyllus
Deparia,petersenii
Strobilanthes,dyeriana
Eucalyptus,cinerea
Eucalyptus,dunnii
Eucalyptus,grandis
Eucalyptus,microcorys
Eucalyptus,robusta
Eucalyptus,saligna
Eucalyptus,tereticornis
Eucalyptus,viminalis
Callistemon,pityoides
Callistemon,salignus
Callistemon,viminalis
Moringa,oleifera
Rugoloa,hylaeica
Rugoloa,pilosa
Rugoloa,polygonata
Sorocea,bonplandii
Maclura,tinctoria
Dorstenia,brasiliensis
Dorstenia,carautae
Dorstenia,cayapia
Dorstenia,hirta
Dorstenia,tenuis
Dorstenia,vitifolia
Brosimum,gaudichaudii
Brosimum,guianense
Brosimum,lactescens
Stenandrium,mandioccanum
Stenandrium,riedelianum
Stenandrium,tenellum
Hennecartia,omphalandra
Enterolobium,contortisiliquum
Enterolobium,gummiferum
Enterolobium,schomburgkii
Mimusops,coriacea
Parkia,bahiae
Parkia,cachimboensis
Parkia,pendula
Parkia,platycephala
Calycophyllum,cf. multiflorum
Calycophyllum,multiflorum
Adenanthera,pavonina
Banara,arguta
Banara,parviflora
Banara,tomentosa
Calolisianthus,pedunculatus
Calolisianthus,speciosus
Guarea,guidonia
Guarea,kunthiana
Guarea,macrophylla
Cedrela,fissilis
Cedrela,odorata
Nierembergia,hatschbachii
Nierembergia,linariifolia
Nierembergia,riograndensis
Monilicarpa,brasiliana
Urtica,circularis
Urtica,dioica
Urtica,spathulata
Prescottia,densiflora
Prescottia,oligantha
Prescottia,stachyodes
Ardisia,crenata
Ardisia,guianensis
Pterodon,abruptus
Pterodon,emarginatus
Pterodon,pubescens
Hamelia,patens
Adesmia,bicolor
Adesmia,ciliata
Adesmia,latifolia
Adesmia,paranensis
Adesmia,psoraleoides
Adesmia,reitziana
Adesmia,tristis
Spiranthera,odoratissima
Achillea,millefolium
Maprounea,guianensis
Gaultheria,corvensis
Gaultheria,eriophylla
Gaultheria,itatiaiae
Gaultheria,serrata
Brassavola,tuberculata
Lindsaea,arcuata
Lindsaea,bifida
Lindsaea,botrychioides
Lindsaea,falcata
Lindsaea,guianensis
Lindsaea,lancea
Lindsaea,ovoidea
Lindsaea,quadrangularis
Lindsaea,schomburgkii
Lindsaea,stricta
Lindsaea,virescens
Agarista,cf. niederleinii
Agarista,chlorantha
Agarista,coriifolia
Agarista,glaberrima
Agarista,niederleinii
Agarista,pulchella
Rumex,acetosella
Rumex,crispus
Rumex,obtusifolius
Rumex,scutatus
Trichomanes,anadromum
Trichomanes,cristatum
Trichomanes,elegans
Trichomanes,pilosum
Trichomanes,pinnatum
Trichomanes,plumosum
Trichomanes,polypodioides
Alsophila,capensis
Alsophila,setosa
Alsophila,sternbergii
Liparis,cogniauxiana
Liparis,nervosa
Castilleja,arvensis
Dryadella,edwallii
Dryadella,zebrina
Lycopsis,arvensis
Punica,granatum
Nematanthus,australis
Nematanthus,fissus
Nematanthus,fritschii
Nematanthus,jolyanus
Nematanthus,monanthos
Nematanthus,tessmannii
Nematanthus,wettsteinii
Clerodendrum,bungei
Clerodendrum,paniculatum
Clerodendrum,speciosum
Clerodendrum,thomsoniae
Trembleya,hatschbachii
Trembleya,inversa
Trembleya,parviflora
Trembleya,phlogiformis
Rhynchanthera, cf. novemnervia
Rhynchanthera,brachyrhyncha
Rhynchanthera,cordata
Rhynchanthera,dichotoma
Rhynchanthera,gardneri
Rhynchanthera,grandiflora
Rhynchanthera,hispida
Rhynchanthera,novemnervia
Loudetia,flammida
Montanoa,bipinnatifida
Bunchosia,acuminata
Bunchosia,armeniaca
Bunchosia,glandulifera
Bunchosia,pallescens
Bunchosia,paraguariensis
Heteropterys,bicolor
Heteropterys,byrsonimifolia
Heteropterys,campestris
Heteropterys,cf. aenea
Heteropterys,cf. coriacea
Heteropterys,cf. macradena
Heteropterys,cf. pteropetala
Heteropterys,coriacea
Heteropterys,crenulata
Heteropterys,duarteana
Heteropterys,dusenii
Heteropterys,eglandulosa
Heteropterys,glabra
Heteropterys,grandiflora
Heteropterys,intermedia
Heteropterys,nervosa
Heteropterys,nitida
Heteropterys,pauciflora
Heteropterys,pteropetala
Heteropterys,rubiginosa
Heteropterys,syringifolia
Heteropterys,tomentosa
Heteropterys,trichanthera
Heteropterys,umbellata
Peixotoa,catarinensis
Peixotoa,cf. parviflora
Peixotoa,glabra
Peixotoa,goiana
Peixotoa,magnifica
Peixotoa,parviflora
Peixotoa,reticulata
Peixotoa,tomentosa
Abelia,chinensis
Macairea,radula
Holmskioldia,sanguinea
Acisanthera,alsinaefolia
Acisanthera,variabilis
Roystonea,oleracea
Wissadula,amplissima
Wissadula,contracta
Wissadula,hernandioides
Wissadula,macrantha
Wissadula,parviflora
Wissadula,stipulata
Wissadula,wissadifolia
Sidastrum,micranthum
Sidastrum,multiflorum
Sidastrum,paniculatum
Peltaea,edouardii
Peltaea,lasiantha
Peltaea,obsita
Peltaea,polymorpha
Peltaea,speciosa
Mendoncia,puberula
Mendoncia,velloziana
Malvaviscus,arboreus
Malvastrum,americanum
Malvastrum,coromandelianum
Bastardiopsis,densiflora
Alcea,rosea
Abelmoschus,esculentus
Abelmoschus,manihot
Liriodendron,tulipifera
Magnolia,champaca
Magnolia,grandiflora
Magnolia,ovata
Diplopterys,lutea
Diplopterys,patula
Diplopterys,pubipetala
Abrodictyum,rigidum
Stigmaphyllon,arenicola
Stigmaphyllon,blanchetii
Stigmaphyllon,bonariense
Stigmaphyllon,ciliatum
Stigmaphyllon,gayanum
Stigmaphyllon,jatrophifolium
Stigmaphyllon,paralias
Stigmaphyllon,puberulum
Stigmaphyllon,salzmannii
Stigmaphyllon,tomentosum
Stigmaphyllon,urenifolium
Pterandra,pyroidea
Hiraea,cuiabensis
Hiraea,fagifolia
Hiraea,hatschbachii
Skytanthus,hancorniifolius
Lagerstroemia,indica
Lagerstroemia,speciosa
Lafoensia,nummularifolia
Lafoensia,pacari
Heimia,apetala
Heimia,salicifolia
Diplusodon,epilobioides
Diplusodon,grahamae
Diplusodon,macrodon
Diplusodon,paraisoensis
Diplusodon,plumbeus
Diplusodon,rotundifolius
Diplusodon,ulei
Diplusodon,villosissimus
Diplusodon,villosus
Diplusodon,virgatus
Struthanthus,acuminatus
Struthanthus,andrastylus
Struthanthus,angustifolius
Struthanthus,flexicaulis
Struthanthus,marginatus
Struthanthus,podopterus
Struthanthus,polyanthus
Struthanthus,polyrrhizus
Struthanthus,rhynchophyllus
Struthanthus,rotundifolius
Struthanthus,spathulatus
Struthanthus,syringifolius
Struthanthus,uraguensis
Psittacanthus,acinarius
Psittacanthus,atrolineatus
Psittacanthus,biternatus
Psittacanthus,cordatus
Psittacanthus,cucullaris
Psittacanthus,dichroos
Psittacanthus,eucalyptifolius
Psittacanthus,excrenulatus
Psittacanthus,kempffii
Psittacanthus,peronopetalus
Psittacanthus,plagiophyllus
Psittacanthus,robustus
Psittacanthus,roldanii
Spigelia,anthelmia
Spigelia,beyrichiana
Spigelia,blanchetiana
Spigelia,kleinii
Spigelia,martiana
Spigelia,pusilla
Spigelia,rojasiana
Spigelia,scabra
Spigelia,schlechtendaliana
Spigelia,sellowiana
Spigelia,spartioides
Spigelia,tetraptera
Spigelia,vestita
Antonia,ovata
Niedenzuella,lasiandra
Niedenzuella,lucida
Niedenzuella,multiglandulosa
Niedenzuella,stannea
Cranocarpus,mezii
Dyschoriste,hygrophiloides
Acrostichum,danaeifolium
Alocasia,macrorrhizos
Cynoglossum,amabile
Cynoglossum,officinale
Eichhornia,azurea
Eichhornia,crassipes
Eichhornia,heterosperma
Eichhornia,paniculata
Argemone,mexicana
Attalea,phalerata
Copernicia,alba
Stilpnopappus,trichospiroides
Sapindus,saponaria
Limonium,brasiliense
Achyranthes,aspera
Vasconcellea,quercifolia
Persea,alba
Persea,americana
Persea,aurata
Persea,fulva
Persea,major
Persea,rigida
Persea,venosa
Persea,willdenovii
Mabea,fistulifera
Mabea,glaziovii
Mabea,paniculata
Spartium,junceum
Musa,ornata
Musa,paradisiaca
Gyptidium,trichobasis
Citharexylum,amabilis
Citharexylum,montevidense
Citharexylum,myrianthum
Citharexylum,poeppigii
Citharexylum,solanaceum
Sansevieria,trifasciata
Pera,glabrata
Pera,heteranthera
Plectranthus,barbatus
Plectranthus,neochilus
Plectranthus,verticillatus
Ayapana,amygdalina
Helianthus,annuus
Helianthus,argophyllus
Jaegeria,hirta
Lucilia,acutifolia
Lucilia,ferruginea
Lucilia,linearifolia
Lucilia,lycopodioides
Pluchea,laxiflora
Pluchea,oblongifolia
Pluchea,sagittalis
Noticastrum,calvatum
Noticastrum,decumbens
Noticastrum,gnaphalioides
Noticastrum,psammophilum
Wedelia,bahiensis
Wedelia,kerrii
Wedelia,regis
Wedelia,subvelutina
Wedelia,vauthieri
Callisthene,castellanosii
Callisthene,fasciculata
Callisthene,hassleri
Callisthene,kuhlmannii
Callisthene,major
Callisthene,minor
Ateleia,glazioveana
Ateleia,guaraya
Alibertia,edulis
Caperonia,castaneifolia
Bredemeyera,divaricata
Bredemeyera,floribunda
Bredemeyera,hebeclada
Bredemeyera,laurifolia
Bredemeyera,martiana
Neea,hermaphrodita
Neea,ovalifolia
Neea,pendulina
Neea,theifera
Operculina,hamiltonii
Dipteryx,alata
Dipteryx,odorata
Cardiopetalum,calophyllum
Cassytha,filiformis
Adenaria,floribunda
Ocimum,basilicum
Ocimum,carnosum
Ocimum,gratissimum
Ocimum,nudicaule
Marsypianthes,chamaedrys
Marsypianthes,foliolosa
Leonurus,japonicus
Leonurus,pseudomacranthus
Ormosia,arborea
Ormosia,coarctata
Ormosia,coutinhoi
Ormosia,excelsa
Ormosia,fastigiata
Leonotis,nepetifolia
Hypenia,irregularis
Hypenia,macrantha
Hypenia,reticulata
Hypenia,salzmannii
Hoehnea,epilobioides
Hoehnea,parvula
Hoehnea,scutellarioides
Eriope,complicata
Eriope,crassipes
Eriope,filifolia
Eriope,foetida
Eriope,glandulosa
Eriope,hypenioides
Eriope,latifolia
Eriope,macrostachya
Eriope,salviifolia
Abrus,fruticulosus
Abrus,precatorius
Nassella,melanosperma
Nassella,sellowiana
Scorpiurus,muricatus
Trimezia,martinicensis
Trimezia,spathata
Gladiolus,grandiflorus
Crocosmia,crocosmiiflora
Kohleria,amabilis
Elaphoglossum,antioquianum
Elaphoglossum,beaurepairei
Elaphoglossum,burchellii
Elaphoglossum,edwallii
Elaphoglossum,gayanum
Elaphoglossum,glaziovii
Elaphoglossum,langsdorffii
Elaphoglossum,lingua
Elaphoglossum,luridum
Elaphoglossum,macrophyllum
Elaphoglossum,pachydermum
Elaphoglossum,paulistanum
Elaphoglossum,petiolatum
Elaphoglossum,squamipes
Elaphoglossum,strictum
Elaphoglossum,vagans
Elaphoglossum,viscidum
Codonanthe,devosiana
Codonanthe,gracilis
Dicliptera,brachiata
Dicliptera,squarrosa
Mayaca,fluviatilis
Mayaca,kunthii
Mayaca,sellowiana
Bacopa,caroliniana
Bacopa,dubia
Bacopa,gratioloides
Bacopa,monnieri
Bacopa,salzmannii
Vittaria,lineata
Vittaria,scabrida
Siparuna,bifida
Siparuna,brasiliensis
Siparuna,cuspidata
Siparuna,guianensis
Siparuna,sarmentosa
Delairea,odorata
Odontocarya,acuparata
Odontocarya,tamoides
Fimbristylis,cf. autumnalis
Fimbristylis,cf. dichotoma
Fimbristylis,complanata
Fimbristylis,dichotoma
Fimbristylis,spadicea
Fimbristylis,squarrosa
Vatairea,fusca
Vatairea,guianensis
Vatairea,heteroptera
Vatairea,macrocarpa
Tephrosia,adunca
Tephrosia,candida
Machaerina,austrobrasiliensis
Humiria,balsamifera
Disynaphia,calyculata
Disynaphia,ligulifolia
Disynaphia,littoralis
Disynaphia,multicrenulata
Pentacalia,desiderabilis
Myrciaria,cuspidata
Myrciaria,delicatula
Myrciaria,dubia
Myrciaria,floribunda
Myrciaria,glazioviana
Myrciaria,glomerata
Myrciaria,tenella
Gallesia,integrifolia
Lytoneuron,crenulans
Lytoneuron,lomariaceum
Lytoneuron,ornithopus
Vellozia,blanchetiana
Vellozia,canelinha
Vellozia,caruncularis
Vellozia,dasypus
Vellozia,declinans
Vellozia,froesii
Vellozia,glabra
Vellozia,hirsuta
Vellozia,jolyi
Vellozia,sincorana
Vellozia,stellata
Vellozia,stipitata
Vellozia,variabilis
Hortia,brasiliana
Hortia,longifolia
Schizaea,attenuata
Schizaea,elegans
Caladium,bicolor
Caladium,intermedium
Neomarica,caerulea
Neomarica,candida
Lonicera,japonica
Pilosocereus,glaucochrous
Foeniculum,vulgare
Zea,mays
Gomesa,albinoi
Gomesa,barbaceniae
Gomesa,bifolia
Gomesa,brieniana
Gomesa,ciliata
Gomesa,concolor
Gomesa,cornigera
Gomesa,flexuosa
Gomesa,florida
Gomesa,glaziovii
Gomesa,gomezoides
Gomesa,hydrophila
Gomesa,lietzei
Gomesa,microphyta
Gomesa,paranensoides
Gomesa,radicans
Gomesa,ramosa
Gomesa,ranifera
Gomesa,recurva
Gomesa,riograndensis
Gomesa,uniflora
Gomesa,varicosa
Cryptocarya,aschersoniana
Cryptocarya,botelhensis
Cryptocarya,mandioccana
Cryptocarya,moschata
Cryptocarya,saligna
Cryptocarya,subcorymbosa
Hapalorchis,micranthus
Bulbophyllum,atropurpureum
Bulbophyllum,epiphytum
Bulbophyllum,perii
Bulbophyllum,plumosum
Bulbophyllum,regnellii
Bulbophyllum,rupicolum
Bulbophyllum,tripetalum
Sacoila,lanceolata
Asystasia,gangetica
Tilesia,baccata
Heterocondylus,alatus
Heterocondylus,decipiens
Heterocondylus,pumilus
Heterocondylus,vitalbae
Podostemum,comatum
Podostemum,distichum
Podostemum,muelleri
Podostemum,rutifolium
Antirrhinum,majus
Zephyranthes,coerulea
Zephyranthes,flavissima
Zephyranthes,mesochloa
Zephyranthes,paranaensis
Zephyranthes,robusta
Zephyranthes,sylvatica
Lilium,formosanum
Lilium,longiflorum
Lilium,regale
Verbesina,glabrata
Verbesina,macrophylla
Verbesina,sordescens
Stenocephalum,megapotamicum
Ichthyothere,latifolia
Hieracium,commersonii
Hieracium,urvillei
Aldama,anchusifolia
Aldama,aspilioides
Aldama,bracteata
Aldama,kunthiana
Aldama,pilosa
Aldama,squalida
Aldama,trichophylla
Homolepis,glutinosa
Homolepis,isocalycia
Ocellochloa,rudis
Ocellochloa,stolonifera
Rhabdadenia,madida
Triodanis,perfoliata
Cichorium,intybus
Trifolium,pratense
Trifolium,repens
Galphimia,australis
Galphimia,brasiliensis
Hyptidendron,canum
Virola,elongata
Virola,gardneri
Virola,officinalis
Virola,sebifera
Virola,sessilis
Virola,subsessilis
Rivina,humilis
Augusta,longifolia
Weinmannia,discolor
Weinmannia,humilis
Weinmannia,paulliniifolia
Calophyllum,brasiliense
Crocanthemum,brasiliensis
Gonzalagunia,dicocca
Pharus,lappulaceus
Pharus,latifolius
Canastra,aristella
Canastra,lanceolata
Diphasiastrum,thyoides
Ulex,europaeus
Bathysa,australis
Poa,annua
Poa,lanuginosa
Poa,ligularis
Poa,scaberula
Labramia,bojeri
Asplundia,brachypus
Olfersia,cervina
Apodanthera,laciniosa
Apodanthera,ulei
Cucurbita,maxima
Cucurbita,pepo
Anemia,cf. simplicior
Anemia,collina
Anemia,ferruginea
Anemia,flexuosa
Anemia,hispida
Anemia,luetzelburgii
Anemia,mandioccana
Anemia,millefolia
Anemia,mynsseniana
Anemia,oblongifolia
Anemia,phyllitidis
Anemia,raddiana
Anemia,tenera
Anemia,tomentosa
Anemia,villosa
Salacia,elliptica
Cobaea,scandens
Liquidambar,styraciflua
Hippeastrum,aulicum
Hippeastrum,breviflorum
Hippeastrum,glaucescens
Hippeastrum,psittacinum
Hippeastrum,reticulatum
Hippeastrum,santacatarina
Hippeastrum,striatum
Posoqueria,latifolia
Laurus,nobilis
Tachigali,aurea
Tachigali,bracteosa
Tachigali,densiflora
Tachigali,paniculata
Tachigali,rugosa
Tachigali,subvelutina
Tachigali,vulgaris
Sessea,regnellii
Aniseia,martinicensis
Jacquemontia,blanchetii
Jacquemontia,densiflora
Jacquemontia,ferruginea
Jacquemontia,heterantha
Jacquemontia,lasioclados
Jacquemontia,mucronifera
Jacquemontia,prostrata
Jacquemontia,sphaerocephala
Jacquemontia,tamnifolia
Poecilanthe,falcata
Poecilanthe,parviflora
Poecilanthe,ulei
Platypodium,elegans
Lathyrus,crassipes
Lathyrus,elegans
Lathyrus,nervosus
Lathyrus,paranensis
Lathyrus,pubescens
Lathyrus,sativus
Cratylia,argentea
Cratylia,intermedia
Periandra,coccinea
Periandra,mediterranea
Polytrichadelphus,pseudopolytrichum
Serpocaulon,catharinae
Serpocaulon,fraxinifolium
Serpocaulon,glandulosissimum
Serpocaulon,laetum
Serpocaulon,latipes
Serpocaulon,loriceum
Serpocaulon,menisciifolium
Serpocaulon,triseriale
Serpocaulon,vacillans
Cochlidium,punctatum
Cochlidium,serrulatum
Saponaria,ocymoides
Noisettia,orchidiflora
Chamaedorea,elegans
Chara,cf. rusbyana
Wisteria,floribunda
Deguelia,costata
Deguelia,nitidula
Deguelia,scandens
Evolvulus,alsinoides
Evolvulus,glomeratus
Evolvulus,lagopodioides
Evolvulus,nummularius
Evolvulus,pohlii
Evolvulus,pterygophyllus
Evolvulus,pusillus
Evolvulus,riedelii
Evolvulus,sericeus
Riedeliella,graciliflora
Mezilaurus,itauba
Mezilaurus,vanderwerffii
Ruta,graveolens
Bauhinia,acuruana
Bauhinia,aff. curvula
Bauhinia,angulata
Bauhinia,arleneae
Bauhinia,bauhinioides
Bauhinia,cf. curvula
Bauhinia,cf. pulchella
Bauhinia,corniculata
Bauhinia,cupulata
Bauhinia,curvula
Bauhinia,dubia
Bauhinia,dumosa
Bauhinia,forficata
Bauhinia,holophylla
Bauhinia,longicuspis
Bauhinia,longifolia
Bauhinia,mollis
Bauhinia,pulchella
Bauhinia,rufa
Bauhinia,ungulata
Bauhinia,variegata
Limnobium,laevigatum
Enydra,anagallis
Enydra,radicans
Salvinia,auriculata
Pistia,stratiotes
Ruprechtia,laxiflora
Ctenitis,anniesii
Ctenitis,distans
Ctenitis,falciculata
Ctenitis,nervata
Ctenitis,paranaensis
Ctenitis,refulgens
Ctenitis,submarginalis
Picrosia,longifolia
Gamochaeta,americana
Gamochaeta,falcata
Gamochaeta,filaginea
Gamochaeta,pensylvanica
Gamochaeta,purpurea
Gamochaeta,simplicicaulis
Cnidoscolus,bahianus
Cnidoscolus,urens
Cnidoscolus,urentissimus
Chiropetalum,ramboi
Chiropetalum,tricoccum
Wullschlaegelia,aphylla
Grobya,amherstiae
Grobya,galeata
Guazuma,ulmifolia
Achatocarpus,praecox
Daucus,carota
Daucus,montanus
Daucus,pusillus
Salix,humboldtiana
Salix,nigra
Olea,europaea
Sesamum,indicum
Malpighia,emarginata
Hymenasplenium,triquetrum
Becquerelia,cymosa
Becquerelia,muricata
Urolepis,hecatantha
Cunila,angustifolia
Cunila,galioides
Cunila,incisa
Cunila,platyphylla
Cunila,spicata
Mecardonia,grandiflora
Mecardonia,procumbens
Acaena,eupatoria
Wahlenbergia,linarioides
Wahlenbergia,marginata
Staelia,virgata
Dietes,bicolor
Dietes,iridioides
Phyllanthus,acuminatus
Phyllanthus,aff. leptophyllus
Phyllanthus,angustissimus
Phyllanthus,caroliniensis
Phyllanthus,fluitans
Phyllanthus,glaziovii
Phyllanthus,hyssopifolioides
Phyllanthus,klotzschianus
Phyllanthus,niruri
Phyllanthus,orbiculatus
Phyllanthus,ramillosus
Phyllanthus,sellowianus
Phyllanthus,tenellus
Manekia,obtusa
Bowdichia,virgilioides
Pterocarpus,amazonum
Pterocarpus,dubius
Pterocarpus,lupulina
Pterocarpus,nitens
Pterocarpus,rohrii
Pterocarpus,santalinoides
Sophora,tomentosa
Linnaea,borealis
Pseudobrickellia,angustissima
Pseudobrickellia,brasiliensis
Asterostigma,tweedianum
Lablab,purpureus
Curitiba,prismatica
Cuspidaria,convoluta
Cuspidaria,pulchella
Cuspidaria,pulchra
Cuspidaria,simplicifolia
Borago,officinalis
Myrrhinium,atropurpureum
Wittrockia,cyathiformis
Wittrockia,superba
Parodia,carambeiensis
Apochloa,lutzii
Silene,gallica
Cynophalla,flexuosa
Cynophalla,hastata
Cynophalla,retusa
Dichondra,macrocalyx
Dichondra,microcalyx 
Dichondra,sericea
Holocheilus,brasiliensis
Holocheilus,illustris
Holocheilus,pinnatifidus
Eltroplectris,schlechteriana
Neonotonia,wightii
Aiouea,acarodomatifera
Aiouea,amoena
Aiouea,glaziovii
Aiouea,hatschbachii
Aiouea,montana
Aiouea,ombrophila
Aiouea,piauhyensis
Aiouea,saligna
Aiouea,sellowiana
Aiouea,stenophylla
Aiouea,trinervis
Cyclanthera,hystrix
Cyclanthera,tenuifolia
Sicana,odorifera
Euplassa,cantareirae
Euplassa,inaequalis
Euplassa,lanata
Euplassa,nebularis
Euplassa,rufa
Cenostigma,bracteosum
Cenostigma,macrophyllum
Cenostigma,microphyllum
Cenostigma,pluviosum
Cenostigma,pluviosum
Cenostigma,pyramidale
Cenostigma,tocantinum
Marcetia,canescens
Marcetia,lanuginosa
Marcetia,taxifolia
Marcetia,velutina
Radlkoferotoma,cistifolium
Chaetostoma,armatum
Glechon,ciliata
Glechon,discolor
Glechon,marifolia
Aphelandra,chamissoniana
Aphelandra,espirito-santensis
Aphelandra,liboniana
Aphelandra,longiflora
Aphelandra,ornata
Aphelandra,schottiana
Aphelandra,wasshausenii
Huberia,insignis
Huberia,piranii
Huberia,semiserrata
Hatiora,salicornioides
Scutellaria,racemosa
Scutellaria,uliginosa
Pterolepis,glomerata
Pterolepis,parnassiifolia
Pterolepis,polygonoides
Oryza,latifolia
Oryza,rufipogon
Oryza,sativa
Dactyloctenium,aegyptium
Chusquea,anelythra
Chusquea,bambusoides
Chusquea,capitata
Chusquea,capituliflora
Chusquea,fasciculata
Chusquea,gracilis
Chusquea,ibiramae
Chusquea,juergensii
Chusquea,kleinii
Chusquea,leptophylla
Chusquea,meyeriana
Chusquea,mimosa
Chusquea,oligophylla
Chusquea,oxylepis
Chusquea,pinifolia
Chusquea,ramosissima
Chusquea,tenella
Chusquea,urelytra
Chusquea,windischii
Chascolytrum,calotheca
Chascolytrum,juergensii
Chascolytrum,monandrum
Chascolytrum,subaristatum
Chascolytrum,uniolae
Eragrostis,articulata
Eragrostis,bahiensis
Eragrostis,ciliaris
Eragrostis,lugens
Eragrostis,maypurensis
Eragrostis,mexicana
Eragrostis,neesii
Eragrostis,pilosa
Eragrostis,plana
Eragrostis,polytricha
Eragrostis,tenuifolia
Calamagrostis,viridiflavescens
Sporobolus,aeneus
Sporobolus,ciliatus
Sporobolus,indicus
Sporobolus,linearifolius
Sporobolus,pseudairoides
Sporobolus,virginicus
Urochloa,adspersa
Urochloa,arrecta
Urochloa,brizantha
Urochloa,decumbens
Urochloa,mutica
Urochloa,plantaginea
Urochloa,ruziziensis
Aristida,adscensionis
Aristida,flaccida
Aristida,gibbosa
Aristida,jubata
Aristida,megapotamica
Aristida,multiramea
Aristida,recurvata
Aristida,torta
Floscopa,glabrata
Floscopa,hirsuta
Areca,triandra
Astraea,cincta
Astraea,lobata
Alstroemeria,amabilis
Alstroemeria,apertiflora
Alstroemeria,caryophyllaea
Alstroemeria,inodora
Alstroemeria,isabelleana
Alstroemeria,pallida
Alstroemeria,sellowiana
Norantea,guianensis
Astrocaryum,aculeatissimum
Astrocaryum,campestre
Salvertia,convallariodora
Eschweilera,albiflora
Eschweilera,alvimii
Eschweilera,coriacea
Eschweilera,nana
Eschweilera,ovata
Eschweilera,pedicellata
Eschweilera,tetrapetala
Scoparia,dulcis
Scoparia,elliptica
Scoparia,ericacea
Scoparia,hassleriana
Scoparia,montevidensis
Himatanthus,articulatus
Himatanthus,bracteatus
Himatanthus,obovatus
Himatanthus,phagedaenicus
Himatanthus,tarapotensis
Cybianthus,brasiliensis
Cybianthus,detergens
Cybianthus,gardneri
Physocalymma,scaberrimum
Laserpitium,halleri
Borreria,alata
Borreria,brachystemonoides
Borreria,capitata
Borreria,cupularis
Borreria,dasycephala
Borreria,hyssopifolia
Borreria,latifolia
Borreria,ocymifolia
Borreria,orientalis
Borreria,paranaensis
Borreria,poaya
Borreria,schumannii
Borreria,suaveolens
Borreria,tenella
Borreria,valens
Borreria,verticillata
Borreria,wunschmannii
Litchi,chinensis
Azadirachta,indica
Otachyrium,aquaticum
Otachyrium,seminudum
Otachyrium,versicolor
Dichanthelium,hebotes
Dichanthelium,sabulorum
Dichanthelium,superatum
Odontadenia,lutea
Odontadenia,macrantha
Urena,lobata
Calydorea,campestris
Rapatea,elongata
Rapatea,paludosa
Rapatea,pycnocephala
Simarouba,amara
Simarouba,versicolor
Paronychia,camphorosmoides
Paronychia,communis
Silene,antirrhina
Silene,gallica
Soliva,sessilis
Symphyllophyton,caprifolioides
Brassica,napus
Brassica,rapa
Trithrinax,acanthocoma
Datura,stramonium
Apuleia,leiocarpa
Lophosoria,quadripinnata
Hippocratea,volubilis
Vandenboschia,radicans
Vandenboschia,rupestris
Lellingeria,depressa
Alansmia,cultrata
Alansmia,reclinata
Leptostelma,catharinense
Leptostelma,maximum
Leptostelma,tweediei
Symphyotrichum,squamatum
Symphyotrichum,subulatum
Anadenanthera,colubrina
Anadenanthera,peregrina
Luehea,candicans
Luehea,crispa
Luehea,divaricata
Luehea,grandiflora
Luehea,microcarpa
Luehea,ochrophylla
Luehea,paniculata
Inga,alba
Inga,barbata
Inga,capitata
Inga,ciliata
Inga,cylindrica
Inga,edulis
Inga,flagelliformis
Inga,grandiflora
Inga,heterophylla
Inga,laurina
Inga,lentiscifolia
Inga,marginata
Inga,pilosula
Inga,sellowiana
Inga,sessilis
Inga,striata
Inga,subnuda
Inga,thibaudiana
Inga,umbellifera
Inga,vera
Inga,virescens
Inga,vulpina
Ceiba,speciosa
Celtis,brasiliensis
Celtis,chichape
Celtis,iguanaea
Celtis,spinosa
Senna,aculeata
Senna,acuruensis
Senna,alata
Senna,araucarietorum
Senna,bicapsularis
Senna,cana
Senna,cf. pilifera
Senna,corymbosa
Senna,hirsuta
Senna,latifolia
Senna,lechriosperma
Senna,macranthera
Senna,multijuga
Senna,neglecta
Senna,obtusifolia
Senna,occidentalis
Senna,organensis
Senna,pendula
Senna,phlebadenia
Senna,pilifera
Senna,quinquangulata
Senna,reniformis
Senna,rugosa
Senna,silvestris
Senna,spectabilis
Senna,splendida
Senna,tropica
Senna,velutina
Leucaena,leucocephala
Triumfetta,althaeoides
Triumfetta,bartramia
Triumfetta,bogotensis
Triumfetta,obscura
Triumfetta,semitriloba
Acrocomia,aculeata
Acrocomia,hassleri
Acrocomia,totai
Strelitzia,reginae
Leea,guineensis
Leea,rubra
Casearia,aculeata
Casearia,altiplanensis
Casearia,arborea
Casearia,catharinensis
Casearia,cf. ulmifolia
Casearia,commersoniana
Casearia,decandra
Casearia,gossypiosperma
Casearia,grandiflora
Casearia,javitensis
Casearia,lasiophylla
Casearia,mestrensis
Casearia,obliqua
Casearia,paranaensis
Casearia,rupestris
Casearia,sylvestris
Acanthocladus,brasiliensis
Byttneria,aculeata
Byttneria,australis
Byttneria,catalpifolia
Byttneria,divaricata
Byttneria,filipes
Byttneria,gayana
Byttneria,genistella
Byttneria,gracilipes
Byttneria,hatschbachii
Byttneria,rhamnifolia
Byttneria,scabra
Byttneria,triadenia
Byttneria,urticifolia
Alseis,floribunda
Escallonia,bifida
Escallonia,chlorophylla
Escallonia,farinacea
Escallonia,laevis
Escallonia,megapotamica
Escallonia,obtusissima
Escallonia,petrophila
Hypolytrum,pulchrum
Hypolytrum,schraderianum
Calliandra,bahiana
Calliandra,brevicaulis
Calliandra,brevipes
Calliandra,dysantha
Calliandra,fasciculata
Calliandra,foliolosa
Calliandra,lanata
Calliandra,macrocalyx
Calliandra,parviflora
Calliandra,sessilis
Calliandra,surinamensis
Calliandra,tweedii
Alicia,anisopetala
Aegiphila,brachiata
Aegiphila,integrifolia
Aegiphila,mediterranea
Aegiphila,obducta
Aegiphila,racemosa
Aegiphila,verticillata
Aegiphila,vitelliniflora
Fridericia,caudata
Fridericia,caudigera
Fridericia,chica
Fridericia,cinnamomea
Fridericia,conjugata
Fridericia,craterophora
Fridericia,erubescens
Fridericia,florida
Fridericia,formosa
Fridericia,leucopogon
Fridericia,mutabilis
Fridericia,platyphylla
Fridericia,rego
Fridericia,samydoides
Fridericia,speciosa
Fridericia,triplinervia
Fridericia,tuberculata
Trema,micrantha
Trema,micranthum
Pseudotrimezia,cathartica
Pseudotrimezia,juncifolia
Pseudotrimezia,synandra
Calotropis,procera
Cynanchum,montevidense
Ditassa,burchellii
Ditassa,capillaris
Ditassa,conceptionis
Ditassa,crassifolia
Ditassa,edmundoi
Ditassa,eximia
Ditassa,glaziovii
Ditassa,gracilipes
Ditassa,hastata
Ditassa,hispida
Ditassa,retusa
Minaria,acerosa
Minaria,micromeria
Fischeria,stellata
Orthosia,congesta
Orthosia,dusenii
Orthosia,scoparia
Orthosia,urceolata
Orthosia,virgata
Oxypetalum,aequaliflorum
Oxypetalum,appendiculatum
Oxypetalum,balansae
Oxypetalum,banksii
Oxypetalum,capitatum
Oxypetalum,coccineum
Oxypetalum,cordifolium
Oxypetalum,erectum
Oxypetalum,erianthum
Oxypetalum,hoehnei
Oxypetalum,insigne
Oxypetalum,mosenii
Oxypetalum,oblanceolatum
Oxypetalum,obtusifolium
Oxypetalum,pachyglossum
Oxypetalum,pachygynum
Oxypetalum,pannosum
Oxypetalum,solanoides
Oxypetalum,sublanatum
Oxypetalum,tomentosum
Oxypetalum,tubatum
Oxypetalum,warmingii
Oxypetalum,wightianum
Peplonia,axillaris
Schubertia,grandiflora
Schubertia,morilloana
Stapelia,hirsuta
Luxemburgia,damazioana
Luxemburgia,glazioviana
Luxemburgia,schwackeana
Blepharocalyx,salicifolius
Chamaecrista,amiciella
Chamaecrista,blanchetii
Chamaecrista,brachyrachis
Chamaecrista,campestris
Chamaecrista,cathartica
Chamaecrista,conferta
Chamaecrista,confertiformis
Chamaecrista,curvifolia
Chamaecrista,desvauxii 
Chamaecrista,diphylla
Chamaecrista,ensiformis
Chamaecrista,exsudans
Chamaecrista,fagonioides
Chamaecrista,flexuosa
Chamaecrista,hatschbachii
Chamaecrista,hispidula
Chamaecrista,incana
Chamaecrista,lundii
Chamaecrista,multipennis
Chamaecrista,neesiana
Chamaecrista,nictitans
Chamaecrista,pascuorum
Chamaecrista,punctata
Chamaecrista,ramosa
Chamaecrista,repens
Chamaecrista,roraimae
Chamaecrista,rotundifolia
Chamaecrista,setosa
Chamaecrista,simplifacta
Chamaecrista,tephrosiifolia
Chamaecrista,tragacanthoides
Chamaecrista,vestita
Chamaecrista,xinguensis
Hydrocotyle,alpina
Hydrocotyle,barbarossa
Hydrocotyle,bonariensis
Hydrocotyle,bowlesioides
Hydrocotyle,callicephala
Hydrocotyle,cf. leucocephala
Hydrocotyle,leucocephala
Hydrocotyle,pusilla
Hydrocotyle,quinqueloba
Hydrocotyle,ranunculoides
Calibrachoa,caesia
Calibrachoa,dusenii
Calibrachoa,ericifolia
Calibrachoa,excellens
Calibrachoa,heterophylla
Calibrachoa,linoides
Calibrachoa,micrantha
Calibrachoa,ovalifolia
Calibrachoa,paranensis
Calibrachoa,parviflora
Calibrachoa,sellowiana
Cosmos,sulphureus
Buddleja,elegans
Buddleja,grandiflora
Buddleja,hatschbachii
Buddleja,kleinii
Buddleja,madagascariensis
Buddleja,stachyoides
Buddleja,thyrsoides
Alpinia,purpurata
Alpinia,zerumbet
Senegalia,cf. tenuifolia
Senegalia,langsdorffii
Senegalia,loretensis
Senegalia,martii
Senegalia,martiusiana
Senegalia,nitidifolia
Senegalia,parviceps
Senegalia,piauhiensis
Senegalia,polyphylla
Senegalia,rafinesqueana
Senegalia,riparia
Senegalia,tenuifolia
Senegalia,tucumanensis
Senegalia,velutina
Rotula,pohlii
Stryphnodendron,adstringens
Stryphnodendron,coriaceum
Stryphnodendron,polyphyllum
Stryphnodendron,pulcherrimum
Stryphnodendron,rotundifolium
Leptolobium,dasycarpum
Leptolobium,elegans
Leptolobium,nitens
Phoradendron,argentinum
Phoradendron,bathyoryctum
Phoradendron,burkartii
Phoradendron,caripense
Phoradendron,chrysocladon
Phoradendron,coriaceum
Phoradendron,coriaceum
Phoradendron,crassifolium
Phoradendron,dipterum
Phoradendron,ensifolium
Phoradendron,holoxanthum
Phoradendron,mucronatum
Phoradendron,obtusissimum
Phoradendron,pellucidulum
Phoradendron,perrottetii
Phoradendron,piperoides
Phoradendron,platycaulon
Phoradendron,pteroneuron
Phoradendron,quadrangulare
Phoradendron,strongyloclados
Phoradendron,tunaeforme
Phoradendron,undulatum
Prockia,crucis
Viburnum,odoratissimum
Viburnum,tinus
Simaba,guianensis
Neomitranthes,glomerata
Polyphlebium,angustatum
Polyphlebium,capillaceum
Geranium,arachnoideum
Geranium,robertianum
Lepidagathis,cyanea
Lepidagathis,floribunda
Lepidagathis,kameyamana
Lepidagathis,montana
Herreria,glaziovii
Herreria,montevidensis
Herreria,salsaparilha
Bignonia,aequinoctialis
Bignonia,binata
Bignonia,callistegioides
Bignonia,corymbosa
Bignonia,sciuripabulum
Tanaecium,cf. selloi
Tanaecium,dichotomum
Tanaecium,jaroba
Tanaecium,pyramidatum
Tanaecium,selloi
Tanaecium,truncatum
Vitex,cymosa
Vitex,duckei
Vitex,martii
Vitex,megapotamica
Vitex,polygama
Vitex,rufescens
Handroanthus,albus
Handroanthus,capitatus
Handroanthus,catarinensis
Handroanthus,chrysotrichus
Handroanthus,heptaphyllus
Handroanthus,impetiginosus
Handroanthus,ochraceus
Handroanthus,pulcherrimus
Handroanthus,serratifolius
Handroanthus,spongiosus
Cortaderia,hieronymi
Cortaderia,selloana
Senega,abietina
Senega,adenophora
Senega,altomontana
Senega,appendiculata
Senega,bracteata
Senega,brasiliensis
Senega,campestris
Senega,carphoides
Senega,celosioides
Senega,cyparissias
Senega,equisetoides
Senega,glaziovii
Senega,glochidata
Senega,graebiana
Senega,herbiola
Senega,lancifolia
Senega,linoides
Senega,longicaulis
Senega,lycopodioides
Senega,molluginifolia
Senega,monosperma
Senega,moquiniana
Senega,multiceps
Senega,paniculata
Senega,poaya
Senega,pseudoerica
Senega,pulchella
Senega,pulchella
Senega,punctata
Senega,selaginoides
Senega,sellowiana
Senega,subverticillata
Senega,tenuis
Senega,timoutoides
Senega,timoutou
Senega,trichosperma
Senega,vollii
Crateva,tapia
Cassia,fastuosa
Cassia,fistula
Cassia,javanica
Cassia,leptophylla
Cleistes,montana
Cecropia,glaziovii
Cecropia,hololeuca
Cecropia,pachystachya
Cecropia,saxatilis
Libidibia,ferrea
Libidibia,paraguariensis
Guibourtia,hymenaefolia
Holocalyx,balansae
Duroia,duckei
Peltogyne,confertiflora
Peltogyne,pauciflora
Macrolobium,acaciifolium
Macrolobium,latifolium
Ecclinusa,ramiflora
Bellucia,acutata
Bellucia,grossularioides
Abarema,brachystachya
Abarema,filamentosa
Abarema,jupunba
Abarema,langsdorffii
Pithecellobium,dulce
Pitcairnia,burchellii
Pitcairnia,flammea
Dichaea,cogniauxiana
Dichaea,pendula
Dichaea,trulla
Viola,cerasifolia
Sacciolepis,vilvoides
Scutia,buxifolia
Thalia,geniculata
Pectis,uniaristata
Vismia,atlantica
Vismia,brasiliensis
Vismia,cayennensis
Vismia,guianensis
Vismia,latifolia
Vismia,martiana
Vismia,micrantha
Desmanthus,pernambucanus
Desmanthus,tatuhyensis
Desmanthus,virgatus
Beilschmiedia,emarginata
Ternstroemia,brasiliensis
Meliosma,itatiaiae
Meliosma,sellowii
Tontelea,micrantha
Tontelea,miersii
Campanula,glomerata
Leiothrix,flavescens
Convolvulus,bonariensis
Convolvulus,crenatifolius
Convolvulus,hasslerianus
Triphora,uniflora
Coussapoa,microcarpa
Coussapoa,trinervia
Petroselinum,crispum
Allium,ampeloprasum
Allium,fistulosum
Allium,taishanense
Oreopanax,capitatus
Oreopanax,fulvus
Fragaria,vesca
Malus,pumila
Anthaenantia,lanata
Elionurus,muticus
Holcus,lanatus
Schoenoplectus,americanus
Schoenoplectus,californicus
Leersia,hexandra
Simira,hexandra
Simira,rubescens
Plathymenia,reticulata
Coutoubea,ramosa
Coutoubea,spicata
Diptychandra,aurantiaca
Quesnelia,imbricata
Bocageopsis,mattogrossensis
Zygia,cataractae
Zygia,inaequalis
Zygia,latifolia
Mollugo,verticillata
Neoraputia,alba
Hydrogaster,trinervis
Angostura,bracteata
Zamia,boliviana
Zamia,brasiliensis
Teramnus,uncinatus
Teramnus,volubilis
Mollia,lepidota
Encyclia,linearifolioides
Encyclia,oncidioides
Encyclia,patens
Aniba,burchellii
Aniba,firmula
Cleistocactus,baumannii
Desmoncus,orthacanthos
Desmoncus,polyacanthos
Melochia,arenosa
Melochia,chamaedrys
Melochia,hassleriana
Melochia,parvifolia
Melochia,pyramidata
Melochia,simplex
Melochia,tomentosa
Helicteres,brevispira
Helicteres,gardneriana
Helicteres,guazumifolia
Helicteres,lhotzkyana
Helicteres,ovata
Helicteres,sacarolha
Apeiba,tibourbou
Camonea ,umbellata
Danaea,geniculata
Danaea,moritziana
Govenia,utriculata
Skeptrostachys,arechavaletanii
Skeptrostachys,paraguayensis
Isochilus,linearis
Myrsine,altomontana
Myrsine,balansae
Myrsine,coriacea
Myrsine,gardneriana
Myrsine,guianensis
Myrsine,hermogenesii
Myrsine,laetevirens
Myrsine,lancifolia
Myrsine,lineata
Myrsine,parvifolia
Myrsine,parvula
Myrsine,rubra
Myrsine,umbellata
Myrsine,venosa
Myrsine,villosissima
Pabstiella,aveniformis
Pabstiella,bacillaris
Pabstiella,bradei
Pabstiella,mirabilis
Pabstiella,sordida
Pabstiella,uniflora
Polystichum,montevidense
Polystichum,platylepis
Polystichum,platyphyllum
Stigmatopteris,caudata
Stigmatopteris,heterocarpa
Hoffmannia,peckii
Bonamia,agrostopolis
Moutabea,excoriata
Moutabea,guianensis
Polycarpaea,corymbosa
Polycarpaea,hassleriana
Bertolonia,margaritacea
Bertolonia,mosenii
Bertolonia,paranaensis
Frangula,polymorpha
Eulophia,alta
Prosthechea,bulbosa
Prosthechea,fausta
Prosthechea,vespa
Pittosporum,tobira
Pittosporum,undulatum
Remijia,amazonica
Clinopodium,gracile
Clinopodium,vulgare
Elaeocarpus,serratus
Talinum,fruticosum
Talinum,paniculatum
Hyperbaena,domingensis
Hyperbaena,hassleri
Parodiophyllochloa,pantricha
Parodiophyllochloa,rhizogona
Tristachya,leiostachya
Rhytachne,rottboellioides
Pourouma,guianensis
Hohenbergia,augusta
Hohenbergia,catingae
Thoracocarpus,bissectus
Polybotrya,cylindrica
Polybotrya,espiritosantensis
Polybotrya,sorbifolia
Aparisthmium,cordatum
Arundinella,hispida
Torenia,thouarsii
Voyria,aphylla
Acmella,ciliata
Acmella,leptophylla
Acmella,oleracea
Conocliniopsis,prasiifolia
Vernonia,echioides
Vernonia,gertii
Chelonanthus,acutangulus
Chelonanthus,matogrossensis
Chelonanthus,purpurascens
Chelonanthus,viridiflorus
Stellaria,media
Ctenodon,brasilianus 
Ctenodon,elegans
Ctenodon,falcatus
Ctenodon,martii
Ctenodon,molliculus
Ctenodon,paniculatus 
Laplacea,fruticosa
Picrasma,crenata
Spondias,mombin
Spondias,purpurea
Spondias,tuberosa
Spondias,venulosa
Magonia,pubescens
Henriettea,glabra
Henriettea,ovata
Lophanthera,lactescens
Abatia,angeliana
Myriophyllum,aquaticum
Goeppertia,aemula
Goeppertia,arrabidae
Goeppertia,barbata
Goeppertia,eichleri
Goeppertia,elliptica
Goeppertia,joffilyana
Goeppertia,longibracteata
Goeppertia,mediopicta
Goeppertia,monophylla
Goeppertia,sellowii
Goeppertia,squarrosa
Goeppertia,umbrosa
Goeppertia,zebrina
Schwartzia,adamantium
Schwartzia,brasiliensis
Platypodanthera,melissifolia
Trichogonia,campestris
Trichogonia,salviifolia
Pityrocarpa,moniliformis
Elachyptera,micrantha
Eumachia,astrellantha
Eumachia,chaenotricha
Eumachia,cymuligera
Lecointea,hatschbachii
Zeuxine,strateumatica
Moquiniastrum,argyreum
Moquiniastrum,floribundum
Moquiniastrum,paniculatum
Moquiniastrum,polymorphum
Moquiniastrum,sordidum
Lotus,corniculatus
Pseudopiptadenia,brenanii
Pseudopiptadenia,contorta
Prosopis,abbreviata
Prosopis,caldenia
Prosopis,ruscifolia
Linum,brevifolium
Linum,littorale
Linum,usitatissimum
Potamogeton,gayi
Potamogeton,montevidensis
Potamogeton,polygonus
Malva,parviflora
Malva,spicata
Malva,sylvestris
Achnatherum,pekinense
Potentilla,supina
Sisymbrium,officinale
Youngia,japonica
Centranthera,cochinchinensis
Rehmannia,glutinosa
Vitis,bryoniifolia
Bothriochloa,ischaemum
Lespedeza,floribunda
Aster,ageratoides
Echinocoryne,subulata
Amaioua,guianensis
Amaioua,intermedia
Strophopappus,speciosus
Austrocritonia,velutina
Schultesia,australis
Schultesia,brachyptera
Schultesia,guianensis
Isostigma,hoffmannii
Isostigma,peucedanifolium
Stifftia,chrysantha
Stifftia,parviflora
Licaria,armeniaca
Licaria,aurea
Licaria,aureosericea
Licaria,crassifolia
Licaria,debilis
Licaria,guianensis
Landoltia,punctata
Pastinaca,sativa
Modiolastrum,lateritium
Modiolastrum,malvifolium
Blumenbachia,exalata
Blumenbachia,latifolia
Blumenbachia,scabra
Lysimachia,arvensis
Lysimachia,filiformis
Lysimachia,minima
Colletia,exserta
Colletia,paradoxa
Coutarea,hexandra
Mnesithea,aurita
Polycarpon,suffruticosum
Sweetia,fruticosa
Bouteloua,aristidoides
Spartina,alterniflora
Spartina,densiflora
Oenocarpus,distichus
Mauritia,flexuosa
Galeandra,beyrichii
Galeandra,blanchetii
Lockhartia,lunifera
Moranopteris,achilleifolia
Moranopteris,gradata
Moranopteris,setosa
Mauritiella,armata
Pachystroma,longifolium
Gonolobus,cf. parviflorus
Gonolobus,parviflorus
Fevillea,trilobata
Krapovickasia,macrodon
Krapovickasia,urticifolia
Callianthe,amoena
Callianthe,bedfordiana
Callianthe,costicalyx
Callianthe,flava
Callianthe,pauciflora
Callianthe,pickelii
Callianthe,picta
Callianthe,rufinerva
Callianthe,striata
Callianthe,vexillaria
Houlletia,brocklehurstiana
Hedera,canariensis
Melasma,melampyroides
Melasma,rhinanthoides
Rhabdocaulon,lavanduloides
Critoniopsis,quinqueflora
Critoniopsis,stellata
Dieffenbachia,aglaonematifolia
Dieffenbachia,seguine
Osmundastrum,cinnamomeum
Macrocarpaea,rubra
Zollernia,glabra
Zollernia,ilicifolia
Hatschbachiella,polyclada
Hatschbachiella,tweedieana
Scrophularia,peregrina
Rhabdodendron,gardnerianum
Pausandra,morisiana
Symphonia,globulifera
Crossandra,nilotica
Oldenlandia,salzmannii
Rhaphiodon,echinus
Amburana,cearensis
Gymnanthes,klotzschiana
Gymnanthes,schottiana
Cipura,paludosa
Palhinhaea,camporum
Palhinhaea,cernua
Huntleya,meleagris
Synedrella,nodiflora
Barbacenia,conicostigma
Barbacenia,filamentifera
Barbacenia,flava
Barbacenia,glauca
Barbacenia,paranaensis
Barbacenia,rubrovirens
Barbacenia,tomentosa
Osmanthus,fragrans
Lundia,damazioi
Lundia,longa
Lundia,virginalis
Fuirena,robusta
Fuirena,umbellata
Cladium,mariscus
Bolboschoenus,robustus
Exellodendron,cordatum
Amphibromus,quadridentulus
Phragmocarpidium,heringeri
Cheiroglossa,palmata
Tryonia,areniticola
Tryonia,myriophylla
Helanthium,bolivianum
Helanthium,tenellum
Yucca,filamentosa
Yucca,gigantea
Matricaria,chamomilla
Meriania,tetramera
Thaumatocaryon,dasyanthum
Thaumatocaryon,tetraquetrum
Cantinoa,althaeifolia
Cantinoa,heterodon
Cantinoa,muricata
Cantinoa,mutabilis
Cantinoa,plectranthoides
Steyermarkina,pyrifolia
Stillingia,dichotoma
Stillingia,oppositifolia
Nelumbo,nucifera
Schnella,angulosa
Schnella,coronata
Schnella,cupreonitens
Schnella,glabra
Schnella,klugii
Schnella,microstachya
Schnella,outimouta
Schnella,radiata
Gelasine,coerulea
Cochliasanthus,caracalla
Condylostylis,candida
Ancistrotropis,peduncularis
Comanthera,aurifibrata
Comanthera,xeranthemoides
Thryallis,brachystachys
Thryallis,laburnum
Thryallis,latifolia
Thryallis,longifolia
Exostyles,godoyensis
Adelia,membranifolia
Lomariopsis,marginata
Phlebodium,aureum
Phlebodium,pseudoaureum
Salpichlaena,volubilis
Muellera,campestris
Pleroma,aff. fothergillii
Pleroma,arboreum
Pleroma,asperior
Pleroma,caissarum
Pleroma,candolleanum
Pleroma,canescens
Pleroma,clavatum
Pleroma,dubium
Pleroma,dusenii
Pleroma,estrellense
Pleroma,formosum
Pleroma,fothergillii
Pleroma,frigidulum
Pleroma,granulosum
Pleroma,hatschbachii
Pleroma,heteromallum
Pleroma,hospitum
Pleroma,joelsilvae
Pleroma,lhotskyanum
Pleroma,lithophilum
Pleroma,littorale
Pleroma,martiale
Pleroma,molle
Pleroma,oleifolium
Pleroma,pilosum
Pleroma,raddianum
Pleroma,ramboi
Pleroma,reitzii
Pleroma,sellowianum
Pleroma,setosociliatum
Pleroma,stenocarpum
Pleroma,trichopodum
Pleroma,ursinum
Pleroma,urvilleanum
Tinantia,erecta
Blanchetiodendron,blanchetii
Humiriastrum,dentatum
Nicandra,physalodes
Pombalia,atropurpurea
Pombalia,bigibbosa
Pombalia,calceolaria
Pombalia,communis
Pombalia,parviflora
Megaskepasma,erythrochlamys
Trichostigma,octandrum
Malmeanthus,subintegerrimus
Lactuca,serriola
Chionanthus,filiformis
Chionanthus,micranthus
Chionanthus,trichotomus
Baskervilla,paranaensis
Marattia,cicutifolia
Trichanthecium,cyanescens
Trichanthecium,distichophyllum
Trichanthecium,parvifolium
Trichanthecium,pseudisachne
Trichanthecium,schwackeanum
Riencourtia,oblongifolia
Riencourtia,tenuifolia
Amasonia,hirta
Crumenaria,choretroides
Crumenaria,polygaloides
Pseudelephantopus,spicatus
Unonopsis,guatterioides
Sipanea,hispida
Sideroxylon,obtusifolium
Platycerium,bifurcatum
Tetragonia,tetragonoides
Saccharum,angustifolium
Saccharum,asperum
Saccharum,officinarum
Saccharum,villosum
Epilobium,tetragonum
Koeleria,pyramidata
Olneya,tesota
Cyclosorus,interruptus
Cyclosorus,striatus
Sicyos,edulis
Sicyos,polyacanthus
Elleanthus,brasiliensis
Dumortiera,hirsuta
Dysphania,ambrosioides
Sparattosperma,leucanthum
Helosis,cayanensis
Micromeria,graeca
Fumana,laevis
Romulea,ramiflora
Rapistrum,rugosum
Staminodianthus,racemosus
Rhodostemonodaphne,macrocalyx
Acilepidopsis,echitifolia
Triglochin,striata
Egeria,densa
Megathyrsus,maximus
Vittetia,orbiculata
Hydrilla,verticillata
Modiola,caroliniana
Stromanthe,thalia
Stromanthe,tonckat
Sclerochloa,dura
Eupodium,kaulfussii
Schwenckia,americana
Mourera,aspera
Iria,miliacea
Poikilacanthus,bahiensis
Poikilacanthus,glandulosus
Pseudananas,sagenarius
Cliococca,selaginoides
Capsella,bursa-pastoris
Zygostigma,australe
Peristethium,reticulatum
Passovia,ovata
Passovia,pedunculata
Passovia,pyrifolia
Scaphyglottis,brasiliensis
Scaphyglottis,modesta
Phenax,cf. uliginosus
Phenax,sonneratii
Phenax,uliginosus
Taxodium,distichum
Clavija,lancifolia
Clavija,nutans
Trichocentrum,pumilum
Pandanus,utilis
Stephostachys,asperifolia
Stephostachys,mertensii
Disciphania,contraversa
Maxillaria,chrysantha
Maxillaria,crocea
Maxillaria,marginata
Maxillaria,neowiedii
Maxillaria,notylioglossa
Maxillaria,ochroleuca
Maxillaria,paranaensis
Maxillaria,parviflora
Maxillaria,picta
Maxillaria,uncata
Cienfuegosia,affinis
Gaya,gracilipes
Boerhavia,coccinea
Boerhavia,diffusa
Eremogone,juncea
Nopalea,cochenillifera
Myriopus,breviflorus
Myriopus,maculatus
Myriopus,paniculatus
Myriopus,rubicundus
Myriopus,villosus
Tapura,amazonica
Hyeronima,alchorneoides
Vernicia,fordii
Recordia,reitzii
Ramorinoa,girolae
Condea,elegans
Condea,fastigiata
Condea,floribunda
Condea,undulata
Cyanocephalus,apertiflorus
Cyanocephalus,caprariifolius
Cyanocephalus,lippioides
Oocephalus,lythroides
Oocephalus,tenuithyrsus
Leptohyptis,leptostachys
Leptohyptis,siphonantha
Mesosphaerum,sidifolium
Mesosphaerum,suaveolens
Harpalyce,brasiliana
Harpalyce,hilariana
Harpalyce,magnibracteata
Thesium,aphyllum
Leptospron,adenanthum
Sigmoidotropis,speciosa
Acacia,mangium
Acacia,mearnsii
Acacia,podalyriifolia
Hemidictyum,marginatum
Hydrangea,macrophylla
Arenaria,lanuginosa
Escobedia,grandiflora
Agonandra,brasiliensis
Agonandra,excelsa
Commiphora,leptophloeos
Margaritaria,nobilis
Coursetia,rostrata
Psilotum,nudum
Parietaria,debilis
Saccoloma,brasiliense
Saccoloma,elegans
Saccoloma,inaequale
Xylophragma,myrianthum
Hemionitis,tomentosa
Goniopteris,burkartii
Goniopteris,jamesonii
Goniopteris,lugubriformis
Goniopteris,lugubris
Goniopteris,riograndensis
Goniopteris,scabra
Goniopteris,vivipara
Laportea,aestuans
Cryptanthus,dianae
Comolia,ovalifolia
Manilkara,rufula
Manilkara,subsericea
Manilkara,triflora
Manilkara,zapota
Psyllocarpus,asparagoides
Psyllocarpus,goiasensis
Psyllocarpus,laricoides
Physocalyx,aurantiacus
Physocalyx,scaberrimus
Lomaridium,plumieri
Tovomitopsis,paniculata
Souroubea,guianensis
Renvoizea,trinii
Paradisanthus,bahiensis
Agrostis,montevidensis
Himantoglossum,hircinum
Cranfillia,mucronata
Stachys,arvensis
Stachys,byzantina
Psilochilus,modestus
Pusillanthus,pubescens
Schoepfia,brasiliensis
Schoepfia,lucida
Mentha,aquatica
Mentha,piperita
Mentha,spicata
Mentha,suaveolens
Denscantia,cymosa
Diodia,saponariifolia
Telmatoblechnum,serrulatum
Hura,crepitans
Carya,illinoinensis
Myosotis,scorpioides
Plagiochila,raddiana
Tristicha,trifaria
Chryso-hypnum,diminutivum
Macrocoma,orthotrichoides
Holomitrium,arboreum
Holomitrium,crispulum
Homaliodendron,flabellatum
Polytrichum,angustifolium
Polytrichum,commune
Polytrichum,juniperinum
Schlotheimia,rugifolia
Rottboellia,cochinchinensis
Rottboellia,rottboellioides
Perezia,squarrosa
Chenopodium,album
Chenopodium,quinoa
Medicago,lupulina
Medicago,polymorpha
Misopates,orontium
Arctium,minus
Cardionema,ramosissima
Schkuhria,pinnata
Alysicarpus,vaginalis
Centropogon,cornutus
Ertela,trifolia
Pseudoconnarus,macrophyllus
Xiphidium,caeruleum
Bartsia,trixago
Pachyptera,kerere
Anaxagorea,dolichocarpa
Anaxagorea,prinoides
Stachyarrhena,spicata
Stephanotis,floribunda
Pleurophora,anomala
Trischidium,alternum
Cymbopetalum,brasiliense
Symmeria,paniculata
Naucleopsis,caloneura
Compsoneura,ulei
Anomospermum,reticulatum
Cleidion,amazonicum
Cynometra,bauhiniifolia
Cynometra,marginata
Campsiandra,laurifolia
Amphirrhox,longifolia
Rinorea,bahiensis
Rinorea,riana
Drymonia,serrulata
Dodecastigma,integrifolium
Ticorea,froesii
Ochna,serrulata
Parablechnum,cordatum
Parablechnum,regnellianum
Adelphia,hiraea
Callaeum,psilophyllum
Mezia,araujoi
Amorimia,exotropica
Amorimia,rigida
Christella,berroi
Christella,conspersa
Christella,dentata
Christella,hispidula
Neoblechnum,brasiliense
Lomaria,spannagelii
Lomariocycas,schomburgkii
Didymochlaena,truncatula
Amauropelta,amambayensis
Amauropelta,araucariensis
Amauropelta,decurtata
Amauropelta,juergensii
Amauropelta,neglecta
Amauropelta,oligocarpa
Amauropelta,opposita
Amauropelta,pachyrhachis
Amauropelta,ptarmica
Amauropelta,raddii
Amauropelta,recumbens
Amauropelta,regnelliana
Amauropelta,retusa
Amauropelta,rivularioides
Amauropelta,saxicola
Amauropelta,tamandarei
Meniscium,angustifolium
Meniscium,arborescens
Meniscium,maxonianum
Meniscium,serratum
Steiropteris,decussata
Steiropteris,hatschbachii
Steiropteris,leprieurii
Dendrophthora,elliptica
Dendrophthora,warmingii
Mesadenella,cuspidata
Hexasepalum,apiculatum
Hexasepalum,radula
Actinostachys,pennula
Oncorachis,ramosa
Hyparrhenia,bracteata
Hyparrhenia,rufa
Monotagma,plurispicatum
Ischnosiphon,leucophaeus
Guadua,chacoensis
Guadua,tagoara
Retiniphyllum,laxiflorum
Sphagnum,aciphyllum
Sphagnum,palustre
Sphagnum,perichaetiale
Sphagnum,recurvum
Sphagnum,rotundatum
Epipremnum,pinnatum
Taccarum,peregrinum
Pilostyles,blanchetii
Apinagia,riedelii
Micranthemum,umbrosum
Medusantha,crinita
Medusantha,eriophylla
Mazus,pumilus
Arachis,pintoi
Arachis,repens
Monochaetum,bonplandii
Parapolystichum,effusum
Desmoscelis,villosa
Narcissus,jonquilla
Didymoglossum,hymenoides
Didymoglossum,krausii
Marsilea,ancylopoda
Marsilea,polycarpa
Grammitis,fluminensis
Mickelia,scandens
Phymatosorus,scolopendria
Radiovittaria,stipitata
Leucotrichum,organense
Neptunia,oleracea
Neptunia,plena
Campsis,grandiflora
Neja,filiformis
Neja,pinifolia
Malanea,forsteronioides
Capparidastrum,humile
Paubrasilia,echinata
Echium,plantagineum
Oplismenus,hirtellus
Molineria,capitulata
Cambajuva,ulei
Guilleminea,lanuginosa
Sparattanthelium,botocudorum
Sparattanthelium,glabrum
Melanthera,latifolia
Abildgaardia,baeothryon
Koanophyllon,conglobatum
Koanophyllon,consanguineum
Koanophyllon,myrtilloides
Koanophyllon,simillimum
Diploon,cuspidatum
Warrea,warreana
Tovomita,calophyllophylla
Tovomita,guianensis 
Tovomita,laurina
Tovomita,umbellata
Nautilocalyx,pallidus
Trattinnickia,burserifolia
Trattinnickia,rhoifolia
Phenakospermum,guyannense
Cheiloclinium,cognatum
Cheiloclinium,hippocrateoides
Cheiloclinium,obtusum
Cheiloclinium,serratum
Erisma,uncinatum
Panopsis,multiflora
Conceveiba,guianensis
Iriartella,setigera
Duckesia,verrucosa
Capirona,decorticans
Maripa,axilliflora
Ximenia,americana
Onychopetalum,periquino
Gurania,bignoniacea
Gurania,lobata
Tassadia,berteroana
Tassadia,obovata
Funastrum,clausum
Koernickanthe,orbiculata
Digitalis,purpurea
Malouetia,cestroides
Coryanthes,speciosa
Brachystele,guayanensis
Galeottia,ciliata
Homalium,guianense
Homalium,racemosum
Uncaria,guianensis
Tonina,fluviatilis
Pleradenophora,membranifolia
Sacoglottis,mattogrossensis
Oryctanthus,florulentus
Oryctanthus,spicatus
Orthomene,schomburgkii
Lagenaria,siceraria
Anisosperma,passiflora
Lacunaria,jenmanii
Iryanthera,juruensis
Oleandra,pilosa
Aldina,heterophylla
Sobralia,macrophylla
Chamaecostus,lanceolatus
Pseudolmedia,hirtula
Pseudolmedia,laevis
Arthrocereus,melanurus
Heteropsis,reticulata
Heteropsis,rigidifolia
Schaueria,paranaensis
Toxicodendron,succedaneum
Codonanthopsis,calcarata
Helicostylis,tomentosa
Chloroleucon,tortum
Diplotropis,purpurea
Pseudoxandra,duckei
Praecereus,euchlorus
Cardamine,bonariensis
Gibasis,geniculata
Clematicissus,simsiana
Clematicissus,striata
Delphinium,ajacis
Mitostemma,brevifilis
Laetia,americana
Pradosia,brevipes
Pradosia,lactescens
Pacourina,edulis
Apteria,aphylla
Cascabela,thevetia
Philadelphus,caucasicus
Acroceras,zizanioides
Melidiscus,giganteus
Nuttalanthus,canadensis
Anemone,decapetala
Salpichroa,origanifolia
Drymaria,cordata
Ibicella,lutea
Eucharis,grandiflora
Talipariti,pernambucense
Origanum,vulgare
Phyllostachys,aurea
Gypsophila,elegans
Agathis,robusta
Zelometeorium,ambiguum
Zelometeorium,patulum
Leucophyllum,frutescens
Rudbeckia,hirta
Lavandula,angustifolia
Carpotroche,brasiliensis
Tortella,humilis
Tortella,linearis
Thuidium,delicatulum
Bryum,argenteum
Riccia,campbelliana
Riccia,squamata
Thamniopsis,langsdorffii
Hypopterygium,tamarisci
Pyrrhobryum,spiniforme
Microcalpe,subsimplex
Spilanthes,urens
Elatine,lindbergii
Ophioglossum,nudicaule
Ophioglossum,reticulatum
Microtea,glochidiata
Microtea,scabrida
Mesechites,mansoanus
Distimake,aegyptius
Distimake,cissoides
Distimake,dissectus
Distimake,hasslerianus
Distimake,macrocalyx
Distimake,maragniensis
Distimake,tomentosus
Distimake,tuberosus
Sarcoglottis,acaulis
Tarenaya,aculeata
Tarenaya,houtteana
Tarenaya,longicarpa
Tarenaya,parviflora
Tarenaya,rosea
Tarenaya,spinosa
Gymnospora,violoides
Elytraria,imbricata
Isoetes,maxima
Isoetes,organensis
Isoetes,panamensis
Machaonia,acuminata
Craniolaria,integrifolia
Petasites,frigidus
Fritzschia,lanceiflora
Fritzschia,sertularia
Salzmannia,nitida
Salzmannia,plowmanii 
Tetrastylidium,grandifolium
Ophryosporus,regnellii
Ornithopus,micranthus
Ornithopus,sativus
Brickellia,diffusa
Paraia,bracteata
Dittrichia,graveolens
Melpomene,flabelliformis
Melpomene,peruviana
Gymneia,chapadensis
Cnicothamnus,azafran
Cnicothamnus,lorentzii
Triplophyllum,dicksonioides
Triplophyllum,funestum
Graphistylis,serrana
Quillaja,lancifolia
Echinops,sphaerocephalus
Cladanthus,scariosus
Weddellina,squamulosa
Lisianthus,axillaris
Ischaemum,minus
Cuatrecasasiella,argentina
Fleischmannia,laxicephala
Trachypogon,spicatus
Microliabum,candidum
Iva,texensis
Furcraea,foetida
Monteverdia,aquifolium
Monteverdia,ardisiifolia
Monteverdia,dasyclada
Monteverdia,distichophylla
Monteverdia,evonymoides
Monteverdia,floribunda
Monteverdia,glaucescens
Monteverdia,gonoclada
Monteverdia,ilicifolia
Monteverdia,mucugensis
Monteverdia,obtusifolia
Monteverdia,psammophila
Monteverdia,rigida
Monteverdia,schumanniana
Monteverdia,urbaniana
Melampodium,leucanthum
Melampodium,perfoliatum
Deppea,blumenaviensis
Lepechinia,speciosa
Adenophyllum,porophylloides
Dryopteris,wallichiana
Facelis,retusa
Melilotus,albus
Melilotus,indicus
Fagopyrum,esculentum
Selenicereus,chrysocardium
Selenicereus,setaceus
Selenicereus,undatus
Callisia,monandra
Callisia,repens
Stenachaenium,adenanthum
Stenachaenium,campestre
Drimiopsis,maculata
Paliavana,tenuiflora
Hildaea,breviscrobs
Hildaea,pallens
Hildaea,tenuis
Disakisperma,dubium
Mesembryanthemum,cordifolium
Dictyoloma,vandellianum
Oedochloa,procurrens
Turbina,cordata
Salicornia,fruticosa
Stylogyne,pauciflora
Noterophila,limnobios
Didymopanax,angustissimus
Didymopanax,calvus
Didymopanax,distractiflorus
Didymopanax,macrocarpus
Didymopanax,plurifolius
Didymopanax,vinosus 
Homalolepis,ferruginea
Homalolepis,floribunda
Diclidanthera,laurifolia
Conchocarpus,ruber
Ayenia,tomentosa
Pentodon,pentandrus
Rotala,rotundifolia
Macroscepis,morilloana
Scaevola,plumieri
Stenotaphrum,secundatum
Chrysobalanus,icaco
Reissekia,smilacina
Montrichardia,linifera
Fumaria,officinalis
Geum,involucratum
Daustinia,montana
Juniperus,chinensis
Cojoba,sophorocarpa
Vasivaea,alchorneoides
Matisia,ochrocalyx
Discocarpus,essequeboensis
Lindackeria,pauciflora
Atriplex,hortensis
Atriplex,prostrata
Suaeda,spicata
Mesosetum,ferrugineum
Mesosetum,loliiforme
Saxofridericia,compressa
Piranhea,trifoliata
Trachelospermum,jasminoides
Conium,maculatum
Roucheria,calophylla
Botryarrhena,pendula
Herissantia,tiubae
Planaltoa,lychnophoroides
Planaltoa,salviifolia
Frullania,brasiliensis
Isotachis,aubertii
Hedwigia,ciliata
Porotrichum,filiferum
Rhytidiadelphus,triquetrus
Syzygiella,concreta
Syrrhopodon,gaudichaudii
Rhacocarpus,inermis
Rhacocarpus,purpurascens
Orthostichella,pachygastrella
Neurolejeunea,breutelii
Pelekium,minutulum
Lepidozia,incurvata
Trichocolea,argentea
Plagiomnium,rhynchophorum
Mittenothamnium,reduncum
Tylimanthus,laxus
Eustichia,longirostris
Radula,nudicaulis
Herbertus,juniperoideus
Prepusa,viridiflora
Richeria,grandis
Eplingiella,cuniloides
Zamioculcas,zamiifolia
Iochroma,arborescens
Thaumatophyllum,bipinnatifidum
Thaumatophyllum,corcovadense
Thaumatophyllum,uliginosum
Rhodocalyx,riedelii
Rhodocalyx,rotundifolius
Heptapleurum,actinophyllum 
Heptapleurum,arboricola
Lychnophora,hatschbachii
Lychnophora,pinaster
Lychnophora,pohlii
Rorippa ,nasturtium-aquaticum
Karawata ,saxicola
Waltillia ,hatschbachii
Leptobalanus ,apetalus
Leptobalanus ,humilis
Leptobalanus ,octandrus
Leptobalanus ,parvifolius
Campylopus,introflexus
Campylopus,occultus
Tara,spinosa
Biancaea,decapetala 
Cerradicola,boavista
Cerradicola,decumbens
Cerradicola,diversifolia
Cerradicola,elliptica 
Cerradicola,peduncularis
Betencourtia,martii
Betencourtia,neesii
Betencourtia,scarlatina
Betencourtia,stereophylla
Nissolia,brasiliensis
Nissolia,nigricans
Macropsychanthus,bicolor
Macropsychanthus,coriaceus
Macropsychanthus,grandiflorus
Macropsychanthus,violaceus
Nanogalactia,pretiosa
Parasenegalia,miersii
Feijoa,sellowiana
Cinnagrostis,rupestris
Cinnagrostis,viridiflavescens
Taquara,micrantha
Matourea ,platychila
Sarcomphalus,joazeiro
Sarcomphalus,platyphyllus
Kalimeris,japonica
Arabidopsis,halleri
Moquilea,minutiflora
Moquilea,tomentosa
Calyptrocarya,glomerulata
Spirotheca,rivieri
Ptychomitrium,angusticarpum
Marchantia,chenopoda
Marchantia,papillata
Leucobryum,crispum
Microchilus,arietinus
Microchilus,kuczynskii
Microchilus,longicornu
Coccinia,grandis
Trichosanthes,cucumerina
Cleome,houtteana
Phaeoceros,laevis
Cryptomeria,japonica
Philyra,brasiliensis
Urospatha,sagittifolia
Festuca,fimbriata
Festuca,ulochaeta
Neocalyptrocalyx,longifolium
Neocalyptrocalyx,nectareus
Aciotis,annua
Aciotis,indecora
Aciotis,paludosa
Ligaria,cuneifolia
Parkinsonia,aculeata
Bowlesia,incana
Hypolepis,stolonifera
Sommerfeltia,spinulosa
Spergularia,grandis
Cystopteris,diaphana
Willeella,brachyclados
Nephrolepis,biserrata
Nephrolepis,brownii
Nephrolepis,cordifolia
Nephrolepis,exaltata
Nephrolepis,pectinata
Nephrolepis,pendula
Nephrolepis,rivularis
Pyropia,spiralis
Arthropogon,filifolius
Acanthophora,spicifera
Ctenium,brevispicatum
Tetradenia,riparia
Callitriche,rimosa
Eurystyles,actinosophila
Micropholis,emarginata
Micropholis,venulosa
Poeppigia,procera
X Butyagrus,paranaënsis
Drimia,maritima
Ranunculus,bonariensis
Ranunculus,muricatus
Ranunculus,repens
Pelazoneuron,berroi
Phyla,betulifolia
Phyla,nodiflora
Lasiolaena,blanchetii
Lasiolaena,duartei
Lasiolaena,lychnophorioides
Moldenhawera,blanchetiana
Discophora,guianensis
Malaxis,engelsii
Pelexia,novofriburgensis
Aloe,arborescens
Cynara,scolymus
Abolboda,poarchon
Oxossia,calyptrocarpa
Oxossia,hebepetala
Colicodendron,yco
Averrhoidium,gardnerianum
Lecythis,ibiriba
Raddia,soderstromii
Ditaxis,desertorum
Hymenolobium,janeirense
Blanchetia,heterotricha
Metternichia,principis
Tabaroa,caatingicola
Acosmium,diffusissimum
Piriqueta,breviseminata
Piriqueta,cistoides
Piriqueta,crenata
Piriqueta,duarteana
Piriqueta,morongii
Piriqueta,racemosa
Piriqueta,sidifolia
Piriqueta,taubatensis
Turnera,bahiensis
Turnera,fernandezii
Turnera,genistoides
Turnera,hermannioides
Turnera,incana
Turnera,joelii
Turnera,meloquioides
Turnera,oblongifolia
Turnera,orientalis
Turnera,scabra
Turnera,serrata
Turnera,subulata
Turnera,ulmifolia
Alsidium,seaforthii
Bostrychia,tenella
Ulva,fasciata
Ophiopogon,japonicus
Phalaris,canariensis
Babiana,nervosa
Bulbine,frutescens
Kniphofia,uvaria
Hemerocallis,citrina
Hemerocallis,lilioasphodelus
Beauverdia,sellowiana
Azara,uruguayensis
Morinda,citrifolia
Sagina,chilensis
Ambelania,acida
Colliguaja,brasiliensis
Besleria,longimucronata
Besleria,selloana
Rhodospatha,latifolia
Cicer,arietinum
Nepsera,aquatica
Bernardinia,fluminensis
Galipea,jasminiflora
Heisteria,blanchetiana
Heisteria,citrifolia
Heisteria,ovata
Heisteria,perianthomega
Heisteria,scandens
Heisteria,silvianii
Arrojadoa,rhodantha
Diacranthera,ulei
Adenophaedra,megalophylla
Agrimonia,parviflora
Physominthe,vitifolia
Cordia,africana
Cordia,americana
Cordia,bicolor
Cordia,brasiliensis
Cordia,ecalyculata
Cordia,glabrata
Cordia,hatschbachii
Cordia,insignis
Cordia,magnoliifolia
Cordia,naidophila
Cordia,nodosa
Cordia,rufescens
Cordia,sagotii
Cordia,sellowiana
Cordia,superba
Cordia,taguahyensis
Cordia,trachyphylla
Cordia,trichoclada
Cordia,trichotoma
Cathedra,acuminata
Camarea,affinis
Klotzschia,brasiliensis
Proteopsis,argentea
Cipocereus,minensis
Dendrocalamus,giganteus
Plectocephalus,tweediei
Craniolaria,integrifolia
Sphenoclea,zeylanica
Polytaenium,lineatum
Acanthosyris,spinescens
Cunninghamia,lanceolata
Piparea,dentata
Glischrothamnus,ulei
Ruehssia,altissima
Ruehssia,hilariana
Ruehssia,macrophylla
Cola,acuminata
Mammea,americana
Acritopappus,confertus
Acritopappus,morii
Griffinia,gardneriana
Pogonophora,schomburgkiana
Floribundaria,flaccida
Cymbalaria,muralis
Centella,asiatica
Primula,malacoides
Kigelia,africana
Ginkgo,biloba
Papilionanthe,teres
Jamesonia,insignis
Lyroglossa,grisebachii
Godmania,dardanoi
Cephalostemon,riedelianus
Suessenguthia,trochilophila
Sporadanthus,tasmanicus
Napeanthus,reitzii
Cryptotaenia,canadensis
Nephradenia,asparagoides
Symmeria,paniculata
